inchikey,smiles,name,aliases,papers,pagerank
PRWATGACIORDEL-UHFFFAOYSA-N,C1=CC=C2C(=C1)C3=CC=CC=C3N2C4=C(C(=C(C(=C4C#N)N5C6=CC=CC=C6C7=CC=CC=C75)N8C9=CC=CC=C9C1=CC=CC=C18)N1C2=CC=CC=C2C2=CC=CC=C21)C#N,4CzIPN (2 mol %),"4CzIPN, 4-CzIPN, PC-6, 3DPAFIPN, PC-2, 7, 4CzIPN (5 mol%), PC-I, 4CzIPN (2 mol%), 4CzIPN (4 mol%), II, PC-3 (4CzIPN), 11, 4CzIPN (2 mol %)","1-s2.0-S2666554920300478-main, Alandini_Angewandte Chemie International Edition_10.1002_anie.202000224, Angew Chem Int Ed - 2019 - Meng - Controllable Isomerization of Alkenes by Dual Visible‐Light‐Cobalt Catalysis, Asymmetric_1,4-functionalization_of_1,3-enynes_via_dual_photoredox_and_chromium_catalysis, Banjare et al. - 2025 - Radical C─H‐Aroylation of Allenes via Cooperative Photoredox and N ‐Heterocyclic Carbene Cata, Baussière and Haugland - 2023 - Radical Group Transfer of Vinyl and Alkynyl Silanes Driven by Photoredox Catalysis, Bhaskar Pal et al. - 2023 - Stereospecific Photoredox‐Catalyzed Vinylations to Functionalized Alkenes and C ‐Glycosides, Bárbara et al. - 2025 - Protecting group-free photocatalyzed O-arylation of quinic acid, Carbene_and_photocatalyst-catalyzed_decarboxylative_radical_coupling_of_carboxylic_acids_and_acyl_imidazoles_to_form_ket, Cardinale et al. - 2020 - Photoredox‐Catalyzed Addition of Carbamoyl Radicals to Olefins A 1,4‐Dihydropyridine Approach, Chemistry A European J - 2022 - Prentice - Multi‐Resonant Thermally Activated Delayed Fluorescent  MR‐TADF  Compounds as, Combining_photoredox_catalysis_and_hydrogen_atom_transfer_for_dearomative_functionalization_of_electron_rich_heteroarene, Cooperative_photoredox_and_N-heterocyclic_carbene-catalyzed_formal_CH_acylation_of_cyclopropanes_iviai_a_deconstructionr, Diastereoselective_and_enantioselective_photoredox_pinacol_coupling_promoted_by_titanium_complexes_with_a_red-absorbing_, Fan et al. - 2023 - PhotoredoxHAT dual-catalyzed carboxylation of benzyl chlorides with CO2 using thiophenolate and for, Photocatalytic_synthesis_of_tetra-substituted_furans_promoted_by_carbon_dioxide, Photoinduced_CoNi-cocatalyzed_Markovnikov_hydroarylation_of_unactivated_olefins_with_aryl_bromides, Photoredox-catalyzed_dicarbofunctionalization_of_styrenes_with_amines_and_COsub2sub_a_convenient_access_to_-amino_acids, Reductive_dearomative_arylcarboxylation_of_indoles_with_CO2_via_visible-light_photoredox_catalysis, Straightforward_synthesis_of_functionalized_-Lactams_using_impure_CO2_stream_as_the_carbon_source, Tertiary_Alcohols_as_Radical_Precursors_for_the_Introduction_of_Tertiary_Substituents_into_Heteroarenes, Transition_metal-free_visible_light_photoredox-catalyzed_remote_Csp3H_borylation_enabled_by_1,5-hydrogen_atom_transfer, Visible_light-mediated_organocatalyzed_1,3-aminoacylation_of_cyclopropane_employing_N-benzoyl_saccharin_as_bifunctional_, ao3c10008, au4c00902, catalysts-13-01007-v2, catalysts-13-01126, cs2c04736, d1ra07314a, d2ra07064b, d3sc04645a, fchem-10-1087834, gg3c00053, ja3c06524, ja4c02474, ja4c05272, jo2c02952, molecules-27-01980-v2, ol3c01795, ol3c02389, ol4c02700, ol5c01129, sc5c11241, shi-et-al-2020-photoinduced-transition-metal-free-alkynylation-of-alkyl-pinacol-boronates",0.002375
WEVYAHXRMPXWCK-UHFFFAOYSA-N,CC#N,Acetonitrile (CH3CN only; no CH2Cl2…,"Acetonitrile (MeCN), Acetonitrile (CH3CN), acetonitrile, Acetonitrile (CH3CN only; no CH2Cl2), MeCN, Acetonitrile, CH3CN, acetonitrile (CH3CN), ACN, MeCN (Acetonitrile)","Accessing_chiral_sulfones_bearing_quaternary_carbon_stereocenters_via_photoinduced_radical_sulfur_dioxide_insertion_and_, Angew Chem Int Ed - 2019 - Meng - Controllable Isomerization of Alkenes by Dual Visible‐Light‐Cobalt Catalysis, Asymmetric_1,4-functionalization_of_1,3-enynes_via_dual_photoredox_and_chromium_catalysis, Banjare et al. - 2025 - Radical C─H‐Aroylation of Allenes via Cooperative Photoredox and N ‐Heterocyclic Carbene Cata, Baussière and Haugland - 2023 - Radical Group Transfer of Vinyl and Alkynyl Silanes Driven by Photoredox Catalysis, Bhaskar Pal et al. - 2023 - Stereospecific Photoredox‐Catalyzed Vinylations to Functionalized Alkenes and C ‐Glycosides, Borate_esters_as_convenient_reagents_for_direct_amidation_of_carboxylic_acids_and_transamidation_of_primary_amides, Brambilla et al. - 2023 - Synthesis of Indole‐Fused 1,4‐Diazepinones via Photoredox‐Catalyzed Cascade Cyclization Reaction, Bárbara et al. - 2025 - Protecting group-free photocatalyzed O-arylation of quinic acid, Calogero et al. - 2022 - A Photoredox Nozaki‐Hiyama Reaction Catalytic in Chromium, Carbene_and_photocatalyst-catalyzed_decarboxylative_radical_coupling_of_carboxylic_acids_and_acyl_imidazoles_to_form_ket, Cardinale et al. - 2020 - Photoredox‐Catalyzed Addition of Carbamoyl Radicals to Olefins A 1,4‐Dihydropyridine Approach, Chemistry A European J - 2022 - Prentice - Multi‐Resonant Thermally Activated Delayed Fluorescent  MR‐TADF  Compounds as, ChromiumCatalyzed_PinacolType_CrossCoupling_Studies_on_Stereoselectivity, Cooperative_photoredox_and_N-heterocyclic_carbene-catalyzed_formal_CH_acylation_of_cyclopropanes_iviai_a_deconstructionr, Diastereoselective_and_enantioselective_photoredox_pinacol_coupling_promoted_by_titanium_complexes_with_a_red-absorbing_, Direct_CH_difluoromethylation_of_heterocycles_via_organic_photoredox_catalysis, Direct_evidence_of_charge_separation_in_a_metalorganic_framework_efficient_and_selective_photocatalytic_oxidative_coupli, Direct_sulfonylation_of_anilines_mediated_by_visible_light, Dubois et al. - 2023 - Visible Light Photoredox-Catalyzed Decarboxylative Alkylation of 3-Aryl-Oxetanes and Azetidines via, Duhail et al. - 2021 - Radical α-Trifluoromethoxylation of Ketones under Batch and Flow Conditions by Means of Organic Phot, Electrochemical_deoxygenative_trifluoromethylallenylation_of_propargylic_alcohols_iviai_sodium-mediated_pre-association, Nickel-catalyzed_allylic_defluorinative_alkylation_of_trifluoromethyl_alkenes_with_reductive_decarboxylation_of_redox-ac, No_photocatalyst_required__versatile,_visible_light_mediated_transformations_with_polyhalomethanes, Photoactive_electron_donoracceptor_complex_platform_for_Ni-mediated_Cspsup3supCspsup2sup_bond_formation, Photoredox-catalyzed_dicarbofunctionalization_of_styrenes_with_amines_and_COsub2sub_a_convenient_access_to_-amino_acids, Rutheniumscpiiscp-catalyzed_chemoselective_deacylative_annulation_of_1,3-diones_with_sulfoxonium_ylides_iviai_CC_bond_ac, Suzuki-type_cross-coupling_of_alkyl_trifluoroborates_with_acid_fluoride_enabled_by_NHCphotoredox_dual_catalysis, Synthesis_of_a_polyisobutylene-tagged_fac-Irppysub3sub_complex_and_its_application_as_recyclable_visible-light_photocata, Thianthrenium-Enabled_Chromium-Catalyzed_Deuterated_Alkyl_Addition_to_Aldehydes_via_Photoactive_Electron_Donor-Acceptor_, Tunable_CH_functionalization_and_dearomatization_enabled_by_an_organic_photocatalyst, Visible-Light-Mediated_Deaminative_Three-Component_Dicarbofunctionalization_of_Styrenes_with_Benzylic_Radicals, Visible-light-induced_radical_hydrodifluoromethylation_of_alkenes, Visible_light-mediated_oxidative_decarboxylation_of_arylacetic_acids_into_benzyl_radicals_addition_to_electron-deficient, Zheng et al. - 2018 - Catalytic C−H Trifluoromethoxylation of Arenes and Heteroarenes, au4c00902, catalysts-13-01007-v2, catalysts-13-01126, cs2c04736, d1ra07314a, fchem-10-1087834, ja3c06524, jo2c02952, ol3c01795, ol4c02700, sc5c11241",0.001457
ZMXDDKWLCZADIW-UHFFFAOYSA-N,CN(C)C=O,"N,N-Dimethylformamide (DMF)","Dimethylformamide (DMF), DMF, N,N-Dimethylformamide (DMF), Dimethylformamide, N,N-dimethylformamide, THF/DMF, dimethylformamide, degassed DMF, DMF concentration, N,N-dimethylformamide (DMF), DMF (N,N-Dimethylformamide)","1-s2.0-S2666554920300478-main, Abdiaj - Improving the throughput of batch photochemical reactions using flow Dual photoredox and nickel cat, Access_to_a_new_class_of_synthetic_building_blocks_via_trifluoromethoxylation_of_pyridines_and_pyrimidines, Angew Chem Int Ed - 2019 - Meng - Controllable Isomerization of Alkenes by Dual Visible‐Light‐Cobalt Catalysis, Arylcarboxylation_of_unactivated_alkenes_with_CO2_via_visible-light_photoredox_catalysis, Baussière and Haugland - 2023 - Radical Group Transfer of Vinyl and Alkynyl Silanes Driven by Photoredox Catalysis, Brambilla et al. - 2023 - Synthesis of Indole‐Fused 1,4‐Diazepinones via Photoredox‐Catalyzed Cascade Cyclization Reaction, Bárbara et al. - 2025 - Protecting group-free photocatalyzed O-arylation of quinic acid, CH_functionalization_of_amines_with_aryl_halides_by_nickel-photoredox_catalysis, Catalytic_N-radical_cascade_reaction_of_hydrazones_by_oxidative_deprotonation_electron_transfer_and_TEMPO_mediation, ChromiumCatalyzed_PinacolType_CrossCoupling_Studies_on_Stereoselectivity, Cooperative_photoredox_and_N-heterocyclic_carbene-catalyzed_formal_CH_acylation_of_cyclopropanes_iviai_a_deconstructionr, Diastereoselective_and_enantioselective_photoredox_pinacol_coupling_promoted_by_titanium_complexes_with_a_red-absorbing_, Dual_goldphotoredox-catalyzed_CspH_arylation_of_terminal_alkynes_with_diazonium_salts, Dubois et al. - 2023 - Visible Light Photoredox-Catalyzed Decarboxylative Alkylation of 3-Aryl-Oxetanes and Azetidines via, Dutta et al. - 2021 - Visible light-promoted synthesis of pyrrolidinone derivatives via Rose Bengal as a photoredox, Electrochemical_deoxygenative_trifluoromethylallenylation_of_propargylic_alcohols_iviai_sodium-mediated_pre-association, Electrochemical_selective_hydrocarboxylation_of_acrylamides_with_carbon_dioxide_for_precise_control_of_-_and_-carboxylat, Fan et al. - 2023 - PhotoredoxHAT dual-catalyzed carboxylation of benzyl chlorides with CO2 using thiophenolate and for, Nickel-catalyzed_allylic_defluorinative_alkylation_of_trifluoromethyl_alkenes_with_reductive_decarboxylation_of_redox-ac, Photocatalytic_synthesis_of_tetra-substituted_furans_promoted_by_carbon_dioxide, Photoinduced_CoNi-cocatalyzed_Markovnikov_hydroarylation_of_unactivated_olefins_with_aryl_bromides, Photoredox-catalyzed_dicarbofunctionalization_of_styrenes_with_amines_and_COsub2sub_a_convenient_access_to_-amino_acids, Ptscpiiscp_coordination_complexes_as_visible_light_photocatalysts_for_the_oxidation_of_sulfides_using_batch_and_flow_pro, Reductive_dearomative_arylcarboxylation_of_indoles_with_CO2_via_visible-light_photoredox_catalysis, Straightforward_synthesis_of_functionalized_-Lactams_using_impure_CO2_stream_as_the_carbon_source, Suzuki-type_cross-coupling_of_alkyl_trifluoroborates_with_acid_fluoride_enabled_by_NHCphotoredox_dual_catalysis, Thianthrenium-Enabled_Chromium-Catalyzed_Deuterated_Alkyl_Addition_to_Aldehydes_via_Photoactive_Electron_Donor-Acceptor_, Visible-light-induced_radical_hydrodifluoromethylation_of_alkenes, Visible-light-mediated_Minisci_CH_alkylation_of_heteroarenes_with_unactivated_alkyl_halides_using_Osub2sub_as_an_oxidant, Visible_light-mediated_oxidative_decarboxylation_of_arylacetic_acids_into_benzyl_radicals_addition_to_electron-deficient, au4c00902, catalysts-13-01007-v2, catalysts-13-01126, d2ra07064b, fchem-10-1087834, gg3c00053, jo2c02952, ol3c01795, ol3c02389, ol4c02700",0.001253
IAZDPXIOMUYVGZ-UHFFFAOYSA-N,CS(=O)C,Dimethyl sulfoxide (DMSO),"DMSO, Dimethyl sulfoxide (DMSO), Dimethyl sulfoxide, DMSO (dimethyl sulfoxide), dimethyl sulfoxide, DMSO:H2O (9:1), DMSO:H2O (1:1)","Abdiaj - Improving the throughput of batch photochemical reactions using flow Dual photoredox and nickel cat, Angew Chem Int Ed - 2019 - Meng - Controllable Isomerization of Alkenes by Dual Visible‐Light‐Cobalt Catalysis, Aryl_radical-mediated_N-heterocyclic_carbene_catalysis, Arylcarboxylation_of_unactivated_alkenes_with_CO2_via_visible-light_photoredox_catalysis, Borate_esters_as_convenient_reagents_for_direct_amidation_of_carboxylic_acids_and_transamidation_of_primary_amides, Boselli et al. - 2025 - Visible‐Light Photoredox Catalytic Direct N ‐(Het)Arylation of Lactams, Bárbara et al. - 2025 - Protecting group-free photocatalyzed O-arylation of quinic acid, Cooperative_photoredox_and_N-heterocyclic_carbene-catalyzed_formal_CH_acylation_of_cyclopropanes_iviai_a_deconstructionr, Direct_CH_difluoromethylation_of_heterocycles_via_organic_photoredox_catalysis, Electrochemical_deoxygenative_trifluoromethylallenylation_of_propargylic_alcohols_iviai_sodium-mediated_pre-association, Electrochemical_selective_hydrocarboxylation_of_acrylamides_with_carbon_dioxide_for_precise_control_of_-_and_-carboxylat, Fan et al. - 2023 - PhotoredoxHAT dual-catalyzed carboxylation of benzyl chlorides with CO2 using thiophenolate and for, Nickel-catalyzed_allylic_defluorinative_alkylation_of_trifluoromethyl_alkenes_with_reductive_decarboxylation_of_redox-ac, Photoactive_electron_donoracceptor_complex_platform_for_Ni-mediated_Cspsup3supCspsup2sup_bond_formation, Photocatalytic_reverse_polarity_Povarov_reaction, Photoredox-catalyzed_dicarbofunctionalization_of_styrenes_with_amines_and_COsub2sub_a_convenient_access_to_-amino_acids, Reductive_dearomative_arylcarboxylation_of_indoles_with_CO2_via_visible-light_photoredox_catalysis, Straightforward_synthesis_of_functionalized_-Lactams_using_impure_CO2_stream_as_the_carbon_source, Switching_mesoionic_carbene-organocatalysis_from_radical_to_ionic_pathway_through_base-controlled_formation_of_Breslow_i, Tertiary_Alcohols_as_Radical_Precursors_for_the_Introduction_of_Tertiary_Substituents_into_Heteroarenes, Tunable_CH_functionalization_and_dearomatization_enabled_by_an_organic_photocatalyst, Visible_light-mediated_oxidative_decarboxylation_of_arylacetic_acids_into_benzyl_radicals_addition_to_electron-deficient, au4c00902, catalysts-13-01126, d2ra07064b, fchem-10-1087834, gg3c00053, ol3c01795, ol4c02700, sc5c11241",0.001238
FJDQFPXHSGXQBY-UHFFFAOYSA-L,C(=O)([O-])[O-].[Cs+].[Cs+],Cs2CO3 (cesium carbonate),"Cs2CO3, Cs2CO3 (3.0 equiv), Cs2CO3 (1.5 equiv), Cs2CO3 (cesium carbonate)","1-s2.0-S2666554920300478-main, Access_to_a_new_class_of_synthetic_building_blocks_via_trifluoromethoxylation_of_pyridines_and_pyrimidines, Aryl_radical-mediated_N-heterocyclic_carbene_catalysis, Arylcarboxylation_of_unactivated_alkenes_with_CO2_via_visible-light_photoredox_catalysis, Banjare et al. - 2025 - Radical C─H‐Aroylation of Allenes via Cooperative Photoredox and N ‐Heterocyclic Carbene Cata, Bárbara et al. - 2025 - Protecting group-free photocatalyzed O-arylation of quinic acid, Cooperative_photoredox_and_N-heterocyclic_carbene-catalyzed_formal_CH_acylation_of_cyclopropanes_iviai_a_deconstructionr, Dubois et al. - 2023 - Visible Light Photoredox-Catalyzed Decarboxylative Alkylation of 3-Aryl-Oxetanes and Azetidines via, NHC_and_visible_light-mediated_photoredox_co-catalyzed_1,4-sulfonylacylation_of_1,3-enynes_for_tetrasubstituted_allenyl_, Photocatalytic_synthesis_of_tetra-substituted_furans_promoted_by_carbon_dioxide, Photodehydrogenation_of_alcohols_catalysed_by_a_single_ruthenium_N-Heterocyclic_carbene_complex, Reductive_dearomative_arylcarboxylation_of_indoles_with_CO2_via_visible-light_photoredox_catalysis, Rutheniumscpiiscp-catalyzed_chemoselective_deacylative_annulation_of_1,3-diones_with_sulfoxonium_ylides_iviai_CC_bond_ac, Selective_single_CF_bond_arylation_of_trifluoromethylalkene_derivatives, Suzuki-type_cross-coupling_of_alkyl_trifluoroborates_with_acid_fluoride_enabled_by_NHCphotoredox_dual_catalysis, Visible_light-mediated_organocatalyzed_1,3-aminoacylation_of_cyclopropane_employing_N-benzoyl_saccharin_as_bifunctional_, au4c00902, fchem-10-1087834, ol4c02700",0.000914
HXITXNWTGFUOAU-UHFFFAOYSA-N,OB(O)c1ccccc1,phenylboronic acid,"PhB(OH)2, phenylboronic acid","Nickel-catalyzed_cyclization_of_alkyne-nitriles_with_organoboronic_acids_involving_anti-carbometalation_of_alkynes, Photocatalytic_metalorganic_frameworks_for_the_aerobic_oxidation_of_arylboronic_acids, Selective_single_CF_bond_arylation_of_trifluoromethylalkene_derivatives",0.000834
MUBKQBHLWISCOS-UHFFFAOYSA-L,OB(O)c1ccccc1.[Cs+].[Cs+].[O-]C([O-])=O,C7H7BCs2O5,"Cs 2 CO 3, K 2 CO 3, Cs 2 CO 3 d, P(C 6 F 5 ) 3",Nickel-catalyzed_cyclization_of_alkyne-nitriles_with_organoboronic_acids_involving_anti-carbometalation_of_alkynes,0.000819
YMWUJEATGCHHMB-UHFFFAOYSA-N,C(Cl)Cl,Dichloromethane (reaction concentra…,"Dichloromethane (no H2O), Dichloromethane, Dichloromethane (DCM), Dichloromethane (CH2Cl2 only; no CH3CN), Dichloromethane (CH2Cl2), DCM (2), DCM (1), DCM (4), DCM (8), Dichloromethane (reaction concentration)","A_general_deoxygenation_approach_for_synthesis_of_ketones_from_aromatic_carboxylic_acids_and_alkenes, Angew Chem Int Ed - 2019 - Meng - Controllable Isomerization of Alkenes by Dual Visible‐Light‐Cobalt Catalysis, Angew Chem Int Ed - 2021 - Amos - Direct Photoexcitation of Ethynylbenziodoxolones  An Alternative to Photocatalysis for, Banjare et al. - 2025 - Radical C─H‐Aroylation of Allenes via Cooperative Photoredox and N ‐Heterocyclic Carbene Cata, Bond_cleavage,_fragment_modification_and_reassembly_in_enantioselective_three-component_reactions, Cardinale et al. - 2020 - Photoredox‐Catalyzed Addition of Carbamoyl Radicals to Olefins A 1,4‐Dihydropyridine Approach, Combining_photoredox_catalysis_and_hydrogen_atom_transfer_for_dearomative_functionalization_of_electron_rich_heteroarene, Goto and Ohmiya - 2025 - Distal C–H functionalization of alkoxyarenes through organic photoredox-catalyzed radical–radical co, Lead-Halide_Perovskites_for_Photocatalytic_-Alkylation_of_Aldehydes, NHC_and_visible_light-mediated_photoredox_co-catalyzed_1,4-sulfonylacylation_of_1,3-enynes_for_tetrasubstituted_allenyl_, Thianthrenium-Enabled_Chromium-Catalyzed_Deuterated_Alkyl_Addition_to_Aldehydes_via_Photoactive_Electron_Donor-Acceptor_, Tunable_CH_functionalization_and_dearomatization_enabled_by_an_organic_photocatalyst, Yin et al. - 2020 - Photoredox Catalytic Trifluoromethylation and Perfluoroalkylation of Arenes Using Trifluoroacetic an, ja4c02474",0.000809
KUWAHGSTTYQIHT-IDCFCIFXSA-N,OC(C1=CC=C(C2=CC=CC=C2)C=C1)(C1=CC=C(C2=CC=CC=C2)C=C1)[C@@H]1C[C@@H](O[Si](C2=CC=CC=C2)(C2=CC=CC=C2)C(C)(C)C)CN1C(=O)C1=C(N2CCCC2)C=CN=C1,C55H55N3O3Si,C1,Silverchiral_pyrrolidinopyridine_relay_catalytic_cycloisomerization2  3_cycloadditions_of_enynamides_to_asymmetrically_s,0.000658
WYURNTSHIVDZCO-UHFFFAOYSA-N,C1CCOC1,Tetrahydrofuran (THF) (molecular si…,"Tetrahydrofuran (THF), THF, tetrahydrofuran, Tetrahydrofuran (THF) (molecular sieves, predried), Tetrahydrofuran (freshly distilled THF), Tetrahydrofuran (freshly distilled THF + H2O), THF (2)","A_chiral_nickel_DBFOX_complex_as_a_bifunctional_catalyst_for_visible-light-promoted_asymmetric_photoredox_reactions, Abdiaj - Improving the throughput of batch photochemical reactions using flow Dual photoredox and nickel cat, Access_to_a_new_class_of_synthetic_building_blocks_via_trifluoromethoxylation_of_pyridines_and_pyrimidines, Alandini_Angewandte Chemie International Edition_10.1002_anie.202000224, Angew Chem Int Ed - 2019 - Meng - Controllable Isomerization of Alkenes by Dual Visible‐Light‐Cobalt Catalysis, Asymmetric_1,4-functionalization_of_1,3-enynes_via_dual_photoredox_and_chromium_catalysis, Baussière and Haugland - 2023 - Radical Group Transfer of Vinyl and Alkynyl Silanes Driven by Photoredox Catalysis, Borate_esters_as_convenient_reagents_for_direct_amidation_of_carboxylic_acids_and_transamidation_of_primary_amides, Bárbara et al. - 2025 - Protecting group-free photocatalyzed O-arylation of quinic acid, Catalytic_N-radical_cascade_reaction_of_hydrazones_by_oxidative_deprotonation_electron_transfer_and_TEMPO_mediation, Catalytic_asymmetric_radical_aminoperfluoroalkylation_and_aminodifluoromethylation_of_alkenes_to_versatile_enantioenrich, ChromiumCatalyzed_PinacolType_CrossCoupling_Studies_on_Stereoselectivity, Copper-catalysed_photoinduced_decarboxylative_alkynylation_a_combined_experimental_and_computational_study, Copper-catalyzed_regio-_and_stereo-selective_hydrosilylation_of_terminal_allenes_to_access_E-allylsilanes, Das et al. - 2018 - Copper catalyzed photoredox synthesis of α-keto esters, quinoxaline, and naphthoquinone controlled, Diastereoselective_and_enantioselective_photoredox_pinacol_coupling_promoted_by_titanium_complexes_with_a_red-absorbing_, Dutta et al. - 2021 - Visible light-promoted synthesis of pyrrolidinone derivatives via Rose Bengal as a photoredox, Lead-Halide_Perovskites_for_Photocatalytic_-Alkylation_of_Aldehydes, NHC_and_visible_light-mediated_photoredox_co-catalyzed_1,4-sulfonylacylation_of_1,3-enynes_for_tetrasubstituted_allenyl_, Nickel-catalyzed_allylic_defluorinative_alkylation_of_trifluoromethyl_alkenes_with_reductive_decarboxylation_of_redox-ac, Nickel-catalyzed_cyclization_of_alkyne-nitriles_with_organoboronic_acids_involving_anti-carbometalation_of_alkynes, Photoactive_electron_donoracceptor_complex_platform_for_Ni-mediated_Cspsup3supCspsup2sup_bond_formation, Photoredox-catalyzed_dicarbofunctionalization_of_styrenes_with_amines_and_COsub2sub_a_convenient_access_to_-amino_acids, Switching_mesoionic_carbene-organocatalysis_from_radical_to_ionic_pathway_through_base-controlled_formation_of_Breslow_i, Thianthrenium-Enabled_Chromium-Catalyzed_Deuterated_Alkyl_Addition_to_Aldehydes_via_Photoactive_Electron_Donor-Acceptor_, Visible_light-mediated_organocatalyzed_1,3-aminoacylation_of_cyclopropane_employing_N-benzoyl_saccharin_as_bifunctional_, Ye et al. - 2023 - Photoredox-enabled remote radical group migration Pathway to 1,7-dicarbonyl compounds from diazoalk, au4c00902, catalysts-13-01007-v2, d2ra07064b, fchem-10-1087834, iOrthoi_CH_arylation_of_arenes_at_room_temperature_using_visible_light_ruthenium_CH_activation, ja4c02474, ol3c02389, shi-et-al-2020-photoinduced-transition-metal-free-alkynylation-of-alkyl-pinacol-boronates",0.000658
LJXTYJXBORAIHX-UHFFFAOYSA-N,CCOC(=O)C1=C(NC(=C(C1)C(=O)OCC)C)C,"Hantzsch ester (1,4-dihydropyridine…","HEH, Hantzsch ester (1,4-dihydropyridine), HE, HE1 (Hantzsch ester), Hantzsch ester, Hantzsch ester (1.5 equiv.), Hantzsch ester (HE), HE (3.0 equiv), Hantzsch ester (3), NaHCO 3, Cs 2 CO 3","Angew Chem Int Ed - 2019 - Meng - Controllable Isomerization of Alkenes by Dual Visible‐Light‐Cobalt Catalysis, Boselli et al. - 2023 - Enantioselective Catalytic Addition of N‐Acyl Radicals In Batch and In Flow Organophotoredox α‐Amin, Photoactive_electron_donoracceptor_complex_platform_for_Ni-mediated_Cspsup3supCspsup2sup_bond_formation, Photocatalytic_reverse_polarity_Povarov_reaction, Photoinduced_CoNi-cocatalyzed_Markovnikov_hydroarylation_of_unactivated_olefins_with_aryl_bromides, Synthesis_of_a_polyisobutylene-tagged_fac-Irppysub3sub_complex_and_its_application_as_recyclable_visible-light_photocata, Thianthrenium-Enabled_Chromium-Catalyzed_Deuterated_Alkyl_Addition_to_Aldehydes_via_Photoactive_Electron_Donor-Acceptor_, Tunable_CH_functionalization_and_dearomatization_enabled_by_an_organic_photocatalyst, Visible-light-induced_radical_hydrodifluoromethylation_of_alkenes",0.000654
FXHOOIRPVKKKFG-UHFFFAOYSA-N,CC(=O)N(C)C,"N,N-dimethylacetamide (DMAc)","DMA, N,N-Dimethylacetamide (DMA), N,N-Dimethylacetamide, Dimethylacetamide (DMA), DMAc, N,N-dimethylacetamide (DMAc), DMAC","Abdiaj - Improving the throughput of batch photochemical reactions using flow Dual photoredox and nickel cat, Banerjee et al. - 2022 - Excited‐State Copper Catalysis for the Synthesis of Heterocycles, Boselli et al. - 2025 - Visible‐Light Photoredox Catalytic Direct N ‐(Het)Arylation of Lactams, Bárbara et al. - 2025 - Protecting group-free photocatalyzed O-arylation of quinic acid, Catalytic_direct_hydrocarboxylation_of_styrenes_with_CO2_and_H2, Ni_single_atoms_on_carbon_nitride_for_visible-light-promoted_full_heterogeneous_dual_catalysis, Nickel-catalyzed_allylic_defluorinative_alkylation_of_trifluoromethyl_alkenes_with_reductive_decarboxylation_of_redox-ac, Photoactive_electron_donoracceptor_complex_platform_for_Ni-mediated_Cspsup3supCspsup2sup_bond_formation, Photoinduced_CoNi-cocatalyzed_Markovnikov_hydroarylation_of_unactivated_olefins_with_aryl_bromides, Straightforward_synthesis_of_functionalized_-Lactams_using_impure_CO2_stream_as_the_carbon_source, fchem-10-1087834, gg3c00053",0.000647
JGFZNNIVVJXRND-UHFFFAOYSA-N,CCN(C(C)C)C(C)C,"DIPEA (N,N-diisopropylethylamine)","DIPEA, N,N-diisopropylethylamine, iPr2NEt, DIPEA (2.0), DIPEA (1.5), i-Pr2NEt, DIPEA (N,N-diisopropylethylamine)","Baussière and Haugland - 2023 - Radical Group Transfer of Vinyl and Alkynyl Silanes Driven by Photoredox Catalysis, Photocatalytic_metalorganic_frameworks_for_the_aerobic_oxidation_of_arylboronic_acids, Reductive_dearomative_arylcarboxylation_of_indoles_with_CO2_via_visible-light_photoredox_catalysis, Synthesis_of_a_polyisobutylene-tagged_fac-Irppysub3sub_complex_and_its_application_as_recyclable_visible-light_photocata, Thianthrenium-Enabled_Chromium-Catalyzed_Deuterated_Alkyl_Addition_to_Aldehydes_via_Photoactive_Electron_Donor-Acceptor_, Transition_metal-free_visible_light_photoredox-catalyzed_remote_Csp3H_borylation_enabled_by_1,5-hydrogen_atom_transfer, Tunable_CH_functionalization_and_dearomatization_enabled_by_an_organic_photocatalyst, Ye et al. - 2023 - Photoredox-enabled remote radical group migration Pathway to 1,7-dicarbonyl compounds from diazoalk, fchem-10-1087834, ja4c05272, ol3c04246, sc5c11241",0.000638
WRFNOIVNLVIEDC-IXYVEGFRSA-N,O=C(Oc1ccc(C(F)(F)F)cc1)C1(O)C[C@@H](O)C(O)[C@H](O)C1,NiX2•Glyme (5 mol%),"2, NiBr2·Glyme, NiCl2·Glyme, NiBr2·glyme, NiX2•Glyme (5 mol%), NiBr2 (no glyme), NiCl2·glyme, Ni(acac)2, Ni(cod)2, NiCl2, NiCl2 (5 mol%)",Bárbara et al. - 2025 - Protecting group-free photocatalyzed O-arylation of quinic acid,0.000599
TXNLQUKVUJITMX-UHFFFAOYSA-N,CC(C)(C)C1=CC(=NC=C1)C2=NC=CC(=C2)C(C)(C)C,"dtbbpy (4,4'-di-tert-butyl-2,2'-bip…","dtbbpy, dtbbpy (4,4'-di-tert-butyl-2,2'-bipyridine), L2 (R = tBu), L2, NiCl2, Ir(dFCF3ppy)(dtbbpy), 4,4'-dtbbpy","Abdiaj - Improving the throughput of batch photochemical reactions using flow Dual photoredox and nickel cat, Bárbara et al. - 2025 - Protecting group-free photocatalyzed O-arylation of quinic acid, CH_functionalization_of_amines_with_aryl_halides_by_nickel-photoredox_catalysis, Calogero et al. - 2022 - A Photoredox Nozaki‐Hiyama Reaction Catalytic in Chromium, NiPhotoredox-Catalyzed_Csp_sup3sup_Csp_sup3sup__Coupling_between_Aziridines_and_Acetals_as_Alcohol-Derived_Alkyl_Radical, Nickel-catalyzed_allylic_defluorinative_alkylation_of_trifluoromethyl_alkenes_with_reductive_decarboxylation_of_redox-ac, Photoinduced_CoNi-cocatalyzed_Markovnikov_hydroarylation_of_unactivated_olefins_with_aryl_bromides, d3sc04645a, gg3c00053, ol3c02389",0.000578
HUMNYLRZRPPJDN-UHFFFAOYSA-N,O=Cc1ccccc1,benzaldehyde,"1a, benzaldehyde, 1, Benzaldehyde","Aryl_radical-mediated_N-heterocyclic_carbene_catalysis, Dutta et al. - 2021 - Visible light-promoted synthesis of pyrrolidinone derivatives via Rose Bengal as a photoredox, Green_synthesis_of_3,4-disubstituted_isoxazol-54H-one_using_Gluconic_acid_aqueous_solution_as_an_efficient_recyclable_me, NonoxidovanadiumIV_Complex-Catalyzed_Synthesis_of_2-Amino-3-cyano-4iHi-pyrans4iHi-chromenes,_Biscoumarins,_and_Xanthenes, d2ra07064b",0.000576
OCMNCWNTDDVHFK-UHFFFAOYSA-L,COCCOC.Cl[Ni]Cl,NiCl2 · glyme,"NiCl2·glyme, NiCl2 glyme, NiCl2•glyme, NiCl2 · glyme","Abdiaj - Improving the throughput of batch photochemical reactions using flow Dual photoredox and nickel cat, Alandini_Angewandte Chemie International Edition_10.1002_anie.202000224, CH_functionalization_of_amines_with_aryl_halides_by_nickel-photoredox_catalysis, ol3c02389",0.000574
LBXVTZCQQOKNFP-UHFFFAOYSA-N,CCNC(=O)c1c2ccccc2nn1-c1ccccc1,C16H15N3O,3a,fchem-10-1087834,0.000561
RYHBNJHYFVUHQT-UHFFFAOYSA-N,C1COCCO1,"1,4-Dioxane (molecule sieves, predr…","1,4-dioxane, 1,4-Dioxane, dioxane, 1,4-Dioxane (molecule sieves, predried), Dioxane","Alandini_Angewandte Chemie International Edition_10.1002_anie.202000224, Angew Chem Int Ed - 2019 - Meng - Controllable Isomerization of Alkenes by Dual Visible‐Light‐Cobalt Catalysis, ChromiumCatalyzed_PinacolType_CrossCoupling_Studies_on_Stereoselectivity, Dubois et al. - 2023 - Visible Light Photoredox-Catalyzed Decarboxylative Alkylation of 3-Aryl-Oxetanes and Azetidines via, Lead-Halide_Perovskites_for_Photocatalytic_-Alkylation_of_Aldehydes, Nickel-catalyzed_allylic_defluorinative_alkylation_of_trifluoromethyl_alkenes_with_reductive_decarboxylation_of_redox-ac, Nickel-catalyzed_cyclization_of_alkyne-nitriles_with_organoboronic_acids_involving_anti-carbometalation_of_alkynes, Photoinduced_CoNi-cocatalyzed_Markovnikov_hydroarylation_of_unactivated_olefins_with_aryl_bromides, Selective_single_CF_bond_arylation_of_trifluoromethylalkene_derivatives, d1ra07314a, iOrthoi_CH_arylation_of_arenes_at_room_temperature_using_visible_light_ruthenium_CH_activation, ja3c06524, ol3c04246, shi-et-al-2020-photoinduced-transition-metal-free-alkynylation-of-alkyl-pinacol-boronates",0.000498
IYXGSMUGOJNHAZ-UHFFFAOYSA-N,CCOC(=O)CC(=O)OCC,C7H12O4,1a,cs2c04736,0.000497
UBJTWXKMSUZYOF-SMTSAFDASA-N,CC(C)(C)[Si](O[C@@H]1CN(C(=O)C2=CN=CC=C2N3CCCC3)[C@H](C1)C(O)(C4=CC(=CC=C4)C5=CC=CC=C5)C6=CC(=CC=C6)C7=CC=CC=C7)(C8=CC=CC=C8)C9=CC=CC=C9,C55H55N3O3Si,C8,Silverchiral_pyrrolidinopyridine_relay_catalytic_cycloisomerization2  3_cycloadditions_of_enynamides_to_asymmetrically_s,0.000476
OKKJLVBELUTLKV-UHFFFAOYSA-N,CO,Methanol (degassed) concentration,"Methanol, MeOH, Methanol (MeOH), methanol, 2a, Methanol (degassed) concentration","Angew Chem Int Ed - 2019 - Meng - Controllable Isomerization of Alkenes by Dual Visible‐Light‐Cobalt Catalysis, Borate_esters_as_convenient_reagents_for_direct_amidation_of_carboxylic_acids_and_transamidation_of_primary_amides, Bárbara et al. - 2025 - Protecting group-free photocatalyzed O-arylation of quinic acid, Caffeine_as_a_naturally_green_and_biodegradable_catalyst_promoted_convenient_and_expedient_synthetic_route_for_the_synth, Catalytic_N-radical_cascade_reaction_of_hydrazones_by_oxidative_deprotonation_electron_transfer_and_TEMPO_mediation, Das et al. - 2018 - Copper catalyzed photoredox synthesis of α-keto esters, quinoxaline, and naphthoquinone controlled, Direct_CH_difluoromethylation_of_heterocycles_via_organic_photoredox_catalysis, Dual_goldphotoredox-catalyzed_CspH_arylation_of_terminal_alkynes_with_diazonium_salts, Dutta et al. - 2021 - Visible light-promoted synthesis of pyrrolidinone derivatives via Rose Bengal as a photoredox, Photocatalytic_metalorganic_frameworks_for_the_aerobic_oxidation_of_arylboronic_acids, Ptscpiiscp_coordination_complexes_as_visible_light_photocatalysts_for_the_oxidation_of_sulfides_using_batch_and_flow_pro, Visible-light-mediated_Minisci_CH_alkylation_of_heteroarenes_with_unactivated_alkyl_halides_using_Osub2sub_as_an_oxidant, Visible_light-mediated_oxidative_decarboxylation_of_arylacetic_acids_into_benzyl_radicals_addition_to_electron-deficient, Ye et al. - 2023 - Photoredox-enabled remote radical group migration Pathway to 1,7-dicarbonyl compounds from diazoalk, au4c00902, d2ra07064b, ja3c06524",0.000466
AZJPTIGZZTZIDR-UHFFFAOYSA-L,C1=C2C(=C3C=C(C(=O)C(=C3OC2=C(C(=C1I)[O-])I)I)I)C4=C(C(=C(C(=C4Cl)Cl)Cl)Cl)C(=O)[O-].[K+].[K+],bengal rose,"bengal rose, Rose Bengal, Rose bengal","Baussière and Haugland - 2023 - Radical Group Transfer of Vinyl and Alkynyl Silanes Driven by Photoredox Catalysis, Dutta et al. - 2021 - Visible light-promoted synthesis of pyrrolidinone derivatives via Rose Bengal as a photoredox, catalysts-13-01007-v2, d1ra07314a, fchem-10-1087834, molecules-27-01980-v2",0.000454
WINJSVFXEJZACR-UHFFFAOYSA-N,COc1ccccc1C(=O)C(CC(=O)c1ccccc1)C(=O)c1ccccc1,C24H20O4,"4a, 5a","Rutheniumscpiiscp-catalyzed_chemoselective_deacylative_annulation_of_1,3-diones_with_sulfoxonium_ylides_iviai_CC_bond_ac",0.000452
WSLDOOZREJYCGB-UHFFFAOYSA-N,C(CCl)Cl,"1,2-Dichloroethane (1,2-DCE)","1,2-dichloroethane (DCE), DCE, HFIP/DCE, 1,2-Dichloroethane, 1,2-Dichloroethane (1,2-DCE), 1,2-Dichloroethane (DCE)","Atom-economic_generation_of_gold_carbenes_gold-catalyzed_formal_32_cycloaddition_between_ynamides_and_isoxazoles, Becker et al. - 2017 - Cooperative Light‐Activated Iodine and Photoredox Catalysis for the Amination of C−H Bonds, Brambilla et al. - 2023 - Synthesis of Indole‐Fused 1,4‐Diazepinones via Photoredox‐Catalyzed Cascade Cyclization Reaction, Rutheniumscpiiscp-catalyzed_chemoselective_deacylative_annulation_of_1,3-diones_with_sulfoxonium_ylides_iviai_CC_bond_ac, Visible-light-induced_radical_hydrodifluoromethylation_of_alkenes, Visible_light-mediated_organocatalyzed_1,3-aminoacylation_of_cyclopropane_employing_N-benzoyl_saccharin_as_bifunctional_, Ye et al. - 2023 - Photoredox-enabled remote radical group migration Pathway to 1,7-dicarbonyl compounds from diazoalk, Yin et al. - 2020 - Photoredox Catalytic Trifluoromethylation and Perfluoroalkylation of Arenes Using Trifluoroacetic an, catalysts-13-01007-v2, d1ra07314a, molecules-27-01980-v2",0.000449
XLYOFNOQVPJJNP-UHFFFAOYSA-N,O,(NH4)2C2O4·H2O,"Water, water, H2O, Water (H2O), NaOPiv·H2O, (NH4)2C2O4·H2O","Alandini_Angewandte Chemie International Edition_10.1002_anie.202000224, Asymmetric_1,4-functionalization_of_1,3-enynes_via_dual_photoredox_and_chromium_catalysis, Borate_esters_as_convenient_reagents_for_direct_amidation_of_carboxylic_acids_and_transamidation_of_primary_amides, Electrochemical_deoxygenative_trifluoromethylallenylation_of_propargylic_alcohols_iviai_sodium-mediated_pre-association, NN_atropisomer_synthesis_iviai_electrolyte-_and_base-free_electrochemical_cobalt-catalysed_CH_annulation, Nickel-catalyzed_cyclization_of_alkyne-nitriles_with_organoboronic_acids_involving_anti-carbometalation_of_alkynes, Photodehydrogenation_of_alcohols_catalysed_by_a_single_ruthenium_N-Heterocyclic_carbene_complex, iOrthoi_CH_arylation_of_arenes_at_room_temperature_using_visible_light_ruthenium_CH_activation, ja4c05272, ol3c02389",0.000448
UFKDSLWQNMMWLB-YODIAXNQSA-N,CC(C)(C)[Si](O[C@@H]1C[C@H](C(O)(C2=CC(C(C)(C)C)=CC(C(C)(C)C)=C2)C3=CC(C(C)(C)C)=CC(C(C)(C)C)=C3)N(C1)C(=O)C4=CN=CC=C4N5CCCC5)(C6=CC=CC=C6)C7=CC=CC=C7,C59H79N3O3Si,C7,Silverchiral_pyrrolidinopyridine_relay_catalytic_cycloisomerization2  3_cycloadditions_of_enynamides_to_asymmetrically_s,0.000439
XYIBRDXRRQCHLP-UHFFFAOYSA-N,CCOC(=O)CC(C)=O,ethyl acetoacetate,"1, 2, ethyl acetoacetate, Ethyl acetoacetate","Green_synthesis_of_3,4-disubstituted_isoxazol-54H-one_using_Gluconic_acid_aqueous_solution_as_an_efficient_recyclable_me, d2ra07064b",0.000435
JOBDCUHPEISOEN-PILPWRDFSA-N,O[C@@](C1=CC=C(C2=CC=CC=C2)C=C1)(C1=CC=C(C2=CC=CC=C2)C=C1)[C@H]1C[C@@H](O[Si](C)(C)C)CN1C(=O)C1=CN=CC=C1N2CCCC2,C42H45N3O3Si,C3,Silverchiral_pyrrolidinopyridine_relay_catalytic_cycloisomerization2  3_cycloadditions_of_enynamides_to_asymmetrically_s,0.000427
ZLCDUHRRERHMPE-UHFFFAOYSA-N,C=C(C)C(=O)N(Cc1ccccc1)c1ccccc1-n1cc(C)c2ccccc21,C26H24N2O,1a,"Brambilla et al. - 2023 - Synthesis of Indole‐Fused 1,4‐Diazepinones via Photoredox‐Catalyzed Cascade Cyclization Reaction",0.000426
NBWGBHFBUZIAEE-DEOSSOPVSA-N,Cc1ccc([C@](C)(CS(=O)(=O)c2ccc(C)cc2)C(=O)Nc2ccccc2)cc1,C24H25NO3S,4a,Accessing_chiral_sulfones_bearing_quaternary_carbon_stereocenters_via_photoinduced_radical_sulfur_dioxide_insertion_and_,0.000426
PAYRUJLWNCNPSJ-UHFFFAOYSA-N,Nc1ccccc1,"aniline (N,N-dimethyl-4-methylanili…","aniline, aniline (N,N-dimethyl-4-methylaniline), 3a'","Caffeine_as_a_naturally_green_and_biodegradable_catalyst_promoted_convenient_and_expedient_synthetic_route_for_the_synth, Direct_sulfonylation_of_anilines_mediated_by_visible_light, Dutta et al. - 2021 - Visible light-promoted synthesis of pyrrolidinone derivatives via Rose Bengal as a photoredox, Zheng et al. - 2018 - Catalytic C−H Trifluoromethoxylation of Arenes and Heteroarenes",0.000422
OISVCGZHLKNMSJ-UHFFFAOYSA-N,CC1=NC(=CC=C1)C,DIPEA (diisopropylethylamine) inste…,"Lutidine, 2,6-lutidine, DIPEA (diisopropylethylamine) instead of 2,6-lutidine, 2,6-Lutidine","Abdiaj - Improving the throughput of batch photochemical reactions using flow Dual photoredox and nickel cat, Boselli et al. - 2023 - Enantioselective Catalytic Addition of N‐Acyl Radicals In Batch and In Flow Organophotoredox α‐Amin, Brambilla et al. - 2023 - Synthesis of Indole‐Fused 1,4‐Diazepinones via Photoredox‐Catalyzed Cascade Cyclization Reaction, Combining_photoredox_catalysis_and_hydrogen_atom_transfer_for_dearomative_functionalization_of_electron_rich_heteroarene, Lead-Halide_Perovskites_for_Photocatalytic_-Alkylation_of_Aldehydes, PhosphinePhotoredox_Catalyzed_Anti-Markovnikov_Hydroamination_of_Olefins_with_Primary_Sulfonamides_via_-Scission_from_Ph, Ye et al. - 2023 - Photoredox-enabled remote radical group migration Pathway to 1,7-dicarbonyl compounds from diazoalk, au4c00902",0.000422
YQHJFPFNGVDEDT-UHFFFAOYSA-N,CC(C)(C)N=C(N(C)C)N(C)C,btmg (1 equivalent),"BTMG, btmg, btmg (1 equivalent), btmg (n equivalent)","Angiolini_ChemCatChem_10.1002_cctc.202500240, Bárbara et al. - 2025 - Protecting group-free photocatalyzed O-arylation of quinic acid",0.000421
RROUIMPKTMEMMY-UHFFFAOYSA-N,CCOC(=O)c1cc2ccccc2n1C(=O)c1ccccc1Br,C18H14BrNO3,"1, 1''",Reductive_dearomative_arylcarboxylation_of_indoles_with_CO2_via_visible-light_photoredox_catalysis,0.000421
JLGDIXMURQZPPO-UHFFFAOYSA-N,COc1ccc(C(C)=C=CC(=O)c2ccccc2)cc1,C18H16O2,3,Banjare et al. - 2025 - Radical C─H‐Aroylation of Allenes via Cooperative Photoredox and N ‐Heterocyclic Carbene Cata,0.000418
BWHMMNNQKKPAPP-UHFFFAOYSA-L,C(=O)([O-])[O-].[K+].[K+],K2CO3 (potassium carbonate),"K2CO3, K2CO3 (replaces Et3N), K2CO3 (potassium carbonate), potassium carbonate","Angew Chem Int Ed - 2019 - Meng - Controllable Isomerization of Alkenes by Dual Visible‐Light‐Cobalt Catalysis, Arylcarboxylation_of_unactivated_alkenes_with_CO2_via_visible-light_photoredox_catalysis, Catalytic_asymmetric_radical_aminoperfluoroalkylation_and_aminodifluoromethylation_of_alkenes_to_versatile_enantioenrich, Cooperative_photoredox_and_N-heterocyclic_carbene-catalyzed_formal_CH_acylation_of_cyclopropanes_iviai_a_deconstructionr, Copper-catalysed_photoinduced_decarboxylative_alkynylation_a_combined_experimental_and_computational_study, NHC_and_visible_light-mediated_photoredox_co-catalyzed_1,4-sulfonylacylation_of_1,3-enynes_for_tetrasubstituted_allenyl_, Photodehydrogenation_of_alcohols_catalysed_by_a_single_ruthenium_N-Heterocyclic_carbene_complex, Reductive_dearomative_arylcarboxylation_of_indoles_with_CO2_via_visible-light_photoredox_catalysis, Rutheniumscpiiscp-catalyzed_chemoselective_deacylative_annulation_of_1,3-diones_with_sulfoxonium_ylides_iviai_CC_bond_ac, Selective_single_CF_bond_arylation_of_trifluoromethylalkene_derivatives, Visible-Light-Mediated_Deaminative_Three-Component_Dicarbofunctionalization_of_Styrenes_with_Benzylic_Radicals, fchem-10-1087834",0.000416
ZEMZPXWZVTUONV-UHFFFAOYSA-N,CN(C)C1=CC=CC=C1C2=CC=CC=C2P(C3CCCCC3)C4CCCCC4,DavePhos a,"DavePhos, DavePhos a",Catalytic_direct_hydrocarboxylation_of_styrenes_with_CO2_and_H2,0.000413
JWCIFNGVWZOFIX-UHFFFAOYSA-N,CCOC(=O)c1cc2ccccc2n1C(=O)c1ccccc1I,C18H14INO3,1',Reductive_dearomative_arylcarboxylation_of_indoles_with_CO2_via_visible-light_photoredox_catalysis,0.000411
VCIVELSSYHAWGC-UHFFFAOYSA-N,CC(C)(C)C1=CC(=NC=C1)C2=NC=CC(=C2)C(C)(C)C.C1=CC=C([C-]=C1)C2=CC=CC=N2.C1=CC=C([C-]=C1)C2=CC=CC=N2.F[P-](F)(F)(F)(F)F.[Ir+3],Photocatalyst PC4 (as listed in sch…,"2, Photocatalyst 2, 4 (see structure 4), [Ir(ppy)2(dtbbpy)]PF6, PC4, Photocatalyst PC4 (as listed in scheme), Photocatalyst PC4, PC-1 ([Ir(ppy)2(dtbbpy)]PF6)","Abdiaj - Improving the throughput of batch photochemical reactions using flow Dual photoredox and nickel cat, PhosphinePhotoredox_Catalyzed_Anti-Markovnikov_Hydroamination_of_Olefins_with_Primary_Sulfonamides_via_-Scission_from_Ph, Straightforward_synthesis_of_functionalized_-Lactams_using_impure_CO2_stream_as_the_carbon_source, Suzuki-type_cross-coupling_of_alkyl_trifluoroborates_with_acid_fluoride_enabled_by_NHCphotoredox_dual_catalysis, Visible_light-mediated_organocatalyzed_1,3-aminoacylation_of_cyclopropane_employing_N-benzoyl_saccharin_as_bifunctional_",0.000409
DRNAQRXLOSUHBQ-UHFFFAOYSA-N,C1(CCCCC1)P(C1=C(C=CC=C1)C1=C(C=CC=C1N(C)C)N(C)C)C1CCCCC1,C-Phos,"CPhos, C-Phos","Catalytic_direct_hydrocarboxylation_of_styrenes_with_CO2_and_H2, Selective_single_CF_bond_arylation_of_trifluoromethylalkene_derivatives",0.000405
UPRYUKVWGQLUHS-MHZLTWQESA-N,Cc1ccc([C@](C)(CS(=O)(=O)c2ccc(C(C)(C)C)cc2)C(=O)Nc2ccccc2)cc1,C27H31NO3S,4d,Accessing_chiral_sulfones_bearing_quaternary_carbon_stereocenters_via_photoinduced_radical_sulfur_dioxide_insertion_and_,0.000404
VTCRNMIPDYUTQI-BLPFIKBVSA-N,OC(C1=CC=C(C2=CC=CC=C2)C=C1)(C1=CC=C(C2=CC=CC=C2)C=C1)[C@@H]1C[C@@H](O)CN1C(=O)C1=C(N2CCCC2)C=CN=C1,C39H37N3O3,C2,Silverchiral_pyrrolidinopyridine_relay_catalytic_cycloisomerization2  3_cycloadditions_of_enynamides_to_asymmetrically_s,0.000404
UHOVQNZJYSORNB-UHFFFAOYSA-N,c1ccccc1,benzene,"E-3i, 1, 2, benzene, 2a, Benzene","1-s2.0-S2666554920300478-main, Asymmetric_1,4-functionalization_of_1,3-enynes_via_dual_photoredox_and_chromium_catalysis, Diastereoselective_and_enantioselective_photoredox_pinacol_coupling_promoted_by_titanium_complexes_with_a_red-absorbing_, Zheng et al. - 2018 - Catalytic C−H Trifluoromethoxylation of Arenes and Heteroarenes, d1ra07314a",0.000401
LGCYBCHJTSUDRE-UHFFFAOYSA-N,C=C(C)C(=O)N(C)c1ccccc1,C11H13NO,1a,"Electrochemical_selective_hydrocarboxylation_of_acrylamides_with_carbon_dioxide_for_precise_control_of_-_and_-carboxylat, catalysts-13-01007-v2",0.000394
FYNXDGNCEBQLGC-LOYHVIPDSA-N,CC(C)(C)C1=CC(=C(C(=C1)C(C)(C)C)O)C=N[C@@H]2CCCC[C@H]2N=CC3=C(C(=CC(=C3)C(C)(C)C)C(C)(C)C)O,C36H54N2O2,"( R , R )- 17",ChromiumCatalyzed_PinacolType_CrossCoupling_Studies_on_Stereoselectivity,0.000394
FYNXDGNCEBQLGC-KYJUHHDHSA-N,CC(C)(C)c1cc(C=N[C@H]2CCCC[C@@H]2N=Cc2cc(C(C)(C)C)cc(C(C)(C)C)c2O)c(O)c(C(C)(C)C)c1,Schiff-base chromium complex (ligan…,"Schiff-base chromium complex (ligand (R,R)-17)",ChromiumCatalyzed_PinacolType_CrossCoupling_Studies_on_Stereoselectivity,0.000392
URMNHHAUVFEMIG-UHFFFAOYSA-N,CCOC(=O)C1=C(C)NC(=O)NC1c1ccccc1,ethyl acetoacetate,"ethyl acetoacetate, 4a, Urea",d2ra07064b,0.000368
NBAXZHNKRBIWBO-QHCPKHFHSA-N,Cc1ccc([C@](C)(CS(=O)(=O)c2ccc([N+](=O)[O-])cc2)C(=O)Nc2ccccc2)cc1,C23H22N2O5S,4g,Accessing_chiral_sulfones_bearing_quaternary_carbon_stereocenters_via_photoinduced_radical_sulfur_dioxide_insertion_and_,0.000367
ZPPWFCMQEDDIGN-HSZRJFAPSA-N,Cc1ccc([C@@](C)(CS(=O)(=O)c2ccc(C(F)(F)F)cc2)C(=O)Nc2ccccc2)cc1,C24H22F3NO3S,4e,Accessing_chiral_sulfones_bearing_quaternary_carbon_stereocenters_via_photoinduced_radical_sulfur_dioxide_insertion_and_,0.000365
TUTRPEOEHFVKIG-DEOSSOPVSA-N,Cc1ccc([C@](C)(CS(=O)(=O)c2ccc(C#N)cc2)C(=O)Nc2ccccc2)cc1,C24H22N2O3S,4f,Accessing_chiral_sulfones_bearing_quaternary_carbon_stereocenters_via_photoinduced_radical_sulfur_dioxide_insertion_and_,0.000365
YFVNZILTQUAEMQ-BITOSCEUSA-N,CC(=O)O[C@H]1[C@@H](OC(C)=O)C[C@](OC(C)=O)(C(=O)Oc2ccc(C(F)(F)F)cc2)C[C@H]1OC(C)=O,C22H23F3O10,4a,Bárbara et al. - 2025 - Protecting group-free photocatalyzed O-arylation of quinic acid,0.000363
GCGRXVMGBHYMDA-UHFFFAOYSA-N,C1=CC=C(C=C1)N(C2=CC=CC=C2)C3=C(C(=C(C(=C3C#N)N(C4=CC=CC=C4)C5=CC=CC=C5)F)N(C6=CC=CC=C6)C7=CC=CC=C7)C#N,PC2 (3DPAFIPN),"3DPAFIPN, PC2 (3DPAFIPN), 9","Bárbara et al. - 2025 - Protecting group-free photocatalyzed O-arylation of quinic acid, Calogero et al. - 2022 - A Photoredox Nozaki‐Hiyama Reaction Catalytic in Chromium, Diastereoselective_and_enantioselective_photoredox_pinacol_coupling_promoted_by_titanium_complexes_with_a_red-absorbing_, catalysts-13-01126",0.000355
GKOZUEZYRPOHIO-UHFFFAOYSA-N,[Ir],cat-I ([Ir(dF(CF3)ppy)2(dtbbpy)]PF6…,"(Ir [dF(CF3)ppy]2(dtbpy))PF6, cat-I ([Ir(dF(CF3)ppy)2(dtbbpy)]PF6), cat-II (fac-Ir(ppy)3), [Ir{dF(CF3)ppy}2(dtbbpy)]PF6, PC-2, PC-3, Ir[dF(Me)ppy]2(dtbbpy)PF6, (Ir[dF(CF3)ppy]2(dtbbpy))PF6, I","1-s2.0-S2666554920300478-main, A_general_deoxygenation_approach_for_synthesis_of_ketones_from_aromatic_carboxylic_acids_and_alkenes, Dubois et al. - 2023 - Visible Light Photoredox-Catalyzed Decarboxylative Alkylation of 3-Aryl-Oxetanes and Azetidines via, NHC_and_visible_light-mediated_photoredox_co-catalyzed_1,4-sulfonylacylation_of_1,3-enynes_for_tetrasubstituted_allenyl_, NiPhotoredox-Catalyzed_Csp_sup3sup_Csp_sup3sup__Coupling_between_Aziridines_and_Acetals_as_Alcohol-Derived_Alkyl_Radical, Photocatalytic_reverse_polarity_Povarov_reaction, Tertiary_Alcohols_as_Radical_Precursors_for_the_Introduction_of_Tertiary_Substituents_into_Heteroarenes",0.000353
NAMED__ch3cn,,CH 3 CN,CH 3 CN,"Access_to_a_new_class_of_synthetic_building_blocks_via_trifluoromethoxylation_of_pyridines_and_pyrimidines, Caffeine_as_a_naturally_green_and_biodegradable_catalyst_promoted_convenient_and_expedient_synthetic_route_for_the_synth, Catalytic_N-radical_cascade_reaction_of_hydrazones_by_oxidative_deprotonation_electron_transfer_and_TEMPO_mediation, Catalytic_intramolecular_aminoarylation_of_unactivated_alkenes_with_aryl_sulfonamides, ChromiumCatalyzed_PinacolType_CrossCoupling_Studies_on_Stereoselectivity, Das et al. - 2018 - Copper catalyzed photoredox synthesis of α-keto esters, quinoxaline, and naphthoquinone controlled, Dutta et al. - 2021 - Visible light-promoted synthesis of pyrrolidinone derivatives via Rose Bengal as a photoredox, Electrochemical_selective_hydrocarboxylation_of_acrylamides_with_carbon_dioxide_for_precise_control_of_-_and_-carboxylat, Switching_mesoionic_carbene-organocatalysis_from_radical_to_ionic_pathway_through_base-controlled_formation_of_Breslow_i, Visible-light-mediated_Minisci_CH_alkylation_of_heteroarenes_with_unactivated_alkyl_halides_using_Osub2sub_as_an_oxidant, Visible_light-mediated_organocatalyzed_1,3-aminoacylation_of_cyclopropane_employing_N-benzoyl_saccharin_as_bifunctional_, d2ra07064b, molecules-27-01980-v2, ol3c02389",0.000351
ZHFCCSLXVNBBRI-UHFFFAOYSA-N,CC(C)(C)[Si](C)(C)OC(C#Cc1ccccc1)c1ccccc1C#N,C22H25NOSi,1a,Nickel-catalyzed_cyclization_of_alkyne-nitriles_with_organoboronic_acids_involving_anti-carbometalation_of_alkynes,0.000351
LUAYNSNNEWQDKX-UHFFFAOYSA-N,Cc1cc(C)[n+](N2CCCC2=O)c(C)c1,C12H17N2O+,3d,Boselli et al. - 2025 - Visible‐Light Photoredox Catalytic Direct N ‐(Het)Arylation of Lactams,0.00035
DBQZLZMNZVRCGW-UHFFFAOYSA-N,Cn1c(=O)c(C(F)F)nc2ccccc21,fac -Ir(ppy) 3,"3a, Eosin Y, Rose bengal, fac -Ir(ppy) 3",Direct_CH_difluoromethylation_of_heterocycles_via_organic_photoredox_catalysis,0.000344
CZNGTXVOZOWWKM-UHFFFAOYSA-N,COC(=O)c1ccc(Br)cc1,C8H7BrO2,"2a, 1a","Abdiaj - Improving the throughput of batch photochemical reactions using flow Dual photoredox and nickel cat, Photoinduced_CoNi-cocatalyzed_Markovnikov_hydroarylation_of_unactivated_olefins_with_aryl_bromides, gg3c00053",0.000342
JMKQWLIEEWEHQC-UHFFFAOYSA-N,Cc1cc(C)[n+](N2CCCC2=O)c(C)c1.F[B-](F)(F)F,C12H17BF4N2O,3a,Boselli et al. - 2025 - Visible‐Light Photoredox Catalytic Direct N ‐(Het)Arylation of Lactams,0.000342
YGCZTXZTJXYWCO-UHFFFAOYSA-N,O=CCCc1ccccc1,3-phenylpropionaldehyde,"10, 1a, 3-phenylpropionaldehyde, 2a","Boselli et al. - 2023 - Enantioselective Catalytic Addition of N‐Acyl Radicals In Batch and In Flow Organophotoredox α‐Amin, Calogero et al. - 2022 - A Photoredox Nozaki‐Hiyama Reaction Catalytic in Chromium, ChromiumCatalyzed_PinacolType_CrossCoupling_Studies_on_Stereoselectivity, Thianthrenium-Enabled_Chromium-Catalyzed_Deuterated_Alkyl_Addition_to_Aldehydes_via_Photoactive_Electron_Donor-Acceptor_",0.000337
QOYDMUDHOWRKOE-UHFFFAOYSA-N,CCCCC(O)(C(=O)c1cccs1)c1cccs1,C14H16O2S2,"3aa, 4aa",Switching_mesoionic_carbene-organocatalysis_from_radical_to_ionic_pathway_through_base-controlled_formation_of_Breslow_i,0.000335
CDUBXHQKWFDMED-UHFFFAOYSA-N,CCOC(=O)c1cc(OC)c(C)c(OC)c1,C12H16O4,3aa,Goto and Ohmiya - 2025 - Distal C–H functionalization of alkoxyarenes through organic photoredox-catalyzed radical–radical co,0.000334
FLFMMKMGXCRRAP-UHFFFAOYSA-N,[N-]=[N+]=C(C(=O)OC12CC3CC(CC(C3)C1)C2)c1ccccc1,C18H20N2O2,2c,"Bond_cleavage,_fragment_modification_and_reassembly_in_enantioselective_three-component_reactions",0.000334
TVODRIXOOCQSAS-UHFFFAOYSA-N,O=[N+]([O-])CC1c2ccccc2CCN1c1ccccc1,C16H16N2O2,3a,Zhao et al. - 2014 - Dicyanopyrazine-derived push–pull chromophores for highly efficient photoredox catalysis,0.000331
KWRXEGBIYYYZGD-UHFFFAOYSA-N,CN(C1=CC=C(C=C1)C#CC1=CC=C(C=C1)C=1N=C(C(=NC1C1=CC=C(C=C1)C#CC1=CC=C(C=C1)N(C)C)C#N)C#N)C,C38H28N6,B,Zhao et al. - 2014 - Dicyanopyrazine-derived push–pull chromophores for highly efficient photoredox catalysis,0.000328
GLVXDOINIICZHR-WRAWZCCESA-N,CC1=C2c3ccccc3N(C(=O)N(Cc3ccccc3)C(=O)[C@@]1(C)[C@H](C)C(=O)Cc1ccc(C)cc1)c1ccccc12,C37H34N2O3,3aa',"Brambilla et al. - 2023 - Synthesis of Indole‐Fused 1,4‐Diazepinones via Photoredox‐Catalyzed Cascade Cyclization Reaction",0.000327
GQDFLKRGJIRTOR-BVFDSDPOSA-N,CC1=C2c3ccccc3N(C(=O)N(Cc3ccccc3)C(=O)[C@@]1(C)C[C@@H](C)C(=O)Cc1ccc(C)cc1)c1ccccc12,C38H36N2O3,3aa,"Brambilla et al. - 2023 - Synthesis of Indole‐Fused 1,4‐Diazepinones via Photoredox‐Catalyzed Cascade Cyclization Reaction",0.000327
IPLJNQFXJUCRNH-UHFFFAOYSA-L,[Ni](Br)Br,NiBr2(dMe-phen),"NiBr2·glyme, NiBr2(dtbpy), NiBr2(dMe-phen), NiBr2(bpy), NiBr2(dMeObpy), NiBr2·3H2O, NiBr2·dtbbpy, NiBr2, NiBr2·DTBBPY","NiPhotoredox-Catalyzed_Csp_sup3sup_Csp_sup3sup__Coupling_between_Aziridines_and_Acetals_as_Alcohol-Derived_Alkyl_Radical, Photoactive_electron_donoracceptor_complex_platform_for_Ni-mediated_Cspsup3supCspsup2sup_bond_formation, gg3c00053, jo3c00895, ol3c04246",0.000323
NZZIMKJIVMHWJC-UHFFFAOYSA-N,O=C(CC(=O)c1ccccc1)c1ccccc1,C15H12O2,1a,"Rutheniumscpiiscp-catalyzed_chemoselective_deacylative_annulation_of_1,3-diones_with_sulfoxonium_ylides_iviai_CC_bond_ac",0.000321
CLDJZZOBPIUWBZ-QHCPKHFHSA-N,Cc1ccc([C@](C)(CS(=O)(=O)c2ccc(Cl)cc2)C(=O)Nc2ccccc2)cc1,C23H22ClNO3S,4i,Accessing_chiral_sulfones_bearing_quaternary_carbon_stereocenters_via_photoinduced_radical_sulfur_dioxide_insertion_and_,0.000321
HBYXBPMMDYTALW-UHFFFAOYSA-N,F[B-](F)(F)F.N#[N+]c1ccccc1OCC=Cc1ccccc1,C15H13BF4N2O,2d,Aryl_radical-mediated_N-heterocyclic_carbene_catalysis,0.000319
DJPLBTOTUOUDKL-GFCCVEGCSA-N,C[C@H](CC(=O)N1CCOC1=O)CN(C)c1ccccc1,C15H20N2O3,3a,A_chiral_nickel_DBFOX_complex_as_a_bifunctional_catalyst_for_visible-light-promoted_asymmetric_photoredox_reactions,0.000319
UPMQYCYBLZEXEV-UHFFFAOYSA-N,Cc1cc(C)c(-n2c[n+]3c(n2)COC2Cc4ccccc4C23)c(C)c1,C21H22N3O+,3,"Visible_light-mediated_organocatalyzed_1,3-aminoacylation_of_cyclopropane_employing_N-benzoyl_saccharin_as_bifunctional_",0.000318
RFJITKCIMOLCNP-UHFFFAOYSA-N,CN1C(=O)C(C)(C)c2ccccc21,C11H13NO,"2a, 3a",catalysts-13-01007-v2,0.000315
YWQXZPCUQGQMKR-DEOSSOPVSA-N,COc1ccc(S(=O)(=O)C[C@](C)(C(=O)Nc2ccccc2)c2ccc(C)cc2)cc1,C24H25NO4S,4b,Accessing_chiral_sulfones_bearing_quaternary_carbon_stereocenters_via_photoinduced_radical_sulfur_dioxide_insertion_and_,0.000314
NQLCOZRWZFDBEX-QHCPKHFHSA-N,Cc1ccc([C@](C)(CS(=O)(=O)c2ccc(F)cc2)C(=O)Nc2ccccc2)cc1,C23H22FNO3S,4h,Accessing_chiral_sulfones_bearing_quaternary_carbon_stereocenters_via_photoinduced_radical_sulfur_dioxide_insertion_and_,0.000313
HLQFOEIKSHCGTO-DEOSSOPVSA-N,CSc1ccc(S(=O)(=O)C[C@](C)(C(=O)Nc2ccccc2)c2ccc(C)cc2)cc1,C24H25NO3S2,4c,Accessing_chiral_sulfones_bearing_quaternary_carbon_stereocenters_via_photoinduced_radical_sulfur_dioxide_insertion_and_,0.000312
LPNYRYFBWFDTMA-UHFFFAOYSA-N,CC(C)(C)[O-].[K+],t-BuOK,"t-BuOK, KOtBu","Bárbara et al. - 2025 - Protecting group-free photocatalyzed O-arylation of quinic acid, sc5c11241",0.000308
SJFYGUKHUNLZTK-UHFFFAOYSA-L,[Cl-].[Cl-].c1ccc(nc1)-c2ccccn2.c1ccc(nc1)-c2ccccn2.c1ccc(nc1)-c2ccccn2.[Ru+2],Ru(bpy)3Cl2·6H2O,"PC6, Ru(bpy)3Cl2, Ru(bpy)3Cl2·6H2O","Angiolini_ChemCatChem_10.1002_cctc.202500240, Ptscpiiscp_coordination_complexes_as_visible_light_photocatalysts_for_the_oxidation_of_sulfides_using_batch_and_flow_pro, Reductive_dearomative_arylcarboxylation_of_indoles_with_CO2_via_visible-light_photoredox_catalysis, Ye et al. - 2023 - Photoredox-enabled remote radical group migration Pathway to 1,7-dicarbonyl compounds from diazoalk, Yin et al. - 2020 - Photoredox Catalytic Trifluoromethylation and Perfluoroalkylation of Arenes Using Trifluoroacetic an",0.000306
VXTXIRMTGIZWEI-UHFFFAOYSA-N,O=C(ON1C(=O)c2ccccc2C1=O)C1CCCCC1,NHP ester,"1, NHP ester, 2a","Copper-catalysed_photoinduced_decarboxylative_alkynylation_a_combined_experimental_and_computational_study, Nickel-catalyzed_allylic_defluorinative_alkylation_of_trifluoromethyl_alkenes_with_reductive_decarboxylation_of_redox-ac",0.000306
GERWBKSVDHUVIT-UHFFFAOYSA-N,CCOC(=O)C1=C(NC(=C(C1C2CCCCC2)C(=O)OCC)C)C,HE4 (Hantzsch ester),HE4 (Hantzsch ester),Photocatalytic_reverse_polarity_Povarov_reaction,0.000305
NAMED__none,,(none),"None, none, (none)","A_chiral_nickel_DBFOX_complex_as_a_bifunctional_catalyst_for_visible-light-promoted_asymmetric_photoredox_reactions, Banerjee et al. - 2022 - Excited‐State Copper Catalysis for the Synthesis of Heterocycles, Bhaskar Pal et al. - 2023 - Stereospecific Photoredox‐Catalyzed Vinylations to Functionalized Alkenes and C ‐Glycosides, Catalytic_intramolecular_aminoarylation_of_unactivated_alkenes_with_aryl_sulfonamides, Das et al. - 2018 - Copper catalyzed photoredox synthesis of α-keto esters, quinoxaline, and naphthoquinone controlled, Enantioselective_catalytic_-amination_through_proton-coupled_electron_transfer_followed_by_stereocontrolled_radicalradic, Photocatalytic_metalorganic_frameworks_for_the_aerobic_oxidation_of_arylboronic_acids, Transition_metal-free_visible_light_photoredox-catalyzed_remote_Csp3H_borylation_enabled_by_1,5-hydrogen_atom_transfer, iOrthoi_CH_arylation_of_arenes_at_room_temperature_using_visible_light_ruthenium_CH_activation, ja4c05272, jo2c02952",0.000302
SEACYXSIPDVVMV-UHFFFAOYSA-L,C1=CC=C(C(=C1)C2=C3C=C(C(=O)C(=C3OC4=C(C(=C(C=C24)Br)[O-])Br)Br)Br)C(=O)[O-].[Na+].[Na+],cat-IV (eosin Y),"cat-IV (eosin Y), eosin Y, Eosin Y, Eosin-Y","A_general_deoxygenation_approach_for_synthesis_of_ketones_from_aromatic_carboxylic_acids_and_alkenes, Baussière and Haugland - 2023 - Radical Group Transfer of Vinyl and Alkynyl Silanes Driven by Photoredox Catalysis, Boselli et al. - 2023 - Enantioselective Catalytic Addition of N‐Acyl Radicals In Batch and In Flow Organophotoredox α‐Amin, Catalytic_N-radical_cascade_reaction_of_hydrazones_by_oxidative_deprotonation_electron_transfer_and_TEMPO_mediation, Dual_goldphotoredox-catalyzed_CspH_arylation_of_terminal_alkynes_with_diazonium_salts, Photoinduced_CoNi-cocatalyzed_Markovnikov_hydroarylation_of_unactivated_olefins_with_aryl_bromides, Transition_metal-free_visible_light_photoredox-catalyzed_remote_Csp3H_borylation_enabled_by_1,5-hydrogen_atom_transfer, Visible-light-mediated_Minisci_CH_alkylation_of_heteroarenes_with_unactivated_alkyl_halides_using_Osub2sub_as_an_oxidant, molecules-27-01980-v2",0.000299
IXOZZKPZLXAEAX-UHFFFAOYSA-N,c1ccc(-n2cc3ccccc3n2)cc1,C13H10N2,1a,fchem-10-1087834,0.000298
OSWWFLDIIGGSJV-UHFFFAOYSA-N,O=C(CCC(=O)c1ccccc1)c1ccccc1,C16H14O2,"2a, 4a",Lead-Halide_Perovskites_for_Photocatalytic_-Alkylation_of_Aldehydes,0.000298
MSTXNFJRDVUKRG-UHFFFAOYSA-N,Brc1c(C#N)c(N2c3ccccc3-c3ccccc32)c(C#N)c(N2c3ccccc3-c3ccccc32)c1N2c3ccccc3-c3ccccc32,PC-4 (4-BrCzIPN),PC-4 (4-BrCzIPN),"Visible_light-mediated_organocatalyzed_1,3-aminoacylation_of_cyclopropane_employing_N-benzoyl_saccharin_as_bifunctional_",0.000296
APTCFBQJAGPUGO-UHFFFAOYSA-N,CCOC(=O)C(Cc1c(C(F)(F)C(=O)OCC)[nH]c2ccccc12)NC(C)=O,C19H22F2N2O5,3a,ol3c01795,0.000292
ZQEBQGAAWMOMAI-UHFFFAOYSA-N,CC(C)(C)OC(=O)N1CCCC1C(=O)O,C10H17NO4,"1a, 3a","Abdiaj - Improving the throughput of batch photochemical reactions using flow Dual photoredox and nickel cat, ol4c02700",0.000289
CSSOTEHTANPCKU-HAVVHWLPSA-N,N#C/C(=C\c1cccc(C#Cc2ccccc2)c1)C(=O)c1ccccc1,C24H15NO,1a,ol3c04246,0.000288
NAMED__base,,Base,"Base, base","Rutheniumscpiiscp-catalyzed_chemoselective_deacylative_annulation_of_1,3-diones_with_sulfoxonium_ylides_iviai_CC_bond_ac, sc5c11241",0.000288
PBGVMIDTGGTBFS-UHFFFAOYSA-N,C=CCCc1ccccc1,C10H12,"1b, 1a","Angew Chem Int Ed - 2019 - Meng - Controllable Isomerization of Alkenes by Dual Visible‐Light‐Cobalt Catalysis, Visible-light-induced_radical_hydrodifluoromethylation_of_alkenes, catalysts-13-01126",0.000286
WMNCOXQUOKZBGI-QHCPKHFHSA-N,COC(=O)N(c1ccccc1)[C@@H](CC(=O)c1nccn1-c1ccccc1)c1ccccc1,C26H23N3O3,3a,Enantioselective_catalytic_-amination_through_proton-coupled_electron_transfer_followed_by_stereocontrolled_radicalradic,0.000286
OYNJAUIAADXAOW-UHFFFAOYSA-N,C1=CC=CC=2C3=CC=CC=C3N(C12)C1=C(C(=C(C(=C1C#N)N1C2=CC=CC=C2C=2C=CC=CC12)N1C2=CC=CC=C2C=2C=CC=CC12)C#N)N1C2=CC=CC=C2C=2C=CC=CC12,4CzPN,4CzPN,"Bhaskar Pal et al. - 2023 - Stereospecific Photoredox‐Catalyzed Vinylations to Functionalized Alkenes and C ‐Glycosides, d2ra07064b",0.000286
XAARDWSLAZLSJR-UHFFFAOYSA-N,C1=CC=CC=2C3=CC=CC=C3N(C12)C1=C(C(=C(C(=C1C#N)N1C2=CC=CC=C2C=2C=CC=CC12)N1C2=CC=CC=C2C=2C=CC=CC12)N1C2=CC=CC=C2C=2C=CC=CC12)N1C2=CC=CC=C2C=2C=CC=CC12,PC1 (5CzBn),"5CzIBN, PC1 (5CzBn), 10","Bhaskar Pal et al. - 2023 - Stereospecific Photoredox‐Catalyzed Vinylations to Functionalized Alkenes and C ‐Glycosides, Calogero et al. - 2022 - A Photoredox Nozaki‐Hiyama Reaction Catalytic in Chromium, Diastereoselective_and_enantioselective_photoredox_pinacol_coupling_promoted_by_titanium_complexes_with_a_red-absorbing_",0.000285
JVBXVOWTABLYPX-UHFFFAOYSA-L,O=S([O-])S(=O)[O-].[Na+].[Na+],Na2S2O4,Na2S2O4,"Accessing_chiral_sulfones_bearing_quaternary_carbon_stereocenters_via_photoinduced_radical_sulfur_dioxide_insertion_and_, ol5c01129",0.000283
FMXXSSQUCJWXDY-UHFFFAOYSA-N,CON=C(C)c1ccccc1C(=O)c1ccccc1,C16H15NO2,3a,molecules-27-01980-v2,0.000283
NUMHUJZXKZKUBN-UHFFFAOYSA-N,C=Cc1ccc(C(=O)OC)cc1,C10H10O2,"1a, 2a","Catalytic_direct_hydrocarboxylation_of_styrenes_with_CO2_and_H2, Photoredox-catalyzed_dicarbofunctionalization_of_styrenes_with_amines_and_COsub2sub_a_convenient_access_to_-amino_acids",0.000283
CDVAIHNNWWJFJW-UHFFFAOYSA-N,CC1=C(C(C(=C(N1)C)C(=O)OCC)C)C(=O)OCC,C14H21NO4,"6, HE B, HE C","Diastereoselective_and_enantioselective_photoredox_pinacol_coupling_promoted_by_titanium_complexes_with_a_red-absorbing_, Photoactive_electron_donoracceptor_complex_platform_for_Ni-mediated_Cspsup3supCspsup2sup_bond_formation",0.000282
JUFNMMKBIRXISE-UHFFFAOYSA-N,CCCCCCNC(=O)C(=O)O,C8H15NO3,"1a, 2a",fchem-10-1087834,0.000281
PXYCJKZSCDFXLR-UHFFFAOYSA-N,C1=CC(=CC=C1C(F)(F)F)P(C2=CC=C(C=C2)C(F)(F)F)C3=CC=C(C=C3)C(F)(F)F,P(4-CF3C6H4)3,"P(4-CF 3 -C 6 H 4 ) 3, P( p -CF 3 C 6 H 4 ) 3, P( p -CF 3 C 6 H 4 ) 3 b, P(4-CF3C6H4)3, P(4-CF 3 C 6 H 5 ) 3, P(4-CF 3 C 6 H 4 ) 3","Catalytic_direct_hydrocarboxylation_of_styrenes_with_CO2_and_H2, Nickel-catalyzed_cyclization_of_alkyne-nitriles_with_organoboronic_acids_involving_anti-carbometalation_of_alkynes, PhosphinePhotoredox_Catalyzed_Anti-Markovnikov_Hydroamination_of_Olefins_with_Primary_Sulfonamides_via_-Scission_from_Ph, Selective_single_CF_bond_arylation_of_trifluoromethylalkene_derivatives",0.00028
MBMGGFWPRYCIJU-UHFFFAOYSA-N,C=CCC(Cc1ccc(OC)cc1)(C(=O)OC(C)(C)C)C(=O)OC(C)(C)C,C22H32O5,1a,Arylcarboxylation_of_unactivated_alkenes_with_CO2_via_visible-light_photoredox_catalysis,0.000278
QFMZQPDHXULLKC-UHFFFAOYSA-N,C1=CC=C(C=C1)P(CCP(C2=CC=CC=C2)C3=CC=CC=C3)C4=CC=CC=C4,DPPE,DPPE,"Banerjee et al. - 2022 - Excited‐State Copper Catalysis for the Synthesis of Heterocycles, Copper-catalyzed_regio-_and_stereo-selective_hydrosilylation_of_terminal_allenes_to_access_E-allylsilanes",0.000278
BCJVBDBJSMFBRW-UHFFFAOYSA-N,C1=CC=C(C=C1)P(CCCCP(C2=CC=CC=C2)C3=CC=CC=C3)C4=CC=CC=C4,DPPB,"L7, DPPB","Angew Chem Int Ed - 2019 - Meng - Controllable Isomerization of Alkenes by Dual Visible‐Light‐Cobalt Catalysis, Copper-catalyzed_regio-_and_stereo-selective_hydrosilylation_of_terminal_allenes_to_access_E-allylsilanes",0.000278
LFMBERYWDLWXNO-UHFFFAOYSA-M,CC1=CC(=C(C(=C1)C)C2=C3C=CC=CC3=[N+](C4=CC=CC=C42)C)C.[O-]Cl(=O)(=O)=O,Acr+-Mes ClO4,"Mes-AcrClO4, Acr+-Mes ClO4","Accessing_chiral_sulfones_bearing_quaternary_carbon_stereocenters_via_photoinduced_radical_sulfur_dioxide_insertion_and_, Photo-induced_oxidant-free_oxidative_CHNH_cross-coupling_between_arenes_and_azoles",0.000275
DBZJJPROPLPMSN-UHFFFAOYSA-N,C1=CC=C2C(=C1)C(=O)OC23C4=CC(=C(C(=C4OC5=C(C(=C(C=C35)Br)O)Br)Br)O)Br,Eosin Y,Eosin Y,"Brambilla et al. - 2023 - Synthesis of Indole‐Fused 1,4‐Diazepinones via Photoredox‐Catalyzed Cascade Cyclization Reaction, catalysts-13-01007-v2",0.000275
JVEOSVBSNCCUOE-UHFFFAOYSA-N,NC1=C(C(=O)O)C(=O)N(c2ccccc2)C1=O,C11H8N2O4,5a-t,Caffeine_as_a_naturally_green_and_biodegradable_catalyst_promoted_convenient_and_expedient_synthetic_route_for_the_synth,0.000274
RMOUHWPZZGSLOT-UHFFFAOYSA-N,CN(C(=O)C(=O)O)c1ccccc1,C9H9NO3,"1a, 4a",ol3c02389,0.000274
YQHIHBVZDOHCPA-MIFQLHRHSA-N,CC(=O)O[C@H]1C[C@@](OC(C)=O)(C(=O)O)C[C@@H](OC(C)=O)[C@H]1OC(C)=O.O=C1c2ccccc2C(=O)N1,phthalimide,phthalimide,Bárbara et al. - 2025 - Protecting group-free photocatalyzed O-arylation of quinic acid,0.000271
XBWRJSSJWDOUSJ-UHFFFAOYSA-L,Cl[Cr]Cl,CrCl2 (20 mol%),"CrCl2, CrCl2 (20 mol%)","Asymmetric_1,4-functionalization_of_1,3-enynes_via_dual_photoredox_and_chromium_catalysis, Thianthrenium-Enabled_Chromium-Catalyzed_Deuterated_Alkyl_Addition_to_Aldehydes_via_Photoactive_Electron_Donor-Acceptor_",0.000269
NAMED__irdtbbpyppy2pf6,,[Ir(dtbbpy)(ppy) 2 ](PF 6 ),"[Ir(dtbbpy)(ppy) 2 ]PF 6, [Ir(dtbbpy)(ppy)2]PF6, [Ir(dtbbpy)(ppy) 2 ](PF 6 )","Baussière and Haugland - 2023 - Radical Group Transfer of Vinyl and Alkynyl Silanes Driven by Photoredox Catalysis, Carbene_and_photocatalyst-catalyzed_decarboxylative_radical_coupling_of_carboxylic_acids_and_acyl_imidazoles_to_form_ket, Fan et al. - 2023 - PhotoredoxHAT dual-catalyzed carboxylation of benzyl chlorides with CO2 using thiophenolate and for, Visible-Light-Mediated_Deaminative_Three-Component_Dicarbofunctionalization_of_Styrenes_with_Benzylic_Radicals",0.000267
VYDTVDGNPDNZLG-YYFDJDBNSA-N,COC(=O)C1=C[C@@H]2[C@@H](C3=N[C@](c4ccccc4)(CN3S(=O)(=O)c3ccc(C)cc3)[C@H]2N(C(=O)c2ccccc2)c2ccccc2)[C@@H]1c1ccccc1,C43H37N3O5S,3a,Silverchiral_pyrrolidinopyridine_relay_catalytic_cycloisomerization2  3_cycloadditions_of_enynamides_to_asymmetrically_s,0.000267
VSNITFFVTRYICI-UHFFFAOYSA-N,CCOC(=O)C(CC(=O)c1ccccc1)C(=O)OCC,C15H18O5,3,cs2c04736,0.000265
YXFVVABEGXRONW-UHFFFAOYSA-N,CC1=CC=CC=C1,Toluene,"Toluene, PhMe, toluene, DEAD","Abdiaj - Improving the throughput of batch photochemical reactions using flow Dual photoredox and nickel cat, Angew Chem Int Ed - 2019 - Meng - Controllable Isomerization of Alkenes by Dual Visible‐Light‐Cobalt Catalysis, Atom-economic_generation_of_gold_carbenes_gold-catalyzed_formal_32_cycloaddition_between_ynamides_and_isoxazoles, Borate_esters_as_convenient_reagents_for_direct_amidation_of_carboxylic_acids_and_transamidation_of_primary_amides, Bárbara et al. - 2025 - Protecting group-free photocatalyzed O-arylation of quinic acid, Das et al. - 2018 - Copper catalyzed photoredox synthesis of α-keto esters, quinoxaline, and naphthoquinone controlled, Diastereoselective_and_enantioselective_photoredox_pinacol_coupling_promoted_by_titanium_complexes_with_a_red-absorbing_, Direct_CH_difluoromethylation_of_heterocycles_via_organic_photoredox_catalysis, Dutta et al. - 2021 - Visible light-promoted synthesis of pyrrolidinone derivatives via Rose Bengal as a photoredox, Nickel-catalyzed_cyclization_of_alkyne-nitriles_with_organoboronic_acids_involving_anti-carbometalation_of_alkynes, Nickel-catalyzed_transamidation_of_aliphatic_amide_derivatives, Ptscpiiscp_coordination_complexes_as_visible_light_photocatalysts_for_the_oxidation_of_sulfides_using_batch_and_flow_pro, Suzuki-type_cross-coupling_of_alkyl_trifluoroborates_with_acid_fluoride_enabled_by_NHCphotoredox_dual_catalysis, catalysts-13-01007-v2, sc5c11241",0.000263
IUVAVSQQKPSONR-UHFFFAOYSA-N,CN(C(=O)C(C)(C)C(=O)O)c1ccccc1,C12H15NO3,3a,Electrochemical_selective_hydrocarboxylation_of_acrylamides_with_carbon_dioxide_for_precise_control_of_-_and_-carboxylat,0.000263
WLJVXDMOQOGPHL-UHFFFAOYSA-N,O=C(O)Cc1ccccc1,Ph-COOH,"Ph-COOH, 10","Borate_esters_as_convenient_reagents_for_direct_amidation_of_carboxylic_acids_and_transamidation_of_primary_amides, jo2c02952",0.000263
LAXRNWSASWOFOT-UHFFFAOYSA-J,CC1=CC=C(C=C1)C(C)C.CC1=CC=C(C=C1)C(C)C.Cl[Ru]Cl.Cl[Ru]Cl,[RuCl2(p-cymene)]2,[RuCl2(p-cymene)]2,"Rutheniumscpiiscp-catalyzed_chemoselective_deacylative_annulation_of_1,3-diones_with_sulfoxonium_ylides_iviai_CC_bond_ac, ao3c10008",0.000262
KWGKDLIKAYFUFQ-UHFFFAOYSA-M,[Li+].[Cl-],LiCl (2 equiv. instead of 4 equiv.),"LiCl, LiCl (4 equiv.), LiCl (2 equiv. instead of 4 equiv.)","Cooperative_photoredox_and_N-heterocyclic_carbene-catalyzed_formal_CH_acylation_of_cyclopropanes_iviai_a_deconstructionr, Photoredox-catalyzed_dicarbofunctionalization_of_styrenes_with_amines_and_COsub2sub_a_convenient_access_to_-amino_acids",0.000261
NAMED__catalyst,,catalyst,catalyst,sc5c11241,0.000259
NAMED__molarratio,,molar ratio,molar ratio,sc5c11241,0.000259
JYURBARBWFDHSD-UHFFFAOYSA-N,CC(CC(=O)O)C(=O)N(C)c1ccccc1,C12H15NO3,2a,Electrochemical_selective_hydrocarboxylation_of_acrylamides_with_carbon_dioxide_for_precise_control_of_-_and_-carboxylat,0.000255
OXKMWPQZFWTADP-UHFFFAOYSA-N,CCOC(=O)C(CCc1ccccc1)(CCc1ccccc1)C(=O)OCC,C23H28O4,4,cs2c04736,0.000255
GETTZEONDQJALK-UHFFFAOYSA-N,C1=CC=C(C=C1)C(F)(F)F,Trifluorotoluene (PhCF3),"Trifluorotoluene (PhCF3), Benzotrifluoride (PhCF3), PhCF3","Diastereoselective_and_enantioselective_photoredox_pinacol_coupling_promoted_by_titanium_complexes_with_a_red-absorbing_, PhosphinePhotoredox_Catalyzed_Anti-Markovnikov_Hydroamination_of_Olefins_with_Primary_Sulfonamides_via_-Scission_from_Ph",0.000254
HPMLGNIUXVXALD-UHFFFAOYSA-N,O=C(F)c1ccccc1,C7H5FO,2a,"Banjare et al. - 2025 - Radical C─H‐Aroylation of Allenes via Cooperative Photoredox and N ‐Heterocyclic Carbene Cata, Suzuki-type_cross-coupling_of_alkyl_trifluoroborates_with_acid_fluoride_enabled_by_NHCphotoredox_dual_catalysis",0.000254
HURYMIPEGRXBHB-UHFFFAOYSA-N,Cc1ccc(S(=O)(=O)NC(=O)C(C#Cc2ccccc2)=Cc2ccccc2)cc1,C24H19NO3S,1a,Silverchiral_pyrrolidinopyridine_relay_catalytic_cycloisomerization2  3_cycloadditions_of_enynamides_to_asymmetrically_s,0.00025
WIAPYPPGIDQQPV-UHFFFAOYSA-N,COC(=O)c1ccc(C2CCCN2C(=O)OC(C)(C)C)cc1,C17H23NO4,3aa,Abdiaj - Improving the throughput of batch photochemical reactions using flow Dual photoredox and nickel cat,0.00025
YZDUOJWJBHVULX-UHFFFAOYSA-M,CC(C)(CCc1ccccc1)OC(=O)C(=O)[O][Cs],C13H15CsO4,3a,Angew Chem Int Ed - 2021 - Amos - Direct Photoexcitation of Ethynylbenziodoxolones  An Alternative to Photocatalysis for,0.000249
YMNCCEXICREQQV-UHFFFAOYSA-L,[CH-]1C=CC=C1.[CH-]1C=CC=C1.[Cl-].[Cl-].[Ti+4],PhCF3,"3, PhCF3",Diastereoselective_and_enantioselective_photoredox_pinacol_coupling_promoted_by_titanium_complexes_with_a_red-absorbing_,0.000248
CXNIUSPIQKWYAI-UHFFFAOYSA-N,CC1(C2=C(C(=CC=C2)P(C3=CC=CC=C3)C4=CC=CC=C4)OC5=C1C=CC=C5P(C6=CC=CC=C6)C7=CC=CC=C7)C,Xantphos,"Xantphos, L1","Angew Chem Int Ed - 2019 - Meng - Controllable Isomerization of Alkenes by Dual Visible‐Light‐Cobalt Catalysis, Banerjee et al. - 2022 - Excited‐State Copper Catalysis for the Synthesis of Heterocycles, Copper-catalyzed_regio-_and_stereo-selective_hydrosilylation_of_terminal_allenes_to_access_E-allylsilanes, Palladium-catalyzed_thiocarbonylation_of_alkenes_toward_branched_thioesters_using_COsub2sub",0.000247
QZTASBFAZSBZIV-UHFFFAOYSA-N,N#CC(C#N)C(C(=O)N1CCOCC1)c1ccccc1,C15H15N3O2,3aa,"Cardinale et al. - 2020 - Photoredox‐Catalyzed Addition of Carbamoyl Radicals to Olefins A 1,4‐Dihydropyridine Approach",0.000244
LWIHDJKSTIGBAC-UHFFFAOYSA-K,[O-]P(=O)([O-])[O-].[K+].[K+].[K+],K3PO4,K3PO4,"Angiolini_ChemCatChem_10.1002_cctc.202500240, Cooperative_photoredox_and_N-heterocyclic_carbene-catalyzed_formal_CH_acylation_of_cyclopropanes_iviai_a_deconstructionr, au4c00902, cs2c04736",0.000241
JNCLVGMBRSKDED-UHFFFAOYSA-N,F[B-](F)(F)F.N#[N+]c1ccccc1,Ar-N2BF4,"Ar-N2BF4, 2a","Accessing_chiral_sulfones_bearing_quaternary_carbon_stereocenters_via_photoinduced_radical_sulfur_dioxide_insertion_and_, Dual_goldphotoredox-catalyzed_CspH_arylation_of_terminal_alkynes_with_diazonium_salts",0.000241
XSQUKJJJFZCRTK-UHFFFAOYSA-N,NC(N)=O,benzaldehyde,"benzaldehyde, urea, Benzaldehyde, Urea",d2ra07064b,0.000241
OMEFAOJZWKOYAZ-UHFFFAOYSA-N,FC(F)(F)c1ccc2c(c1)c1ccc(C(F)(F)F)cc1n2c1c(C#N)c(n2c3ccc(C(F)(F)F)cc3c3cc(C(F)(F)F)ccc32)c(n2c3ccc(C(F)(F)F)cc3c3cc(C(F)(F)F)ccc32)c(C#N)c1n1c2ccc(C(F)(F)F)cc2c2cc(C(F)(F)F)ccc21,PC-1 (2 mol %),"PC-1, PC-1 (2 mol %)",Goto and Ohmiya - 2025 - Distal C–H functionalization of alkoxyarenes through organic photoredox-catalyzed radical–radical co,0.00024
KKMWMXQQOIIJIZ-UHFFFAOYSA-N,[B-](F)(F)(F)F.CC1=CC(=C(C(=C1)C)C2=C3C=CC=CC3=[N+](C4=CC=CC=C42)C)C,10 : 1 acetone/H 2 O,"PC3, 2, 10 : 1 MeCN/H 2 O, 5 : 1 MeCN/H 2 O, 10 : 1 acetone/H 2 O","Angiolini_ChemCatChem_10.1002_cctc.202500240, Direct_sulfonylation_of_anilines_mediated_by_visible_light",0.000239
JADJWSOBVMLGAR-PIZIKKFZSA-N,CC(C)(C)c1cc(cc(c1)C(C)(C)C)C(O)(c2cc(cc(c2)C(C)(C)C)C(C)(C)C)[C@H]3C[C@@H](CN3C(=O)c4cnccc4N5CCCC5)O,C43H61N3O3,C5,Silverchiral_pyrrolidinopyridine_relay_catalytic_cycloisomerization2  3_cycloadditions_of_enynamides_to_asymmetrically_s,0.000238
VEXZGXHMUGYJMC-UHFFFAOYSA-N,Cl,then 2 N HCl,"then 2 N HCl, HCl (2 N), HCl","Arylcarboxylation_of_unactivated_alkenes_with_CO2_via_visible-light_photoredox_catalysis, Reductive_dearomative_arylcarboxylation_of_indoles_with_CO2_via_visible-light_photoredox_catalysis, Tertiary_Alcohols_as_Radical_Precursors_for_the_Introduction_of_Tertiary_Substituents_into_Heteroarenes",0.000238
PBCJIPOGFJYBJE-UHFFFAOYSA-N,CC#N.O,Acetonitrile:Water,"Acetonitrile:Water, MeCN/H2O (1:1)","Dutta et al. - 2021 - Visible light-promoted synthesis of pyrrolidinone derivatives via Rose Bengal as a photoredox, ja4c05272",0.000237
AVPYQKSLYISFPO-UHFFFAOYSA-N,O=Cc1ccc(Cl)cc1,C7H5ClO,1a,Diastereoselective_and_enantioselective_photoredox_pinacol_coupling_promoted_by_titanium_complexes_with_a_red-absorbing_,0.000237
FPACHAGFFYITRX-UHFFFAOYSA-N,COc1ccc(C(=O)C(CCCl)c2ccc(OC)cc2)cc1,C18H19ClO3,"3aa, 3aa'",Cooperative_photoredox_and_N-heterocyclic_carbene-catalyzed_formal_CH_acylation_of_cyclopropanes_iviai_a_deconstructionr,0.000236
WGQKYBSKWIADBV-UHFFFAOYSA-N,NCc1ccccc1,benzylamine,"H2N-Ph, none, benzylamine","Borate_esters_as_convenient_reagents_for_direct_amidation_of_carboxylic_acids_and_transamidation_of_primary_amides, Direct_evidence_of_charge_separation_in_a_metalorganic_framework_efficient_and_selective_photocatalytic_oxidative_coupli",0.000236
PSMABVOYZJWFBV-UHFFFAOYSA-N,O=C1C(Br)=C(Br)C(=O)c2ccccc21,C10H4Br2O2,1a,d1ra07314a,0.000235
WTKZEGDFNFYCGP-UHFFFAOYSA-N,c1cn[nH]c1,2-methoxythiophene,"2-methoxythiophene, 2, Az-5","Combining_photoredox_catalysis_and_hydrogen_atom_transfer_for_dearomative_functionalization_of_electron_rich_heteroarene, Goto and Ohmiya - 2025 - Distal C–H functionalization of alkoxyarenes through organic photoredox-catalyzed radical–radical co",0.000233
GOBQZMGSOYXFMI-UHFFFAOYSA-M,CC1=C(C(=N[Co](Cl)(N=C(C)C1=NO)N=C(C)C(=NO)C)C)O,Co(dmgH) 2 Cl 2,Co(dmgH) 2 Cl 2,Photo-induced_oxidant-free_oxidative_CHNH_cross-coupling_between_arenes_and_azoles,0.000233
PPBRXRYQALVLMV-UHFFFAOYSA-N,C=Cc1ccccc1,C8H8,"1a, 2a","Palladium-catalyzed_thiocarbonylation_of_alkenes_toward_branched_thioesters_using_COsub2sub, cs2c04736",0.000233
CSCPPACGZOOCGX-UHFFFAOYSA-N,CC(=O)C,Acetone,"Acetone, acetone","Abdiaj - Improving the throughput of batch photochemical reactions using flow Dual photoredox and nickel cat, Alandini_Angewandte Chemie International Edition_10.1002_anie.202000224, Bhaskar Pal et al. - 2023 - Stereospecific Photoredox‐Catalyzed Vinylations to Functionalized Alkenes and C ‐Glycosides, Bárbara et al. - 2025 - Protecting group-free photocatalyzed O-arylation of quinic acid, Direct_CH_difluoromethylation_of_heterocycles_via_organic_photoredox_catalysis, Suzuki-type_cross-coupling_of_alkyl_trifluoroborates_with_acid_fluoride_enabled_by_NHCphotoredox_dual_catalysis, Tunable_CH_functionalization_and_dearomatization_enabled_by_an_organic_photocatalyst, Visible-light-mediated_Minisci_CH_alkylation_of_heteroarenes_with_unactivated_alkyl_halides_using_Osub2sub_as_an_oxidant, sc5c11241",0.000233
ZBXBFVSLHLQPMX-UHFFFAOYSA-N,CC(C)(C)C(=O)N(c1ccccc1)C1CCC1,C15H21NO,,Catalytic_asymmetric_radical_aminoperfluoroalkylation_and_aminodifluoromethylation_of_alkenes_to_versatile_enantioenrich,0.000233
LGNMSOXRNBFBGX-UHFFFAOYSA-N,CC1=CC(C)=CC(C)=C1C2=C3C=CC=CC3=[N+](C4=CC=CC=C4)C5=CC=CC=C25.[B-](F)(F)(F)F,PC-5 ([Acr-Mes]BF4),PC-5 ([Acr-Mes]BF4),"Visible_light-mediated_organocatalyzed_1,3-aminoacylation_of_cyclopropane_employing_N-benzoyl_saccharin_as_bifunctional_",0.000232
KNMXUKRYEFAGAS-UHFFFAOYSA-N,C=CC1Cc2ccccc2C1O[Si](C)(C)OCC,C15H22O2Si,5a,Baussière and Haugland - 2023 - Radical Group Transfer of Vinyl and Alkynyl Silanes Driven by Photoredox Catalysis,0.000232
NAMED__cs2co3,,Cs2CO3,"Cs 2 CO 3, Cs2CO3","Abdiaj - Improving the throughput of batch photochemical reactions using flow Dual photoredox and nickel cat, Carbene_and_photocatalyst-catalyzed_decarboxylative_radical_coupling_of_carboxylic_acids_and_acyl_imidazoles_to_form_ket, Suzuki-type_cross-coupling_of_alkyl_trifluoroborates_with_acid_fluoride_enabled_by_NHCphotoredox_dual_catalysis, ol3c02389",0.000231
BCARTDPMXHTOEN-UHFFFAOYSA-N,CN(C1=CC=C(C=C1)C=1N=C(C(=NC1C1=CC=C(C=C1)N(C)C)C#N)C#N)C,C22H20N6,A,Zhao et al. - 2014 - Dicyanopyrazine-derived push–pull chromophores for highly efficient photoredox catalysis,0.00023
RIOQSEWOXXDEQQ-UHFFFAOYSA-N,C1=CC=C(C=C1)P(C2=CC=CC=C2)C3=CC=CC=C3,Ph3P (triphenylphosphine),"Ph3P (triphenylphosphine), Ph3P (1.2 equiv.), L2, PPh3, PPh 3 b, PPh 3","A_general_deoxygenation_approach_for_synthesis_of_ketones_from_aromatic_carboxylic_acids_and_alkenes, Angew Chem Int Ed - 2019 - Meng - Controllable Isomerization of Alkenes by Dual Visible‐Light‐Cobalt Catalysis, Copper-catalyzed_regio-_and_stereo-selective_hydrosilylation_of_terminal_allenes_to_access_E-allylsilanes, Nickel-catalyzed_cyclization_of_alkyne-nitriles_with_organoboronic_acids_involving_anti-carbometalation_of_alkynes, PhosphinePhotoredox_Catalyzed_Anti-Markovnikov_Hydroamination_of_Olefins_with_Primary_Sulfonamides_via_-Scission_from_Ph, Silverchiral_pyrrolidinopyridine_relay_catalytic_cycloisomerization2  3_cycloadditions_of_enynamides_to_asymmetrically_s",0.00023
PZXIQAYPKSOMHD-UHFFFAOYSA-M,CCCCCCCCCCOC1=CC=CC(=C1)C(=O)NC2=C(C=C(C=C2)[N+](=O)[O-])C(=O)[O-],Co(OAc)2·4H2O,Co(OAc)2·4H2O,NN_atropisomer_synthesis_iviai_electrolyte-_and_base-free_electrochemical_cobalt-catalysed_CH_annulation,0.000229
PKZDTCVLZMYBSR-UHFFFAOYSA-N,F[B-](F)(F)F.C1(=C(C(=CC(=C1)C)C)[N+]1=C2C=C(C(=C(C2=CC2=C(C(=C(C=C12)C1=CC=CC=C1)C(C)(C)C)C1=CC=CC=C1)C1=CC=CC=C1)C(C)(C)C)C1=CC=CC=C1)C,Mes-Acr4,Mes-Acr4,Combining_photoredox_catalysis_and_hydrogen_atom_transfer_for_dearomative_functionalization_of_electron_rich_heteroarene,0.000227
FPWRPFPRZSVEOH-UHFFFAOYSA-N,CNC(=O)CC(B(O)O)c1ccccc1,C10H14BNO3,3a,"Transition_metal-free_visible_light_photoredox-catalyzed_remote_Csp3H_borylation_enabled_by_1,5-hydrogen_atom_transfer",0.000226
IMFACGCPASFAPR-UHFFFAOYSA-N,CCCCN(CCCC)CCCC,Tributylamine (Bu3N),"Bu3N, Tributylamine (Bu3N)","Baussière and Haugland - 2023 - Radical Group Transfer of Vinyl and Alkynyl Silanes Driven by Photoredox Catalysis, Synthesis_of_a_polyisobutylene-tagged_fac-Irppysub3sub_complex_and_its_application_as_recyclable_visible-light_photocata",0.000225
ICEVHISMDJDXAO-UHFFFAOYSA-N,FC(F)=C(CC1CCCCC1)c1ccc(-c2ccccc2)cc1,C21H22F2,3aa,Nickel-catalyzed_allylic_defluorinative_alkylation_of_trifluoromethyl_alkenes_with_reductive_decarboxylation_of_redox-ac,0.000224
LGTPPPQCISOXNQ-UHFFFAOYSA-N,CC(C)(C)C(=O)N(Cc1ccccc1)C(C)(C)C,C16H25NO,,Catalytic_asymmetric_radical_aminoperfluoroalkylation_and_aminodifluoromethylation_of_alkenes_to_versatile_enantioenrich,0.000224
STRNXFOUBFLVIN-UHFFFAOYSA-N,CCOC(=O)C#CC(=O)OCC,DEAD,DEAD,Dutta et al. - 2021 - Visible light-promoted synthesis of pyrrolidinone derivatives via Rose Bengal as a photoredox,0.00022
ICDZQYAVTJQMEE-UHFFFAOYSA-N,F[B-](F)(F)F.COC=1C=CC2=C(C3=CC=C(C=C3[N+](=C2C1)C1=CC(=CC(=C1)OC)OC)OC)C1=C(C=C(C=C1C)C)C,C32H32BF4NO4,6,Direct_sulfonylation_of_anilines_mediated_by_visible_light,0.00022
HGFXURJADNGBLT-UHFFFAOYSA-N,CCCCCCNS(=O)(=O)c1ccc(C(C)(C)C)cc1,photocatalyst (2 mol%),"2, photocatalyst (2 mol%)",PhosphinePhotoredox_Catalyzed_Anti-Markovnikov_Hydroamination_of_Olefins_with_Primary_Sulfonamides_via_-Scission_from_Ph,0.00022
WFIZEGIEIOHZCP-UHFFFAOYSA-M,C(=O)[O-].[K+],HCO2K (2 equiv.),"HCO2K, HCO2K (2 equiv.)",Fan et al. - 2023 - PhotoredoxHAT dual-catalyzed carboxylation of benzyl chlorides with CO2 using thiophenolate and for,0.000219
PARWUHTVGZSQPD-UHFFFAOYSA-N,C1=CC=C(C=C1)[SiH3],PdCl2(PCy3)2,"PhSiH3, PdCl2(PCy3)2, Ph2SiH2, Ph 2 SiH 2, H2, H 2",Palladium-catalyzed_thiocarbonylation_of_alkenes_toward_branched_thioesters_using_COsub2sub,0.000218
HBWBVIDKBKOVEX-UHFFFAOYSA-N,COC(=O)C1=CC(=NC=C1)C2=NC=CC(=C2)C(=O)OC,L3 (R = COOMe),"CrCl3·3THF, L3 (R = COOMe)",Calogero et al. - 2022 - A Photoredox Nozaki‐Hiyama Reaction Catalytic in Chromium,0.000218
OZUOUKMGSGEZPI-GGXMVOPNSA-N,CC1=CC(C)=CC(C(O)(C2=CC(C)=CC(C)=C2)[C@H]3C[C@@H](O)CN3C(=O)C4=C(N5CCCC5)C=CN=C4)=C1,C31H37N3O3,C6,Silverchiral_pyrrolidinopyridine_relay_catalytic_cycloisomerization2  3_cycloadditions_of_enynamides_to_asymmetrically_s,0.000217
DQGZDXPHVNYTTK-UHFFFAOYSA-N,ClC1(C(C(C#N)(C(=C(C1)N1C2=CC=CC=C2C=2C=CC=CC12)N1C2=CC=CC=C2C=2C=CC=CC12)N1C2=CC=CC=C2C=2C=CC=CC12)N1C2=CC=CC=C2C=2C=CC=CC12)C#N,C56H35ClN6,8,Diastereoselective_and_enantioselective_photoredox_pinacol_coupling_promoted_by_titanium_complexes_with_a_red-absorbing_,0.000215
PCPICZYEFFTANH-UHFFFAOYSA-N,C1=CC=C2C(=C1)C3=C(N2)C(=CC=C3)C4=C(C(=C(C(=C4C5=CC=CC6=C5NC7=CC=CC=C67)C8=CC=CC9=C8NC1=CC=CC=C91)C1=CC=CC2=C1NC1=CC=CC=C21)C1=CC=CC2=C1NC1=CC=CC=C21)C#N,5CzBN (5 mol%),"5CzBN, 5CzBN (5 mol%)",Bárbara et al. - 2025 - Protecting group-free photocatalyzed O-arylation of quinic acid,0.000215
OXBLHERUFWYNTN-UHFFFAOYSA-M,[Cu]Cl,Cu(IPr)Cl,"Cu(IPr)Cl, CuCl","Banerjee et al. - 2022 - Excited‐State Copper Catalysis for the Synthesis of Heterocycles, Catalytic_asymmetric_radical_aminoperfluoroalkylation_and_aminodifluoromethylation_of_alkenes_to_versatile_enantioenrich, Copper-catalysed_photoinduced_decarboxylative_alkynylation_a_combined_experimental_and_computational_study",0.000215
SFJKLGCBWSLDGQ-UHFFFAOYSA-N,O=C(O)C(F)Cc1ccccc1,C9H9FO2,1a,au4c00902,0.000215
PRYQRZQPRQYEPU-WIOPSUGQSA-N,O[C@@H]1CN(C(=O)c2cnccc2N3CCCC3)[C@H](C1)C(O)(c4ccccc4)c5ccccc5,C27H29N3O3,C4,Silverchiral_pyrrolidinopyridine_relay_catalytic_cycloisomerization2  3_cycloadditions_of_enynamides_to_asymmetrically_s,0.000215
ZQQPKASLNPGZIP-UHFFFAOYSA-N,C=C(CC)C(O)C(O)CC(C)c1ccccc1,C15H22O2,12,ChromiumCatalyzed_PinacolType_CrossCoupling_Studies_on_Stereoselectivity,0.000214
SKGRFPGOGCHDPC-UHFFFAOYSA-N,FC(F)(F)c1ccc(I)cc1,4-iodo-1-(trifluoromethyl)benzene,"4-iodo-1-(trifluoromethyl)benzene, p-CF3-iodobenzene",Bárbara et al. - 2025 - Protecting group-free photocatalyzed O-arylation of quinic acid,0.000213
JSQRIBRPCGQBQE-UHFFFAOYSA-N,Cc1ccc(S(=O)(=O)N2C=C(c3ccccc3)CC(c3ccccc3)=N2)cc1,C23H20N2O2S,2c,Catalytic_N-radical_cascade_reaction_of_hydrazones_by_oxidative_deprotonation_electron_transfer_and_TEMPO_mediation,0.000213
KTLPJZHDKWBQPN-UHFFFAOYSA-N,C=C(CC(=NNS(=O)(=O)c1ccc(C)cc1)c1ccccc1)c1ccccc1,C23H22N2O2S,1c,Catalytic_N-radical_cascade_reaction_of_hydrazones_by_oxidative_deprotonation_electron_transfer_and_TEMPO_mediation,0.000213
XLQJANIQFVYJBK-UHFFFAOYSA-N,COC(=O)C1=C(C)NC(C)=C(C(=O)OC)C1Cc1ccccc1,C18H21NO4,4a,jo2c02952,0.000212
KFZUDNZQQCWGKF-UHFFFAOYSA-M,Cc1ccc(S(=O)[O-])cc1.[Na+],C7H7NaO2S,"2a, 1a","ol4c02700, ol5c01129",0.000212
WEKPKUUXSDVLAT-UHFFFAOYSA-N,CNC(=O)CCCc1ccccc1,C11H15NO,1a,"Transition_metal-free_visible_light_photoredox-catalyzed_remote_Csp3H_borylation_enabled_by_1,5-hydrogen_atom_transfer",0.000212
LPNBBFKOUUSUDB-UHFFFAOYSA-N,Cc1ccc(C(=O)O)cc1,C8H8O2,"1a, 1C","A_general_deoxygenation_approach_for_synthesis_of_ketones_from_aromatic_carboxylic_acids_and_alkenes, Photodehydrogenation_of_alcohols_catalysed_by_a_single_ruthenium_N-Heterocyclic_carbene_complex",0.000212
WYBQOWXCLDXZNR-UHFFFAOYSA-N,B1(OC2=CC=CC=C2O1)B3OC4=CC=CC=C4O3,B2cat2,B2cat2,"Transition_metal-free_visible_light_photoredox-catalyzed_remote_Csp3H_borylation_enabled_by_1,5-hydrogen_atom_transfer",0.000212
ZMANZCXQSJIPKH-UHFFFAOYSA-N,CCN(CC)CC,Et3N (used as reductant),"TEA, Et3N, Triethylamine, Et3N (used as reductant), Triethylamine (Et3N), NEt3·3HF, TEA (triethylamine)","Abdiaj - Improving the throughput of batch photochemical reactions using flow Dual photoredox and nickel cat, Baussière and Haugland - 2023 - Radical Group Transfer of Vinyl and Alkynyl Silanes Driven by Photoredox Catalysis, Copper-catalysed_photoinduced_decarboxylative_alkynylation_a_combined_experimental_and_computational_study, Photoinduced_CoNi-cocatalyzed_Markovnikov_hydroarylation_of_unactivated_olefins_with_aryl_bromides, Reductive_dearomative_arylcarboxylation_of_indoles_with_CO2_via_visible-light_photoredox_catalysis, Thianthrenium-Enabled_Chromium-Catalyzed_Deuterated_Alkyl_Addition_to_Aldehydes_via_Photoactive_Electron_Donor-Acceptor_, Transition_metal-free_visible_light_photoredox-catalyzed_remote_Csp3H_borylation_enabled_by_1,5-hydrogen_atom_transfer, Ye et al. - 2023 - Photoredox-enabled remote radical group migration Pathway to 1,7-dicarbonyl compounds from diazoalk, fchem-10-1087834, ja4c02474, sc5c11241",0.000212
QRHORGZFUWROBB-UHFFFAOYSA-N,C1(CCCCC1)N1C(C(C2=CC=CC=C12)(C)C)=O,C16H21NO,H2O,catalysts-13-01007-v2,0.000212
VHZCPQCTFLLBQZ-UHFFFAOYSA-N,C=C(c1ccc(-c2ccccc2)cc1)C(F)(F)F,C15H11F3,1a,Nickel-catalyzed_allylic_defluorinative_alkylation_of_trifluoromethyl_alkenes_with_reductive_decarboxylation_of_redox-ac,0.000211
KSMVZQYAVGTKIV-UHFFFAOYSA-N,CCCCCCCCCC=O,Aldehyde-1,"Decanal, Aldehyde-1",catalysts-13-01007-v2,0.00021
ASHAEWBSPYKCAN-UHFFFAOYSA-N,CC(C)C1(C(O)CCc2ccccc2)CC1O,aldehyde,"aldehyde, ketone",ChromiumCatalyzed_PinacolType_CrossCoupling_Studies_on_Stereoselectivity,0.00021
[Cl][Ti]123<-[N](=C\c4ccccc4[O]1)/[C@@H]1CCCC[C@H]1/[N]->2=C/c1ccccc1[O]3,[Cl][Ti]123<-[N](=C\c4ccccc4[O]1)/[C@@H]1CCCC[C@H]1/[N]->2=C/c1ccccc1[O]3,C20H20ClN2O2Ti,13,Diastereoselective_and_enantioselective_photoredox_pinacol_coupling_promoted_by_titanium_complexes_with_a_red-absorbing_,0.00021
LFQSCWFLJHTTHZ-UHFFFAOYSA-N,CCO,Ethanol (EtOH),"EtOH, Ethanol (EtOH)","Caffeine_as_a_naturally_green_and_biodegradable_catalyst_promoted_convenient_and_expedient_synthetic_route_for_the_synth, Dutta et al. - 2021 - Visible light-promoted synthesis of pyrrolidinone derivatives via Rose Bengal as a photoredox, Ptscpiiscp_coordination_complexes_as_visible_light_photocatalysts_for_the_oxidation_of_sulfides_using_batch_and_flow_pro, Ye et al. - 2023 - Photoredox-enabled remote radical group migration Pathway to 1,7-dicarbonyl compounds from diazoalk, d2ra07064b, sc5c11241",0.00021
LWJNWXYSLBGWDU-UHFFFAOYSA-N,CC(C)(C)C(=O)Nc1ccccc1,C11H15NO,,Catalytic_asymmetric_radical_aminoperfluoroalkylation_and_aminodifluoromethylation_of_alkenes_to_versatile_enantioenrich,0.00021
AKFXNACDVYSSMW-UHFFFAOYSA-N,CC(CC(F)Cc1ccccc1)C(=O)OCc1ccccc1,C19H21FO2,7,au4c00902,0.00021
FICAQKBMCKEFDI-UHFFFAOYSA-N,Cc1cc(C)on1,C5H7NO,"1a, 2a",Atom-economic_generation_of_gold_carbenes_gold-catalyzed_formal_32_cycloaddition_between_ynamides_and_isoxazoles,0.000209
LENVYSAMNKKWEK-UHFFFAOYSA-N,Cc1ccc(C#Cc2ccccc2)cc1,C15H12,"2a, 3aa",Dual_goldphotoredox-catalyzed_CspH_arylation_of_terminal_alkynes_with_diazonium_salts,0.000209
CVBUKMMMRLOKQR-UHFFFAOYSA-N,CC(=O)CC(=O)c1ccccc1,C10H10O2,1a,Photocatalytic_synthesis_of_tetra-substituted_furans_promoted_by_carbon_dioxide,0.000209
NNPXGURZTJQVFW-UHFFFAOYSA-N,C1CCC2=NCCCCN2CC1,DBU,DBU,Abdiaj - Improving the throughput of batch photochemical reactions using flow Dual photoredox and nickel cat,0.000208
ZDJPWLIARSLSMG-UHFFFAOYSA-N,Cc1ccc(S(=O)(=O)C(CC2CCCN2C(=O)OC(C)(C)C)c2ccc(Cl)cc2)cc1,C24H30ClNO4S,4h,ol4c02700,0.000208
IRFCLLARAUQTNK-UHFFFAOYSA-N,O=S(=O)(Cl)C(F)(F)C(F)(F)C(F)(F)C(F)(F)F,C4ClF9O2S,,Catalytic_asymmetric_radical_aminoperfluoroalkylation_and_aminodifluoromethylation_of_alkenes_to_versatile_enantioenrich,0.000207
WAVNYPVYNSIHNC-UHFFFAOYSA-N,N#CC(C#N)=Cc1ccccc1,C10H6N2,2a,"Cardinale et al. - 2020 - Photoredox‐Catalyzed Addition of Carbamoyl Radicals to Olefins A 1,4‐Dihydropyridine Approach",0.000206
TYJJADVDDVDEDZ-UHFFFAOYSA-M,C(=O)(O)[O-].[K+],KHCO3,KHCO3,Straightforward_synthesis_of_functionalized_-Lactams_using_impure_CO2_stream_as_the_carbon_source,0.000206
ONQBUHWENXKHHP-UHFFFAOYSA-N,c1ccc(N2CCc3ccccc3C2)cc1,C15H15N,"1, 1a","No_photocatalyst_required__versatile,_visible_light_mediated_transformations_with_polyhalomethanes, Zhao et al. - 2014 - Dicyanopyrazine-derived push–pull chromophores for highly efficient photoredox catalysis",0.000205
DXDQDQWGMMVWCE-UHFFFAOYSA-M,O=S(=O)([O-])C(F)F.[Na+],Ru(bpy) 3 Cl 2 ·6H 2 O,"2, Ru(bpy) 3 Cl 2 ·6H 2 O",Direct_CH_difluoromethylation_of_heterocycles_via_organic_photoredox_catalysis,0.000204
PQADBNKLZLACTH-UHFFFAOYSA-N,COC(OC)(c1ccccc1)C(CNS(=O)(=O)c1ccc(C)cc1)c1ccccc1,C24H27NO4S,6,NiPhotoredox-Catalyzed_Csp_sup3sup_Csp_sup3sup__Coupling_between_Aziridines_and_Acetals_as_Alcohol-Derived_Alkyl_Radical,0.000204
MTACPKHQPDEWKZ-UHFFFAOYSA-N,CCCCCC(C=O)CC(=O)c1ccccc1,C15H20O2,5a,Lead-Halide_Perovskites_for_Photocatalytic_-Alkylation_of_Aldehydes,0.000204
HBQZVEZPKJJNLE-UHFFFAOYSA-N,CC(C)(C)C1=CC=NC(=C1)C2=NC=CC(=C2)C(C)(C)C.C1=CC=C(C(=C1)C2=CC=CC=N2)[Ir+].C1=CC=C(C(=C1)C2=CC=CC=N2).F[P-](F)(F)(F)(F)F,Ir(ppy)2(dtbbpy)PF6,Ir(ppy)2(dtbbpy)PF6,Straightforward_synthesis_of_functionalized_-Lactams_using_impure_CO2_stream_as_the_carbon_source,0.000203
NAMED__irdfcf3ppy2dtbbpypf6,,[Ir(dF(CF 3 )ppy) 2 (dtbbpy)]PF 6,"[Ir[dF(CF3)ppy]2(dtbbpy)]PF6, [Ir(dF(CF 3 )ppy) 2 (dtbbpy)]PF 6, [Ir(dF-CF3-ppy)2(dtbbpy)]PF6, [Ir(dF(CF3)ppy)2(dtbbpy)]PF6, [Ir{dF(CF3)ppy}2(dtbbpy)]PF6, Ir[dF(CF3)(ppy)]2(dtbbpy)PF6, (Ir[dF(CF3)ppy]2(dtbbpy))PF6, Ir[dF(CF3)ppy]2(dtbbpy)PF6, Ir(dF(CF3)ppy)2(dtbbpy)PF6","Banjare et al. - 2025 - Radical C─H‐Aroylation of Allenes via Cooperative Photoredox and N ‐Heterocyclic Carbene Cata, Baussière and Haugland - 2023 - Radical Group Transfer of Vinyl and Alkynyl Silanes Driven by Photoredox Catalysis, CH_functionalization_of_amines_with_aryl_halides_by_nickel-photoredox_catalysis, Carbene_and_photocatalyst-catalyzed_decarboxylative_radical_coupling_of_carboxylic_acids_and_acyl_imidazoles_to_form_ket, Dubois et al. - 2023 - Visible Light Photoredox-Catalyzed Decarboxylative Alkylation of 3-Aryl-Oxetanes and Azetidines via, Fan et al. - 2023 - PhotoredoxHAT dual-catalyzed carboxylation of benzyl chlorides with CO2 using thiophenolate and for, NHC_and_visible_light-mediated_photoredox_co-catalyzed_1,4-sulfonylacylation_of_1,3-enynes_for_tetrasubstituted_allenyl_, Photocatalytic_reverse_polarity_Povarov_reaction, Reductive_dearomative_arylcarboxylation_of_indoles_with_CO2_via_visible-light_photoredox_catalysis, Straightforward_synthesis_of_functionalized_-Lactams_using_impure_CO2_stream_as_the_carbon_source, Visible_light-mediated_organocatalyzed_1,3-aminoacylation_of_cyclopropane_employing_N-benzoyl_saccharin_as_bifunctional_, au4c00902",0.000203
KTQRXOPFEMREQO-UHFFFAOYSA-N,CC(C)(C)C1=CC=NC(=C1)C2=C(C=C(C=N2)C(C)(C)C)[Ir+]34(C5=C(C=C(F)C=C5C(F)(F)F)C6=NC=CC=C63)(C7=C(C=C(F)C=C7C(F)(F)F)C8=NC=CC=C84).F[P-](F)(F)(F)(F)F,(Ir[dF(CF 3 )ppy] 2 (dtbbpy))PF 6 c,"1, PC1, (Ir[dF(CF 3 )ppy] 2 (dtbbpy))PF 6 c, (Ir[dF(CF 3 )ppy] 2 (dtbpy))PF 6 c","Abdiaj - Improving the throughput of batch photochemical reactions using flow Dual photoredox and nickel cat, Angiolini_ChemCatChem_10.1002_cctc.202500240, Bárbara et al. - 2025 - Protecting group-free photocatalyzed O-arylation of quinic acid",0.000202
WCVLWRUSPOAKFQ-UHFFFAOYSA-N,CN(C(=O)c1ccc(C#N)cc1)c1ccccc1,C15H12N2O,2a,ol3c02389,0.000202
XQRQMYXHKCLSHX-UHFFFAOYSA-N,Cc1cc(C)cc(C)c1-n1nc[n+](C)c1C.F[B-](F)(F)F,NHC-1 (20 mol%),"NHC-1, NHC-1 (20 mol%)",Cooperative_photoredox_and_N-heterocyclic_carbene-catalyzed_formal_CH_acylation_of_cyclopropanes_iviai_a_deconstructionr,0.000202
PNRJBTSEEWILDT-UHFFFAOYSA-N,Cc1ccc([S](C)O)cc1,C8H11OS,3a,Ptscpiiscp_coordination_complexes_as_visible_light_photocatalysts_for_the_oxidation_of_sulfides_using_batch_and_flow_pro,0.000202
HVAPLSNCVYXFDQ-UHFFFAOYSA-N,CC1(C2=CC=CC=C2I(O1)C(F)(F)F)C,C10H10F3IO,"A, 2","Access_to_a_new_class_of_synthetic_building_blocks_via_trifluoromethoxylation_of_pyridines_and_pyrimidines, Angiolini_ChemCatChem_10.1002_cctc.202500240",0.000201
WYIZVBIAMQRHAA-UHFFFAOYSA-N,CCOC(=O)C12c3ccccc3C(=O)N1c1ccccc1C2C(=O)O,C19H15NO5,2,Reductive_dearomative_arylcarboxylation_of_indoles_with_CO2_via_visible-light_photoredox_catalysis,0.000201
MMNHXVSQIRTBOZ-YELWUELUSA-N,CC(C)(C)C1=CC(=C(O)C(=C1)C(C)(C)C)/C=N/[C@H]2C3=CC=CC=C3C[C@@H]2O,C24H31NO2,"(1 R ,2 S )- 19",ChromiumCatalyzed_PinacolType_CrossCoupling_Studies_on_Stereoselectivity,0.000201
MXIUWSYTQJLIKE-UHFFFAOYSA-N,O=C(Cl)c1ccccc1C(F)(F)F,C8H4ClF3O,2a,Banerjee et al. - 2022 - Excited‐State Copper Catalysis for the Synthesis of Heterocycles,0.000201
VHILIAIEEYLJNA-UHFFFAOYSA-N,CSc1ccc(C)cc1,C8H10S,2a,Ptscpiiscp_coordination_complexes_as_visible_light_photocatalysts_for_the_oxidation_of_sulfides_using_batch_and_flow_pro,0.0002
XKJCHHZQLQNZHY-UHFFFAOYSA-N,C1=CC=C2C(=C1)C(=O)NC2=O,phthalimide (1 equivalent),"phthalimide, phthalimide (1 equivalent), Phthalimide d","Bárbara et al. - 2025 - Protecting group-free photocatalyzed O-arylation of quinic acid, ol3c02389",0.0002
OTKCEEWUXHVZQI-UHFFFAOYSA-N,O=C(Cc1ccccc1)c1ccccc1,C14H12O,,Suzuki-type_cross-coupling_of_alkyl_trifluoroborates_with_acid_fluoride_enabled_by_NHCphotoredox_dual_catalysis,0.0002
NHWAAZXZONZXPH-UHFFFAOYSA-N,CCOC(=O)C1=C(O)C(=O)N(c2ccccc2)C1c1ccccc1,C19H17NO4,4a,Dutta et al. - 2021 - Visible light-promoted synthesis of pyrrolidinone derivatives via Rose Bengal as a photoredox,0.0002
RADYVDFSOOTGCT-UHFFFAOYSA-N,N1(C=CC=C1)C1=C(C=CC=C1)N(C(C(=C)C)=O)CC1=CC=CC=C1,Na 2 HPO 4,Na 2 HPO 4,"Brambilla et al. - 2023 - Synthesis of Indole‐Fused 1,4‐Diazepinones via Photoredox‐Catalyzed Cascade Cyclization Reaction",0.000198
AAWZDTNXLSGCEK-FNKGTGPASA-N,O=C(O)[C@]1(O)C[C@@H](O)[C@H](O)[C@H](O)C1,C7H12O6,1,Bárbara et al. - 2025 - Protecting group-free photocatalyzed O-arylation of quinic acid,0.000198
JFSLBHVGPKDLDO-UHFFFAOYSA-L,c1ccc(nc1)-c2cccc[n+]2[Ru-2]([n+]3ccccc3-c4cccc[n+]4)([n+]5ccccc5-c6cccc[n+]6)[n+]7ccccc7-c8cccc[n+]8.[Cl-].[Cl-].O.O.O.O.O.O,Ru(bpy) 3 Cl 2  6H 2 O,Ru(bpy) 3 Cl 2  6H 2 O,Catalytic_N-radical_cascade_reaction_of_hydrazones_by_oxidative_deprotonation_electron_transfer_and_TEMPO_mediation,0.000198
XEKOWRVHYACXOJ-UHFFFAOYSA-N,CCOC(=O)C,Ethyl acetate (EtOAc),"EtOAc, ethyl acetate, Ethyl acetate (EtOAc)","Abdiaj - Improving the throughput of batch photochemical reactions using flow Dual photoredox and nickel cat, Alandini_Angewandte Chemie International Edition_10.1002_anie.202000224, Asymmetric_1,4-functionalization_of_1,3-enynes_via_dual_photoredox_and_chromium_catalysis, Bárbara et al. - 2025 - Protecting group-free photocatalyzed O-arylation of quinic acid, Catalytic_asymmetric_radical_aminoperfluoroalkylation_and_aminodifluoromethylation_of_alkenes_to_versatile_enantioenrich, catalysts-13-01007-v2, d2ra07064b",0.000198
KMOVDRADWUSGIH-UHFFFAOYSA-N,CC(=O)[CH-]C(=O)C.CC(=O)[CH-]C(=O)C.[Cu+2],Cu(acac)2,Cu(acac)2,Copper-catalysed_photoinduced_decarboxylative_alkynylation_a_combined_experimental_and_computational_study,0.000198
QGFMAHGYJHNBJH-UHFFFAOYSA-N,C1=CC=C2C(=C1)C3=CC=CC=C3N2C4=CC(=C(C(=C4N5C6=CC=CC=C6C7=CC=CC=C75)C#N)N8C9=CC=CC=C9C1=CC=CC=C18)N1C2=CC=CC=C2C2=CC=CC=C21,4CzBN,4CzBN,ol5c01129,0.000197
DTQVDTLACAAQTR-UHFFFAOYSA-N,C(=O)(C(F)(F)F)O,TFA,TFA,"Visible-light-mediated_Minisci_CH_alkylation_of_heteroarenes_with_unactivated_alkyl_halides_using_Osub2sub_as_an_oxidant, Yin et al. - 2020 - Photoredox Catalytic Trifluoromethylation and Perfluoroalkylation of Arenes Using Trifluoroacetic an",0.000197
WJJMNDUMQPNECX-UHFFFAOYSA-N,C1=CC(=NC(=C1)C(=O)O)C(=O)O,Dipicolinic acid,Dipicolinic acid,"Das et al. - 2018 - Copper catalyzed photoredox synthesis of α-keto esters, quinoxaline, and naphthoquinone controlled",0.000197
YEBHLCHQFXNXLI-UHFFFAOYSA-N,C=C(C(=O)OC)C1(OC(=O)OC(C)(C)C)C(=O)N(c2ccccc2)N=C1C,C19H22N2O6,2a,Silverchiral_pyrrolidinopyridine_relay_catalytic_cycloisomerization2  3_cycloadditions_of_enynamides_to_asymmetrically_s,0.000196
QROGIFZRVHSFLM-KXFIGUGUSA-N,C/C=C\c1ccccc1,C9H10,"2a-E, 2a-Z",Angew Chem Int Ed - 2019 - Meng - Controllable Isomerization of Alkenes by Dual Visible‐Light‐Cobalt Catalysis,0.000195
WNPMJTVOWUTTSY-UHFFFAOYSA-M,[Br-].C(F)(F)[P+](c1ccccc1)(c2ccccc2)c3ccccc3,C19H16BrF2P,"2, KH 2 PO 4",Visible-light-induced_radical_hydrodifluoromethylation_of_alkenes,0.000194
JMVIVASFFKKFQK-UHFFFAOYSA-N,O=C1CCCN1c1ccccc1,pyrrolidinone derivative,pyrrolidinone derivative,Dutta et al. - 2021 - Visible light-promoted synthesis of pyrrolidinone derivatives via Rose Bengal as a photoredox,0.000194
REAWFFILFYWVSY-UHFFFAOYSA-N,CCOC(=O)CC12CC(I)(C1)C2,C9H13IO2,5a,Synthesis_and_applications_of_highly_functionalized_1-halo-3-substituted_bicyclo1.1.1pentanes,0.000194
CXHLHMNJNAUHJW-UHFFFAOYSA-N,CC1CC(c2ccccc2)(c2ccccc2)C(=O)N1c1ccccc1,C23H21NO,3a,Straightforward_synthesis_of_functionalized_-Lactams_using_impure_CO2_stream_as_the_carbon_source,0.000193
NKNDPYCGAZPOFS-UHFFFAOYSA-M,[Cu]Br,Cu(IPr)Br,"CuBr, Cu(IPr)Br","Banerjee et al. - 2022 - Excited‐State Copper Catalysis for the Synthesis of Heterocycles, Catalytic_asymmetric_radical_aminoperfluoroalkylation_and_aminodifluoromethylation_of_alkenes_to_versatile_enantioenrich",0.000193
TXYOCRYGTYCMGO-UHFFFAOYSA-N,COc1ccc(C2(O)COC2)cc1,C10H12O3,"3, 4",Dubois et al. - 2023 - Visible Light Photoredox-Catalyzed Decarboxylative Alkylation of 3-Aryl-Oxetanes and Azetidines via,0.000192
KKUNTXAPIYPXLN-UHFFFAOYSA-N,COC(=O)c1ccc(CCCN(C)c2ccccc2)cc1,C18H21NO2,4aa,Photoredox-catalyzed_dicarbofunctionalization_of_styrenes_with_amines_and_COsub2sub_a_convenient_access_to_-amino_acids,0.000192
LYPGDCWPTHTUDO-UHFFFAOYSA-M,CS(=O)[O-].[Na+],sodium methanesulfinate,sodium methanesulfinate,Direct_sulfonylation_of_anilines_mediated_by_visible_light,0.000191
AUALQMFGWLZREY-UHFFFAOYSA-N,CC#N.CO,Acetonitrile/Methanol 9:1,Acetonitrile/Methanol 9:1,Baussière and Haugland - 2023 - Radical Group Transfer of Vinyl and Alkynyl Silanes Driven by Photoredox Catalysis,0.000191
VPCXVCNTHAMRBT-UHFFFAOYSA-N,C1(=CC=CC=C1)N(C1=C(C#N)C(=C(C(=C1F)N(C1=CC=CC=C1)C1=CC=CC=C1)F)N(C1=CC=CC=C1)C1=CC=CC=C1)C1=CC=CC=C1,3DPA2FBN,3DPA2FBN,"Cardinale et al. - 2020 - Photoredox‐Catalyzed Addition of Carbamoyl Radicals to Olefins A 1,4‐Dihydropyridine Approach",0.000191
KLDYQWXVZLHTKT-UHFFFAOYSA-N,C1=CC=NC(=C1)C2=CC=CC=N2.C1=CC=NC(=C1)C2=CC=CC=N2.C1=CC=NC(=C1)C2=CC=CC=N2.F[P-](F)(F)(F)(F)F.F[P-](F)(F)(F)(F)F.[Ru+2],[Ru(bpy) 3 ](PF 6 ) 2,"Ru(bpy)3(PF6)2, [Ru(bpy)3](PF6)2, PC3, [Ru(bpy) 3 ](PF 6 ) 2","Banerjee et al. - 2022 - Excited‐State Copper Catalysis for the Synthesis of Heterocycles, Brambilla et al. - 2023 - Synthesis of Indole‐Fused 1,4‐Diazepinones via Photoredox‐Catalyzed Cascade Cyclization Reaction, Catalytic_direct_hydrocarboxylation_of_styrenes_with_CO2_and_H2, Dubois et al. - 2023 - Visible Light Photoredox-Catalyzed Decarboxylative Alkylation of 3-Aryl-Oxetanes and Azetidines via, Enantioselective_catalytic_-amination_through_proton-coupled_electron_transfer_followed_by_stereocontrolled_radicalradic, Visible-light-mediated_Minisci_CH_alkylation_of_heteroarenes_with_unactivated_alkyl_halides_using_Osub2sub_as_an_oxidant, Zheng et al. - 2018 - Catalytic C−H Trifluoromethoxylation of Arenes and Heteroarenes",0.000191
CHPVQLYVDDOWNT-UHFFFAOYSA-N,Cn1c(=O)cnc2ccccc21,1 mol%,"1a, 1 mol%",Direct_CH_difluoromethylation_of_heterocycles_via_organic_photoredox_catalysis,0.00019
NAMED__chcl3,,CHCl 3,CHCl 3,"Access_to_a_new_class_of_synthetic_building_blocks_via_trifluoromethoxylation_of_pyridines_and_pyrimidines, Caffeine_as_a_naturally_green_and_biodegradable_catalyst_promoted_convenient_and_expedient_synthetic_route_for_the_synth, Catalytic_N-radical_cascade_reaction_of_hydrazones_by_oxidative_deprotonation_electron_transfer_and_TEMPO_mediation, Direct_CH_difluoromethylation_of_heterocycles_via_organic_photoredox_catalysis, Enantioselective_catalytic_-amination_through_proton-coupled_electron_transfer_followed_by_stereocontrolled_radicalradic",0.00019
AQDXBJGFGAIZBE-LAVKHLEISA-N,CC(=O)O[C@H]1[C@@H](OC(C)=O)C[C@](OC(C)=O)(C(=O)O)C[C@H]1OC(C)=O,C15H20O10,3,Bárbara et al. - 2025 - Protecting group-free photocatalyzed O-arylation of quinic acid,0.00019
KSZVOXHGCKKOLL-UHFFFAOYSA-N,C#Cc1ccc(C)cc1,C9H8,"2, 1a","Copper-catalysed_photoinduced_decarboxylative_alkynylation_a_combined_experimental_and_computational_study, Dual_goldphotoredox-catalyzed_CspH_arylation_of_terminal_alkynes_with_diazonium_salts",0.00019
ROFVEXUMMXZLPA-UHFFFAOYSA-N,C1=CC=NC(=C1)C2=CC=CC=N2,"bpy (2,2'-bipyridine)","bpy, bpy (2,2'-bipyridine), L1 (R = H), L2, NiBr2·L3","Bárbara et al. - 2025 - Protecting group-free photocatalyzed O-arylation of quinic acid, Calogero et al. - 2022 - A Photoredox Nozaki‐Hiyama Reaction Catalytic in Chromium, catalysts-13-01126, gg3c00053",0.000189
NFHFRUOZVGFOOS-UHFFFAOYSA-N,C1=CC=C(C=C1)P(C2=CC=CC=C2)C3=CC=CC=C3.C1=CC=C(C=C1)P(C2=CC=CC=C2)C3=CC=CC=C3.C1=CC=C(C=C1)P(C2=CC=CC=C2)C3=CC=CC=C3.C1=CC=C(C=C1)P(C2=CC=CC=C2)C3=CC=CC=C3.[Pd],Pd(PPh3)4,Pd(PPh3)4,Selective_single_CF_bond_arylation_of_trifluoromethylalkene_derivatives,0.000189
ZTXSPLGEGCABFL-UHFFFAOYSA-N,C1C23CC12C3,tricyclopentane (TCP),"staffane, tricyclopentane (TCP)",Synthesis_and_applications_of_highly_functionalized_1-halo-3-substituted_bicyclo1.1.1pentanes,0.000189
KCDAMWRCUXGACP-DHZHZOJOSA-N,CCOC(=O)/C(C#N)=C/c1ccccc1,C12H11NO2,2a,Visible_light-mediated_oxidative_decarboxylation_of_arylacetic_acids_into_benzyl_radicals_addition_to_electron-deficient,0.000189
MUDSDYNRBDKLGK-UHFFFAOYSA-N,Cc1ccnc2ccccc12,C10H9N,1,"Tertiary_Alcohols_as_Radical_Precursors_for_the_Introduction_of_Tertiary_Substituents_into_Heteroarenes, Visible-light-mediated_Minisci_CH_alkylation_of_heteroarenes_with_unactivated_alkyl_halides_using_Osub2sub_as_an_oxidant",0.000188
HFFQDUCESBXLGP-UHFFFAOYSA-N,F[B-](F)(F)F.c1ccc(C[n+]2c(-c3ccccc3)cc(-c3ccccc3)cc2-c2ccccc2)cc1,C30H24BF4N,1b,Visible-Light-Mediated_Deaminative_Three-Component_Dicarbofunctionalization_of_Styrenes_with_Benzylic_Radicals,0.000188
UJTPZISIAWDGFF-UHFFFAOYSA-N,C=CS(=O)(=O)c1ccccc1,phenyl vinyl sulfone (2a),"2a, phenyl vinyl sulfone (2a)",Photocatalytic_reverse_polarity_Povarov_reaction,0.000187
GHCRKFYOUAPPOI-UHFFFAOYSA-N,Cc1cc(C)c(C(F)(F)F)cc1C,1-mono,1-mono,Yin et al. - 2020 - Photoredox Catalytic Trifluoromethylation and Perfluoroalkylation of Arenes Using Trifluoroacetic an,0.000187
LVTYSLTUQWEDBA-UHFFFAOYSA-O,F[B-](F)(F)F.C1(=C(C(=CC(=C1)C)C)C1N2C(N=[NH+]1)=CCC2)C,NHC-1,NHC-1,Banjare et al. - 2025 - Radical C─H‐Aroylation of Allenes via Cooperative Photoredox and N ‐Heterocyclic Carbene Cata,0.000187
WRFNOIVNLVIEDC-UHFFFAOYSA-N,O=C(Oc1ccc(C(F)(F)F)cc1)C1(O)CC(O)C(O)C(O)C1,C14H15F3O6,Ar-I,Bárbara et al. - 2025 - Protecting group-free photocatalyzed O-arylation of quinic acid,0.000187
UQKPVMRRCVRQRR-UHFFFAOYSA-N,Cc1ccccc1.F[B-](F)F.[K+],C7H8BF3K,,Suzuki-type_cross-coupling_of_alkyl_trifluoroborates_with_acid_fluoride_enabled_by_NHCphotoredox_dual_catalysis,0.000186
KIHZCGNVAUKFSA-UHFFFAOYSA-N,CCOC(=O)C(C#N)C(Cc1ccc(N(C)C)cc1)c1ccccc1,C21H24N2O2,3a,Visible_light-mediated_oxidative_decarboxylation_of_arylacetic_acids_into_benzyl_radicals_addition_to_electron-deficient,0.000186
IJOOHPMOJXWVHK-UHFFFAOYSA-N,C[Si](C)(C)Cl,TMSCl,TMSCl,ChromiumCatalyzed_PinacolType_CrossCoupling_Studies_on_Stereoselectivity,0.000186
AEEMNDIKABIBHP-UHFFFAOYSA-N,OC(c1ccc(Cl)cc1)C(O)c1ccc(Cl)cc1,C14H12Cl2O2,2a,Diastereoselective_and_enantioselective_photoredox_pinacol_coupling_promoted_by_titanium_complexes_with_a_red-absorbing_,0.000186
KBFICDNOVNOKHW-UHFFFAOYSA-N,c1ccc(C(OP2Oc3ccccc3O2)c2ccccc2)cc1,C19H15O3P,2a,ja3c06524,0.000185
WGXAKSZYNWTLSQ-UHFFFAOYSA-N,CCOC(=O)C1=C(C)NC(C)=C(C(=O)OCC)C1C(=O)N1CCOCC1,C18H26N2O6,1a,"Cardinale et al. - 2020 - Photoredox‐Catalyzed Addition of Carbamoyl Radicals to Olefins A 1,4‐Dihydropyridine Approach",0.000184
XLRHSDRORZPSED-UHFFFAOYSA-N,COc1ccccc1C(=O)C=S(C)C,C11H14O2S,2a,"Rutheniumscpiiscp-catalyzed_chemoselective_deacylative_annulation_of_1,3-diones_with_sulfoxonium_ylides_iviai_CC_bond_ac",0.000184
ULDRXFWCPXYAAE-UHFFFAOYSA-N,CC(C)(C)OC(=O)C(=[N+]=[N-])c1ccccc1,C12H14N2O2,2b,"Bond_cleavage,_fragment_modification_and_reassembly_in_enantioselective_three-component_reactions",0.000184
BLRHMMGNCXNXJL-UHFFFAOYSA-N,Cn1ccc2ccccc21,C9H9N,"3d, 6a",Boselli et al. - 2025 - Visible‐Light Photoredox Catalytic Direct N ‐(Het)Arylation of Lactams,0.000183
CVQFKGYCRAJFPO-UHFFFAOYSA-M,P1(=O)(OC2=C(C3=CC=CC=C3C=C2)C2=C(C=CC3=CC=CC=C23)O1)[O-].C(CCC)[N+](CCCC)(CCCC)CCCC,C36H48NO4P,B1,Enantioselective_catalytic_-amination_through_proton-coupled_electron_transfer_followed_by_stereocontrolled_radicalradic,0.000183
LIGACIXOYTUXAW-UHFFFAOYSA-N,O=C(CBr)c1ccccc1,C8H7BrO,1a,Lead-Halide_Perovskites_for_Photocatalytic_-Alkylation_of_Aldehydes,0.000183
SCVFZCLFOSHCOH-UHFFFAOYSA-M,CC(=O)[O-].[K+],KOAc,KOAc,iOrthoi_CH_arylation_of_arenes_at_room_temperature_using_visible_light_ruthenium_CH_activation,0.000183
VXLSPWXXFPKQIM-UHFFFAOYSA-N,CC(C)(C)[Si](C)(C)Oc1c(-c2ccccc2)c(-c2ccccc2)c(N)c2ccccc12,C28H31NOSi,2a,Nickel-catalyzed_cyclization_of_alkyne-nitriles_with_organoboronic_acids_involving_anti-carbometalation_of_alkynes,0.000183
JAZWLEYGTKXZCJ-UHFFFAOYSA-N,C1=CC=C([C-]=C1)C2=CC=CC=N2.C1=CC=C([C-]=C1)C2=CC=CC=N2.C1=CC=C([C-]=C1)C2=CC=CC=N2.[Ir],fac-[Ir(ppy)3],"fac-[Ir(ppy)3], Ir(ppy)3","Arai et al. - 2016 - Oxydifluoromethylation of Alkenes by Photoredox Catalysis Simple Synthesis of CF2 H‐Cont, Boselli et al. - 2025 - Visible‐Light Photoredox Catalytic Direct N ‐(Het)Arylation of Lactams, Brambilla et al. - 2023 - Synthesis of Indole‐Fused 1,4‐Diazepinones via Photoredox‐Catalyzed Cascade Cyclization Reaction",0.000183
BKFAZDGHFACXKY-UHFFFAOYSA-N,CC(=O)[CH-]C(=O)C.CC(=O)[CH-]C(=O)C.[Co+2],Co(acac)2,Co(acac)2,Angew Chem Int Ed - 2019 - Meng - Controllable Isomerization of Alkenes by Dual Visible‐Light‐Cobalt Catalysis,0.000182
CQLFBEKRDQMJLZ-UHFFFAOYSA-M,CC(=O)[O-].[Ag+],AgOAc,AgOAc,"Catalytic_asymmetric_radical_aminoperfluoroalkylation_and_aminodifluoromethylation_of_alkenes_to_versatile_enantioenrich, Silverchiral_pyrrolidinopyridine_relay_catalytic_cycloisomerization2  3_cycloadditions_of_enynamides_to_asymmetrically_s",0.000182
VHYFNPMBLIVWCW-UHFFFAOYSA-N,CN(C)C1=CC=NC=C1,DMAP,DMAP,"Abdiaj - Improving the throughput of batch photochemical reactions using flow Dual photoredox and nickel cat, Tunable_CH_functionalization_and_dearomatization_enabled_by_an_organic_photocatalyst",0.000181
ZPWVASYFFYYZEW-UHFFFAOYSA-L,OP(=O)([O-])[O-].[K+].[K+],K2HPO4,K2HPO4,Chemistry A European J - 2022 - Prentice - Multi‐Resonant Thermally Activated Delayed Fluorescent  MR‐TADF  Compounds as,0.000181
LYGJENNIWJXYER-UHFFFAOYSA-N,C[N+](=O)[O-],CH3NO2 (nitromethane),"nitromethane, CH3NO2 (nitromethane)",Zhao et al. - 2014 - Dicyanopyrazine-derived push–pull chromophores for highly efficient photoredox catalysis,0.000181
WLPUWLXVBWGYMZ-UHFFFAOYSA-N,C1CCC(CC1)P(C2CCCCC2)C3CCCCC3,PCy 3,"PCy 3, PCy3","Nickel-catalyzed_cyclization_of_alkyne-nitriles_with_organoboronic_acids_involving_anti-carbometalation_of_alkynes, Palladium-catalyzed_thiocarbonylation_of_alkenes_toward_branched_thioesters_using_COsub2sub, PhosphinePhotoredox_Catalyzed_Anti-Markovnikov_Hydroamination_of_Olefins_with_Primary_Sulfonamides_via_-Scission_from_Ph",0.000181
ROVJDZFUHCIIRE-UHFFFAOYSA-N,CCOC(=O)CCC(CCC(=O)c1ccccc1)c1nc2ccccc2s1,C22H23NO3S,3,"Ye et al. - 2023 - Photoredox-enabled remote radical group migration Pathway to 1,7-dicarbonyl compounds from diazoalk",0.000181
OPQARKPSCNTWTJ-UHFFFAOYSA-L,CC(=O)[O-].CC(=O)[O-].[Cu+2],Cu(OAc)2,Cu(OAc)2,"Copper-catalyzed_regio-_and_stereo-selective_hydrosilylation_of_terminal_allenes_to_access_E-allylsilanes, ao3c10008",0.00018
ZROJAZFTIGCUFE-UHFFFAOYSA-N,CCOC(=O)c1cccc(O)c1NC(=O)C(C)(C)C,[Ir(dF(CF3)ppy)2(dtbbpy)]PF6,"2a, [Ir(dF(CF3)ppy)2(dtbbpy)]PF6",ao3c10008,0.00018
AEBWMEHGJIQWJZ-UHFFFAOYSA-N,Cc1ccc(C#CC2CCCCC2)cc1,C15H18,3,Copper-catalysed_photoinduced_decarboxylative_alkynylation_a_combined_experimental_and_computational_study,0.00018
QDHIAGVDKRWZNF-UHFFFAOYSA-N,CC1=C(C(C(=C(N1)C)C(=O)OC)C2=CC=CC=C2)C(=O)OC,Hantzsch methyl ester (HE),Hantzsch methyl ester (HE),Calogero et al. - 2022 - A Photoredox Nozaki‐Hiyama Reaction Catalytic in Chromium,0.00018
XKJBTCGUBJEATL-UHFFFAOYSA-N,CN(C)C(=NC1CCCCC1)NC1CCCCC1.CN(C)C(=NC1CCCCC1)NC1CCCCC1,amine,amine,"CH_functionalization_of_amines_with_aryl_halides_by_nickel-photoredox_catalysis, Photo-induced_oxidant-free_oxidative_CHNH_cross-coupling_between_arenes_and_azoles",0.00018
BQXIRRONDYQQRL-KESSSICBSA-N,CC(C)CC=C=C([C@@H](O)c1ccccc1)[Si](C(C)C)(C(C)C)C(C)C,3 (allenol),"3, 3 (allenol)","Asymmetric_1,4-functionalization_of_1,3-enynes_via_dual_photoredox_and_chromium_catalysis",0.000179
YLXGAUBLLDYNPV-UHFFFAOYSA-N,C=C[Si](C)(C)OC1B(I)Cc2ccccc21,C12H16BIOSi,4a,Baussière and Haugland - 2023 - Radical Group Transfer of Vinyl and Alkynyl Silanes Driven by Photoredox Catalysis,0.000179
HEDRZPFGACZZDS-UHFFFAOYSA-N,C(Cl)(Cl)Cl,Chloroform (CHCl3),"chloroform, Chloroform (CHCl3)","Bond_cleavage,_fragment_modification_and_reassembly_in_enantioselective_three-component_reactions, Silverchiral_pyrrolidinopyridine_relay_catalytic_cycloisomerization2  3_cycloadditions_of_enynamides_to_asymmetrically_s",0.000179
BDRHALAYJMDMNW-QHHAFSJGSA-N,COC(=S)C/C=C/n1cccn1,C8H10N2OS,3,Combining_photoredox_catalysis_and_hydrogen_atom_transfer_for_dearomative_functionalization_of_electron_rich_heteroarene,0.000179
HFSIOBKXANHHDL-UHFFFAOYSA-N,O=C1c2ccccc2C(=O)c2c1c1c(c3ccccc23)-c2ccccc2C1,C25H14O2,"2a, 3a",d1ra07314a,0.000178
MJMKODSCLNGBLE-JTQLQIEISA-N,CC(C)(c1c(F)cccc1F)[C@@H]1CCC(=O)N1,C13H15F2NO,2d,Catalytic_intramolecular_aminoarylation_of_unactivated_alkenes_with_aryl_sulfonamides,0.000178
UPMQYCYBLZEXEV-GHTZIAJQSA-N,Cc1cc(C)c(-n2c[n+]3c(n2)CO[C@H]2Cc4ccccc4[C@H]23)c(C)c1,C21H22N3O+,1,"Visible_light-mediated_organocatalyzed_1,3-aminoacylation_of_cyclopropane_employing_N-benzoyl_saccharin_as_bifunctional_",0.000177
GNXBFFHXJDZGEK-UHFFFAOYSA-N,CC(C)(C)C1=CC=C(C=C1)S,T1 (p‑tert‑butylthiophenol),"T1 (p‑tert‑butylthiophenol), T1 (20 mol%)",Arylcarboxylation_of_unactivated_alkenes_with_CO2_via_visible-light_photoredox_catalysis,0.000177
DGEZNRSVGBDHLK-UHFFFAOYSA-N,C1=CC2=C(C3=C(C=CC=N3)C=C2)N=C1,"1,10-phenanthroline","o-phenanthroline, NiBr2·L4, 1,10-phenanthroline","Bárbara et al. - 2025 - Protecting group-free photocatalyzed O-arylation of quinic acid, gg3c00053, ol3c04246",0.000176
KNHMTOFSFRMLRQ-YFHOEESVSA-N,CC1=NOC(=O)/C1=C\c1ccccc1,C11H9NO2,4,"Green_synthesis_of_3,4-disubstituted_isoxazol-54H-one_using_Gluconic_acid_aqueous_solution_as_an_efficient_recyclable_me",0.000176
UAMCZPCPAXDYCF-UHFFFAOYSA-N,CC(C)C1=C(C(C)C)C=CC=C1N=C2SC3=C(CCCCCC3)N2,E (protonated NHC),"Cesium carbonate, Dioxane, MTBE, E (protonated NHC)",Switching_mesoionic_carbene-organocatalysis_from_radical_to_ionic_pathway_through_base-controlled_formation_of_Breslow_i,0.000176
BMGNSKKZFQMGDH-FDGPNNRMSA-L,C/C(=C/C(=O)C)/[O-].C/C(=C/C(=O)C)/[O-].[Ni+2],Ni(acac)2·2H2O,"Ni(acac)2, Ni(acac)2·2H2O","Copper-catalysed_photoinduced_decarboxylative_alkynylation_a_combined_experimental_and_computational_study, Nickel-catalyzed_cyclization_of_alkyne-nitriles_with_organoboronic_acids_involving_anti-carbometalation_of_alkynes, ol3c04246",0.000176
VGIWSFWOJJDQAR-UHFFFAOYSA-N,O=S(=O)(C#Cc1ccccc1)c1ccccc1,C14H10O2S,2a,shi-et-al-2020-photoinduced-transition-metal-free-alkynylation-of-alkyl-pinacol-boronates,0.000175
MENUHMSZHZBYMK-VAWYXSNFSA-N,C(=C\C1CCCCC1)/c1ccccc1,Ir(dFppy) 3,"3a, Ir(dFppy) 3, Ir(ppy) 3",Bhaskar Pal et al. - 2023 - Stereospecific Photoredox‐Catalyzed Vinylations to Functionalized Alkenes and C ‐Glycosides,0.000175
RQQZTCZPEVNDOV-CNRUNOGKSA-N,[3H+]CCCc1ccccc1,C9H12+,1a',Thianthrenium-Enabled_Chromium-Catalyzed_Deuterated_Alkyl_Addition_to_Aldehydes_via_Photoactive_Electron_Donor-Acceptor_,0.000175
VQGHOUODWALEFC-UHFFFAOYSA-N,c1ccc(-c2ccccn2)cc1,C11H9N,1a,iOrthoi_CH_arylation_of_arenes_at_room_temperature_using_visible_light_ruthenium_CH_activation,0.000175
CFUBUMLJHKYLEL-UHFFFAOYSA-N,Cn1c(N2CCCC2=O)cc2ccccc21,C13H14N2O,"6a, 7a",Boselli et al. - 2025 - Visible‐Light Photoredox Catalytic Direct N ‐(Het)Arylation of Lactams,0.000175
RLXIVXLCVIWYMV-UHFFFAOYSA-N,CC(C)=CCCC(=O)NS(=O)(=O)c1c(F)cccc1F,C13H15F2NO3S,1d,Catalytic_intramolecular_aminoarylation_of_unactivated_alkenes_with_aryl_sulfonamides,0.000174
IRXDUNDBRIVFOK-UHFFFAOYSA-N,COC1=CC=C(C=C1)C=1N=C(C(=NC1C1=CC=C(C=C1)OC)C#N)C#N,N-phenyl-tetrahydroisoquinoline,"N-phenyl-tetrahydroisoquinoline, E",Zhao et al. - 2014 - Dicyanopyrazine-derived push–pull chromophores for highly efficient photoredox catalysis,0.000174
OGYQYQKXYJEOBG-UHFFFAOYSA-N,C=C(C)CC1OC2=NOCC(=O)C2O1,C9H11NO4,2,Photoactive_electron_donoracceptor_complex_platform_for_Ni-mediated_Cspsup3supCspsup2sup_bond_formation,0.000174
AMXFFURTOYRFLQ-UHFFFAOYSA-M,CCOC(=O)c1n(C)cc[n+]1C.O=S(=O)([O-])C(F)(F)F,C9H13F3N2O5S,2a,Goto and Ohmiya - 2025 - Distal C–H functionalization of alkoxyarenes through organic photoredox-catalyzed radical–radical co,0.000173
CPKRCGUDZGKAPJ-UHFFFAOYSA-N,O=C(Cc1ccccc1)NCc1ccccc1,amide,amide,Borate_esters_as_convenient_reagents_for_direct_amidation_of_carboxylic_acids_and_transamidation_of_primary_amides,0.000173
FJOLTQXXWSRAIX-UHFFFAOYSA-N,[Ag+].[Ag+].[Ag+].O[P](=O)(O)O,Ag3PO4,Ag3PO4,Catalytic_asymmetric_radical_aminoperfluoroalkylation_and_aminodifluoromethylation_of_alkenes_to_versatile_enantioenrich,0.000172
HWYVAZHJVBKBLL-UHFFFAOYSA-N,N#CC1=C(N(C2=CC=CC=C2)C2=CC=CC=C2)C(F)=C(N(C3=CC=CC=C3)C3=CC=CC=C3)C(N(C4=CC=CC=C4)C4=CC=CC=C4)=C1F,C43H30F2N4,13,jo2c02952,0.000172
YNAUPJHAAOZVLV-UIOOFZCWSA-N,C1[C@H](N=C(O1)C2=CC=CC3=C2OC4=C3C=CC=C4C5=N[C@@H](CO5)C6=CC=CC=C6)C7=CC=CC=C7,C30H22N2O3,L1,A_chiral_nickel_DBFOX_complex_as_a_bifunctional_catalyst_for_visible-light-promoted_asymmetric_photoredox_reactions,0.000172
NAMED__co21atm,,CO2 (1 atm),CO2 (1 atm),"Photocatalytic_synthesis_of_tetra-substituted_furans_promoted_by_carbon_dioxide, Photoredox-catalyzed_dicarbofunctionalization_of_styrenes_with_amines_and_COsub2sub_a_convenient_access_to_-amino_acids",0.000172
IPIAAPZXBHHMGU-UHFFFAOYSA-N,CCOC(=O)c1ccccc1NC(=O)C(C)(C)C,C14H19NO3,1a,ao3c10008,0.000171
YLHXLHGIAMFFBU-UHFFFAOYSA-N,COC(=O)C(=O)c1ccccc1,C9H8O3,3a,"Das et al. - 2018 - Copper catalyzed photoredox synthesis of α-keto esters, quinoxaline, and naphthoquinone controlled",0.000171
XJASRMYHIKVZSP-UHFFFAOYSA-N,COC(=O)c1ccc(C(C)C(=O)O)cc1,C11H12O4,2a,Catalytic_direct_hydrocarboxylation_of_styrenes_with_CO2_and_H2,0.000171
QKZYYZLGUZGZGE-UHFFFAOYSA-N,CC(C)[Si](C#CC1CCCCC1)(C(C)C)C(C)C,alkyl-TIPS-alkyne,alkyl-TIPS-alkyne,Copper-catalysed_photoinduced_decarboxylative_alkynylation_a_combined_experimental_and_computational_study,0.000171
SECBTVVNDUTYSN-BQHMLIOBSA-N,CC1(C)O[C@H]2O[C@H]3COC(C)(C)O[C@@H]3[C@H](I)[C@@H]2O1,C12H19IO5,12,Synthesis_of_a_polyisobutylene-tagged_fac-Irppysub3sub_complex_and_its_application_as_recyclable_visible-light_photocata,0.000171
OKGZHVLJQPXHQR-UHFFFAOYSA-N,FC(F)CCCc1ccccc1,C10H12F2,5a,Visible-light-induced_radical_hydrodifluoromethylation_of_alkenes,0.00017
LTURAHVRIBEEPR-UHFFFAOYSA-N,COC1=C(Br)C(=O)c2ccccc2C1=O,C11H7BrO3,1c,d1ra07314a,0.00017
ZGDACICMGSDACP-UHFFFAOYSA-N,COC(=O)c1ccc(C(=O)NCc2ccccc2)cc1,C16H15NO3,3a,gg3c00053,0.00017
LFKXWKGYHQXRQA-FDGPNNRMSA-N,C/C(=C/C(=O)C)/O.C/C(=C/C(=O)C)/O.[Fe],Fe(acac)2,Fe(acac)2,Copper-catalysed_photoinduced_decarboxylative_alkynylation_a_combined_experimental_and_computational_study,0.00017
ZHWQZMLVJYMAPV-UHFFFAOYSA-N,F[P-](F)(F)(F)(F)F.FC1=C(C2=NC=CC=C2)C=C(C(F)(F)F)C=C1F.FC1=C(C2=NC=CC=C2)C=C(C(F)(F)F)C=C1F.C1=CC=NC(=C1)C1=CC=CC=N1.[Ir+3],C34H20F16IrN4P+2,PC1,Enantioselective_catalytic_-amination_through_proton-coupled_electron_transfer_followed_by_stereocontrolled_radicalradic,0.000169
IMNIMPAHZVJRPE-UHFFFAOYSA-N,C1CN2CCN1CC2,"1,4-Diazabicyclo[2.2.2]octane (DABC…","DABCO, DABCO (2.0), 1,4-Diazabicyclo[2.2.2]octane (DABCO)","Fan et al. - 2023 - PhotoredoxHAT dual-catalyzed carboxylation of benzyl chlorides with CO2 using thiophenolate and for, Ni_single_atoms_on_carbon_nitride_for_visible-light-promoted_full_heterogeneous_dual_catalysis, Silverchiral_pyrrolidinopyridine_relay_catalytic_cycloisomerization2  3_cycloadditions_of_enynamides_to_asymmetrically_s, Transition_metal-free_visible_light_photoredox-catalyzed_remote_Csp3H_borylation_enabled_by_1,5-hydrogen_atom_transfer, Ye et al. - 2023 - Photoredox-enabled remote radical group migration Pathway to 1,7-dicarbonyl compounds from diazoalk, fchem-10-1087834, jo3c00895, sc5c11241",0.000169
CAABRJFUDNBRJZ-UHFFFAOYSA-N,CCc1ccc(C(=O)OC)cc1,C10H12O2,3a,Catalytic_direct_hydrocarboxylation_of_styrenes_with_CO2_and_H2,0.000169
KMTDMTZBNYGUNX-UHFFFAOYSA-N,Cc1ccc(CO)cc1,C8H10O,1A,Photodehydrogenation_of_alcohols_catalysed_by_a_single_ruthenium_N-Heterocyclic_carbene_complex,0.000167
YOCRKHKJFCWTHG-UHFFFAOYSA-N,O1C(=NCC1)C1=NC(=CC=C1)C=1OCCN1,PyBox,"PyBox, L4","CH_functionalization_of_amines_with_aryl_halides_by_nickel-photoredox_catalysis, Nickel-catalyzed_allylic_defluorinative_alkylation_of_trifluoromethyl_alkenes_with_reductive_decarboxylation_of_redox-ac",0.000167
KWOLFJPFCHCOCG-UHFFFAOYSA-N,CC(=O)c1ccccc1,C8H8O,3a,Lead-Halide_Perovskites_for_Photocatalytic_-Alkylation_of_Aldehydes,0.000166
ASJMBXHLOFYQOF-UHFFFAOYSA-N,O=C(C=Cc1ccccc1)c1nccn1-c1ccccc1,C18H14N2O,1a,Enantioselective_catalytic_-amination_through_proton-coupled_electron_transfer_followed_by_stereocontrolled_radicalradic,0.000166
WIKQEUJFZPCFNJ-UHFFFAOYSA-N,C(=O)(O)O.[Ag].[Ag],Ag2CO3,Ag2CO3,Catalytic_asymmetric_radical_aminoperfluoroalkylation_and_aminodifluoromethylation_of_alkenes_to_versatile_enantioenrich,0.000166
FXLOVSHXALFLKQ-UHFFFAOYSA-N,Cc1ccc(C=O)cc1,C8H8O,1B,Photodehydrogenation_of_alcohols_catalysed_by_a_single_ruthenium_N-Heterocyclic_carbene_complex,0.000166
ZCMVKWHJRZGVRI-UHFFFAOYSA-N,CN(C)C(=O)C(Cc1ccccc1)N(C)C,C13H20N2O,14,Boselli et al. - 2023 - Enantioselective Catalytic Addition of N‐Acyl Radicals In Batch and In Flow Organophotoredox α‐Amin,0.000166
QWGBYVMROABKJB-UHFFFAOYSA-N,N#CC12C=c3ccccc3=CC1=c1ccccc1=C2,C18H11N,2a,ol3c04246,0.000166
RTHBSSOZADKMKH-UHFFFAOYSA-N,CC(=C=CC(C)C)C(=O)c1ccccc1,C14H16O,5,"NHC_and_visible_light-mediated_photoredox_co-catalyzed_1,4-sulfonylacylation_of_1,3-enynes_for_tetrasubstituted_allenyl_",0.000165
WRASDKOPULEZLR-UHFFFAOYSA-N,CC(C)=C=C(C)C(=O)c1ccccc1,C13H14O,4,"NHC_and_visible_light-mediated_photoredox_co-catalyzed_1,4-sulfonylacylation_of_1,3-enynes_for_tetrasubstituted_allenyl_",0.000165
GRCJNDFQVHXJAA-UHFFFAOYSA-N,CC.CN1CCOC1=O,C6H13NO2,1a,A_chiral_nickel_DBFOX_complex_as_a_bifunctional_catalyst_for_visible-light-promoted_asymmetric_photoredox_reactions,0.000165
JZOZHSRJFJNUOU-XHTSQIMGSA-N,C/C(=C\C(=O)C)/O.C/C(=C\C(=O)C)/O.O.[Zn],Zn(acac)2,Zn(acac)2,Copper-catalysed_photoinduced_decarboxylative_alkynylation_a_combined_experimental_and_computational_study,0.000165
LSZLYWSRWXFMOI-UHFFFAOYSA-N,C1=CC=C(C=C1)C2=C3C=CC(=C(C4=NC(=C(C5=CC=C([N-]5)C(=C6C=CC2=N6)C7=CC=CC=C7)C8=CC=CC=C8)C=C4)C9=CC=CC=C9)[N-]3.[Co+2],Co(TPP) (1 mol%),"Co(TPP), Co(TPP) (1 mol%), Co-II",Photoinduced_CoNi-cocatalyzed_Markovnikov_hydroarylation_of_unactivated_olefins_with_aryl_bromides,0.000165
OHMMFCQYKLBWSI-UHFFFAOYSA-N,O=C(CCc1ccccc1)Sc1ccccc1,C15H14OS,4a,Palladium-catalyzed_thiocarbonylation_of_alkenes_toward_branched_thioesters_using_COsub2sub,0.000165
PUYOPUWPWSBDHE-UHFFFAOYSA-N,N#Cc1c2c(c(C#N)c3ccccc13)CCC=C2,C16H10N2,PC-4,Goto and Ohmiya - 2025 - Distal C–H functionalization of alkoxyarenes through organic photoredox-catalyzed radical–radical co,0.000164
RMESWYTZUADOFK-UHFFFAOYSA-N,O=C(c1ccccc1)N1C(=O)c2ccccc2S1(=O)=O,C14H9NO4S,"2f, 2","Banjare et al. - 2025 - Radical C─H‐Aroylation of Allenes via Cooperative Photoredox and N ‐Heterocyclic Carbene Cata, Visible_light-mediated_organocatalyzed_1,3-aminoacylation_of_cyclopropane_employing_N-benzoyl_saccharin_as_bifunctional_",0.000164
IJWJZZZPQOQCOS-UHFFFAOYSA-N,COc1ccccc1-c1ccc(-c2ccccc2)o1,C17H14O2,3aa,"Rutheniumscpiiscp-catalyzed_chemoselective_deacylative_annulation_of_1,3-diones_with_sulfoxonium_ylides_iviai_CC_bond_ac",0.000163
JLTDJTHDQAWBAV-UHFFFAOYSA-N,CN(C)c1ccccc1,C8H11N,1a,Photoredox-catalyzed_dicarbofunctionalization_of_styrenes_with_amines_and_COsub2sub_a_convenient_access_to_-amino_acids,0.000163
NAMED__dcm,,DCM,DCM,"Catalytic_asymmetric_radical_aminoperfluoroalkylation_and_aminodifluoromethylation_of_alkenes_to_versatile_enantioenrich, Dutta et al. - 2021 - Visible light-promoted synthesis of pyrrolidinone derivatives via Rose Bengal as a photoredox, Suzuki-type_cross-coupling_of_alkyl_trifluoroborates_with_acid_fluoride_enabled_by_NHCphotoredox_dual_catalysis, Visible-light-induced_radical_hydrodifluoromethylation_of_alkenes, Visible_light-mediated_organocatalyzed_1,3-aminoacylation_of_cyclopropane_employing_N-benzoyl_saccharin_as_bifunctional_, d2ra07064b, fchem-10-1087834",0.000163
OIEQQWQZUYZCRJ-UHFFFAOYSA-N,C1C(N=C(O1)C2=NC(CO2)CC3=CC=CC=C3)CC4=CC=CC=C4,Bn-BiOx,Bn-BiOx,CH_functionalization_of_amines_with_aryl_halides_by_nickel-photoredox_catalysis,0.000163
SBCHCGPHOQZMNK-UHFFFAOYSA-O,CC(C)C1=CC(C(C)C)=CC(C(C)C)=C1C2=C(C=CC(OC)=C2OC)P(C3CCCCC3)(C4CCCCC4)[Au].O=S(=O)(N(S(=O)(=O)C(F)(F)F)S(=O)(=O)C(F)(F)F)C(F)(F)F,BrettPhosAuNTf2,BrettPhosAuNTf2,Atom-economic_generation_of_gold_carbenes_gold-catalyzed_formal_32_cycloaddition_between_ynamides_and_isoxazoles,0.000163
TZAIDWKLXJVICV-CQSZACIVSA-N,CC(C)Cc1ccc([C@@H](C)C(=O)c2ccc(F)cc2)cc1,C19H21FO,3a,Carbene_and_photocatalyst-catalyzed_decarboxylative_radical_coupling_of_carboxylic_acids_and_acyl_imidazoles_to_form_ket,0.000161
ICYDDXYFNOMEKR-UHFFFAOYSA-N,CN(C[Si](C)(C)C)c1ccccc1,C11H19NSi,2a,A_chiral_nickel_DBFOX_complex_as_a_bifunctional_catalyst_for_visible-light-promoted_asymmetric_photoredox_reactions,0.000161
HCHKCACWOHOZIP-UHFFFAOYSA-N,[Zn],Zn,Zn,"Nickel-catalyzed_allylic_defluorinative_alkylation_of_trifluoromethyl_alkenes_with_reductive_decarboxylation_of_redox-ac, Visible-light-induced_radical_hydrodifluoromethylation_of_alkenes",0.000161
TXRPHPUGYLSHCX-UHFFFAOYSA-N,[B-](F)(F)(F)F.[B-](F)(F)(F)F.C1C[N+]2(CC[N+]1(CC2)CCl)F,C7H14B2ClF9N2,1,Angiolini_ChemCatChem_10.1002_cctc.202500240,0.000161
LTLMCZPHIZXUIT-UHFFFAOYSA-N,N#Cc1cc[n+](OC(F)(F)F)cc1.O=S(=O)([N-]S(=O)(=O)C(F)(F)F)C(F)(F)F,C9H4F9N3O5S2,2a,Duhail et al. - 2021 - Radical α-Trifluoromethoxylation of Ketones under Batch and Flow Conditions by Means of Organic Phot,0.000161
BMGNSKKZFQMGDH-UHFFFAOYSA-N,[Ni+2].O=C(C)C=C(C)O.O=C(C)C=C(C)O,Ni(acac)2,Ni(acac)2,Nickel-catalyzed_allylic_defluorinative_alkylation_of_trifluoromethyl_alkenes_with_reductive_decarboxylation_of_redox-ac,0.000161
IRSJDVYTJUCXRV-UHFFFAOYSA-N,CCOC(=O)C(F)(F)Br,C4H5BrF2O2,2a,ol3c01795,0.000161
SDUQQTUFOHZBMY-UHFFFAOYSA-K,[Cs+].[Pb+2].[Br-].[Br-].[Br-],CsPbBr3,CsPbBr3,Lead-Halide_Perovskites_for_Photocatalytic_-Alkylation_of_Aldehydes,0.00016
NJEKWKIZWXCJCB-UHFFFAOYSA-N,CC(C)(Br)C12CC([N+](=O)[O-])(C1)C2,C8H12BrNO2,6b,Synthesis_and_applications_of_highly_functionalized_1-halo-3-substituted_bicyclo1.1.1pentanes,0.00016
SDDLQFOXUFDDBO-UHFFFAOYSA-N,C=C=C(C)c1ccc(OC)cc1,C11H12O,1a,Banjare et al. - 2025 - Radical C─H‐Aroylation of Allenes via Cooperative Photoredox and N ‐Heterocyclic Carbene Cata,0.00016
USHAGKDGDHPEEY-UHFFFAOYSA-L,[O-]S(=O)(=O)OOS(=O)(=O)[O-].[K+].[K+],K2S2O8,K2S2O8,"Direct_sulfonylation_of_anilines_mediated_by_visible_light, ao3c10008, ol3c04246",0.00016
QFFTYYPRDIHUTN-UHFFFAOYSA-N,O=C(CC1CCCn2c1cc1ccccc12)c1ccccc1C(F)(F)F,C21H18F3NO,3a,Banerjee et al. - 2022 - Excited‐State Copper Catalysis for the Synthesis of Heterocycles,0.000159
KNXFTTVGCWXXOS-SSEXGKCCSA-N,Cc1ccc([C@@](C)(CS(=O)(=O)c2cccc(OCc3ccccc3)c2)C(=O)Nc2ccccc2)cc1,C30H29NO4S,4k,Accessing_chiral_sulfones_bearing_quaternary_carbon_stereocenters_via_photoinduced_radical_sulfur_dioxide_insertion_and_,0.000159
XAJPUJWOMJJPNU-UHFFFAOYSA-N,CC1=CN=C(C=C1)C2=C(C=C(C=[C-]2)F)F.CC1=CN=C(C=C1)C2=C(C=C(C=[C-]2)F)F.CC(C)(C)C1=CC(=NC=C1)C2=NC=CC(=C2)C(C)(C)C.F[P-](F)(F)(F)(F)F.[Ir+3],3 (see structure 3),3 (see structure 3),PhosphinePhotoredox_Catalyzed_Anti-Markovnikov_Hydroamination_of_Olefins_with_Primary_Sulfonamides_via_-Scission_from_Ph,0.000159
AFLJPSHBZQPZOU-UHFFFAOYSA-N,COC(=O)C(Nc1ccccc1)C(c1ccccc1Br)C1CC1,C19H20BrNO2,5,"Bond_cleavage,_fragment_modification_and_reassembly_in_enantioselective_three-component_reactions",0.000159
LGPVMBUKEPZKLT-UHFFFAOYSA-N,CCCCCCC(C)c1ccc(C(=O)OC)cc1,C16H24O2,3aa,Photoinduced_CoNi-cocatalyzed_Markovnikov_hydroarylation_of_unactivated_olefins_with_aryl_bromides,0.000159
NAMED__niacac22h2o,,Ni(acac) 2 $ 2H 2 O,Ni(acac) 2 $ 2H 2 O,Nickel-catalyzed_cyclization_of_alkyne-nitriles_with_organoboronic_acids_involving_anti-carbometalation_of_alkynes,0.000159
MQPWZOCJUCOTTB-UHFFFAOYSA-L,FC(C(=O)[O-])(F)F.FC(C(=O)[O-])(F)F.C1(=CC=CC=C1)[I+2],PhI(TFA)2,PhI(TFA)2,ao3c10008,0.000158
VJLGQFKEZZRPDE-UHFFFAOYSA-N,O=C(C=CC(F)(F)F)c1ccccc1,C10H7F3O,5,Electrochemical_deoxygenative_trifluoromethylallenylation_of_propargylic_alcohols_iviai_sodium-mediated_pre-association,0.000158
RFFBZIBWELAARI-PMERELPUSA-N,Cc1ccc([C@](C)(CS(=O)(=O)c2cccc(OBCc3ccccc3)c2)C(=O)Nc2ccccc2)cc1,C30H30BNO4S,4q,Accessing_chiral_sulfones_bearing_quaternary_carbon_stereocenters_via_photoinduced_radical_sulfur_dioxide_insertion_and_,0.000158
QLPCAAJSEQIZOP-UHFFFAOYSA-N,CC(C)C1=CC(=C(C(=C1)C(C)C)S)C(C)C,TRIP-SH (10 mol%),"TRIP-SH, TRIP-SH (10 mol%)",PhosphinePhotoredox_Catalyzed_Anti-Markovnikov_Hydroamination_of_Olefins_with_Primary_Sulfonamides_via_-Scission_from_Ph,0.000158
DRLPQHUSIRTYBM-UHFFFAOYSA-N,C=C(c1ccccc1)N1CCOCC1,C12H15NO,3a,"Bond_cleavage,_fragment_modification_and_reassembly_in_enantioselective_three-component_reactions",0.000158
KYDZEZNYRFJCSA-UHFFFAOYSA-N,CC(C)(C)c1ccc(S(N)(=O)=O)cc1,5 (see structure 5),"1, 5 (see structure 5)",PhosphinePhotoredox_Catalyzed_Anti-Markovnikov_Hydroamination_of_Olefins_with_Primary_Sulfonamides_via_-Scission_from_Ph,0.000157
LPRVPPCEQXHJNY-UHFFFAOYSA-N,CC1=CC(C)=CC(C)=C1C1=C2C=CC=CC2=[N+](C2=CC=CC=C21)C1=CC=CC=C1,cat-V (Acr+-Mes),cat-V (Acr+-Mes),A_general_deoxygenation_approach_for_synthesis_of_ketones_from_aromatic_carboxylic_acids_and_alkenes,0.000157
CN1C=Cn(CC2=C3=C4=C5C(=CC=CC5=CC=C4C=C2)C=C3)[c]1[Ru]([CH3])([Cl])[Cl].Cc1ccc(C(C)C)cc1,CN1C=Cn(CC2=C3=C4=C5C(=CC=CC5=CC=C4C=C2)C=C3)[c]1[Ru]([CH3])([Cl])[Cl].Cc1ccc(C(C)C)cc1,[Ru] (structure I),[Ru] (structure I),Photodehydrogenation_of_alcohols_catalysed_by_a_single_ruthenium_N-Heterocyclic_carbene_complex,0.000157
VSNVMKPVQVVMBS-UHFFFAOYSA-N,CC(=CC[SiH](c1ccccc1)c1ccccc1)c1ccccc1,C22H22Si,3a,Copper-catalyzed_regio-_and_stereo-selective_hydrosilylation_of_terminal_allenes_to_access_E-allylsilanes,0.000156
CDBYLPFSWZWCQE-UHFFFAOYSA-L,C(=O)([O-])[O-].[Na+].[Na+],Na2CO3 (sodium carbonate),"Sodium carbonate, Na2CO3, Na2CO3 (sodium carbonate)","Alandini_Angewandte Chemie International Edition_10.1002_anie.202000224, Cooperative_photoredox_and_N-heterocyclic_carbene-catalyzed_formal_CH_acylation_of_cyclopropanes_iviai_a_deconstructionr, Rutheniumscpiiscp-catalyzed_chemoselective_deacylative_annulation_of_1,3-diones_with_sulfoxonium_ylides_iviai_CC_bond_ac, fchem-10-1087834, ol3c04246",0.000156
FAQJJMHZNSSFSM-UHFFFAOYSA-N,O=C(O)C(=O)c1ccccc1,C8H6O3,2a,molecules-27-01980-v2,0.000156
SCZKYWXBBAZESB-LQNXFFKNSA-N,COC(=O)[C@@H]1c2ccccc2N2C(=O)CC[C@H](O)C12,C14H15NO4,3a,Tunable_CH_functionalization_and_dearomatization_enabled_by_an_organic_photocatalyst,0.000156
MFLJFZHAYJQINW-UHFFFAOYSA-N,N#Cc1ccc(C2CCCCC2)cn1,C12H14N2,3,Photoactive_electron_donoracceptor_complex_platform_for_Ni-mediated_Cspsup3supCspsup2sup_bond_formation,0.000156
Ni(ClO4)2,Ni(ClO4)2,Ni(ClO4)2·6H2O,Ni(ClO4)2·6H2O,A_chiral_nickel_DBFOX_complex_as_a_bifunctional_catalyst_for_visible-light-promoted_asymmetric_photoredox_reactions,0.000155
NAMED__ch2cl2,,CH 2 Cl 2,CH 2 Cl 2,"Access_to_a_new_class_of_synthetic_building_blocks_via_trifluoromethoxylation_of_pyridines_and_pyrimidines, Baussière and Haugland - 2023 - Radical Group Transfer of Vinyl and Alkynyl Silanes Driven by Photoredox Catalysis, Bhaskar Pal et al. - 2023 - Stereospecific Photoredox‐Catalyzed Vinylations to Functionalized Alkenes and C ‐Glycosides, Caffeine_as_a_naturally_green_and_biodegradable_catalyst_promoted_convenient_and_expedient_synthetic_route_for_the_synth, Enantioselective_catalytic_-amination_through_proton-coupled_electron_transfer_followed_by_stereocontrolled_radicalradic, Ptscpiiscp_coordination_complexes_as_visible_light_photocatalysts_for_the_oxidation_of_sulfides_using_batch_and_flow_pro",0.000155
SBZXBUIDTXKZTM-UHFFFAOYSA-N,COCCOCCOC,NiBr2(diglyme),NiBr2(diglyme),Nickel-catalyzed_allylic_defluorinative_alkylation_of_trifluoromethyl_alkenes_with_reductive_decarboxylation_of_redox-ac,0.000155
YCUPINRNTHGMQF-UHFFFAOYSA-N,CC(=O)c1ccc(F)cc1OC(F)(F)F,C9H6F4O2,4,Duhail et al. - 2021 - Radical α-Trifluoromethoxylation of Ketones under Batch and Flow Conditions by Means of Organic Phot,0.000155
CHLUIDFEYBKIPZ-UHFFFAOYSA-N,COc1ccc(C(=O)n2ccnc2)cc1,C11H10N2O2,"1a, 2a",Cooperative_photoredox_and_N-heterocyclic_carbene-catalyzed_formal_CH_acylation_of_cyclopropanes_iviai_a_deconstructionr,0.000155
FPEUDBGJAVKAEE-UHFFFAOYSA-N,COc1cccc(OC)c1C,C9H12O2,1a,Goto and Ohmiya - 2025 - Distal C–H functionalization of alkoxyarenes through organic photoredox-catalyzed radical–radical co,0.000155
DIEXQJFSUBBIRP-UHFFFAOYSA-N,B(OCC(F)(F)F)(OCC(F)(F)F)OCC(F)(F)F,B(OCH 2 CF 3 ) 3,B(OCH 2 CF 3 ) 3,Borate_esters_as_convenient_reagents_for_direct_amidation_of_carboxylic_acids_and_transamidation_of_primary_amides,0.000155
RJYMRRJVDRJMJW-UHFFFAOYSA-L,[Mn](Br)Br,MnBr2 (10%),"MnBr2, MnBr2 (10%)",catalysts-13-01126,0.000154
QRZAKQDHEVVFRX-UHFFFAOYSA-N,O=C(O)Cc1ccc(-c2ccccc2)cc1,C14H12O2,2a,Fan et al. - 2023 - PhotoredoxHAT dual-catalyzed carboxylation of benzyl chlorides with CO2 using thiophenolate and for,0.000154
ZOMQCVKHGOMNER-UHFFFAOYSA-N,C1=CC=C(C=C1)N(C2=CC=CC=C2)C3=C(C(=C(C(=C3C#N)N(C4=CC=CC=C4)C5=CC=CC=C5)N(C6=CC=CC=C6)C7=CC=CC=C7)N(C8=CC=CC=C8)C9=CC=CC=C9)C#N,4DPAIPN,4DPAIPN,Fan et al. - 2023 - PhotoredoxHAT dual-catalyzed carboxylation of benzyl chlorides with CO2 using thiophenolate and for,0.000154
FCJSHPDYVMKCHI-UHFFFAOYSA-N,O=C(Oc1ccccc1)c1ccccc1,C13H10O2,2a,"NHC_and_visible_light-mediated_photoredox_co-catalyzed_1,4-sulfonylacylation_of_1,3-enynes_for_tetrasubstituted_allenyl_",0.000154
YVVNAAHLMSJUMM-UHFFFAOYSA-N,COC(=O)CCCc1ccc(CC(c2ccccc2)N(C)C)cc1,C21H27NO2,3aa,Photoredox-catalyzed_dicarbofunctionalization_of_styrenes_with_amines_and_COsub2sub_a_convenient_access_to_-amino_acids,0.000154
NUJGJRNETVAIRJ-UHFFFAOYSA-N,CCCCCCCC=O,C8H16O,2a,Lead-Halide_Perovskites_for_Photocatalytic_-Alkylation_of_Aldehydes,0.000154
UEXCJVNBTNXOEH-UHFFFAOYSA-N,C#Cc1ccccc1,C8H6,1a,"Das et al. - 2018 - Copper catalyzed photoredox synthesis of α-keto esters, quinoxaline, and naphthoquinone controlled",0.000154
QBVAVPQVUBLPGQ-UHFFFAOYSA-N,OC(C=CC(F)(F)F)c1ccccc1,C10H9F3O,4,Electrochemical_deoxygenative_trifluoromethylallenylation_of_propargylic_alcohols_iviai_sodium-mediated_pre-association,0.000154
QDAVETPLPKPNLB-UHFFFAOYSA-N,Oc1cccc(c1)C2OC(CN2),Salox-10,"Salox-9, Salox-1, Salox-2, Salox-3, Salox-4, Salox-5, Salox-6, Salox-7, Salox-8, Salox-10",NN_atropisomer_synthesis_iviai_electrolyte-_and_base-free_electrochemical_cobalt-catalysed_CH_annulation,0.000153
QYTDEUPAUMOIOP-UHFFFAOYSA-N,CC1(CCCC(N1[O])(C)C)C,1 eq. TEMPO,"1 eq. TEMPO, TEMPO","A_chiral_nickel_DBFOX_complex_as_a_bifunctional_catalyst_for_visible-light-promoted_asymmetric_photoredox_reactions, Catalytic_N-radical_cascade_reaction_of_hydrazones_by_oxidative_deprotonation_electron_transfer_and_TEMPO_mediation, Ni_single_atoms_on_carbon_nitride_for_visible-light-promoted_full_heterogeneous_dual_catalysis, Yin et al. - 2020 - Photoredox Catalytic Trifluoromethylation and Perfluoroalkylation of Arenes Using Trifluoroacetic an",0.000153
KAVUKAXLXGRUCD-UHFFFAOYSA-M,C(F)(F)(F)S(=O)[O-].[Na+],"2b (CF3 source, Langlois reagent, u…","2b (CF3 source, Langlois reagent, used as standard)",Electrochemical_deoxygenative_trifluoromethylallenylation_of_propargylic_alcohols_iviai_sodium-mediated_pre-association,0.000153
DMSHUVBQFSNBBL-UHFFFAOYSA-N,N#Cc1ccc(Br)cn1,C6H3BrN2,1,Photoactive_electron_donoracceptor_complex_platform_for_Ni-mediated_Cspsup3supCspsup2sup_bond_formation,0.000153
DHDHJYNTEFLIHY-UHFFFAOYSA-N,C1=CC=C(C=C1)C2=C3C=CC4=C(C=CN=C4C3=NC=C2)C5=CC=CC=C5,bathophenanthroline,bathophenanthroline,Angiolini_ChemCatChem_10.1002_cctc.202500240,0.000153
NAMED__irdfcf3ppy2bpypf6,,[Ir(dFCF3ppy)2(bpy)]PF6,"[Ir(dFCF3ppy)2(bpy)]PF6, [Ir{dFCF3ppy}2(bpy)]PF6","ja4c02474, ol3c04246",0.000152
KWYUFKZDYYNOTN-UHFFFAOYSA-M,[OH-].[K+],KOH,KOH,"CH_functionalization_of_amines_with_aryl_halides_by_nickel-photoredox_catalysis, Photodehydrogenation_of_alcohols_catalysed_by_a_single_ruthenium_N-Heterocyclic_carbene_complex, au4c00902, fchem-10-1087834, sc5c11241",0.000152
AEEMNDIKABIBHP-ZIAGYGMSSA-N,O[C@H](c1ccc(Cl)cc1)[C@H](O)c1ccc(Cl)cc1,"(R,R)-2a","(R,R)-2a",Diastereoselective_and_enantioselective_photoredox_pinacol_coupling_promoted_by_titanium_complexes_with_a_red-absorbing_,0.000152
RMMXLENWKUUMAY-UHFFFAOYSA-N,CCCC1=NC2=C(N1CC3=CC=C(C=C3)C4=CC=CC=C4C(=O)O)C=C(C=C2C)C5=NC6=CC=CC=C6N5C,K2HPO4,K2HPO4,A_general_deoxygenation_approach_for_synthesis_of_ketones_from_aromatic_carboxylic_acids_and_alkenes,0.000152
JAEQZYYYDSNCAC-UHFFFAOYSA-N,C=C(c1ccc(OC)cc1)C(F)(F)c1ccccc1,C16H14F2O,4a,Selective_single_CF_bond_arylation_of_trifluoromethylalkene_derivatives,0.000152
SSYBGLWXGRWEFE-UHFFFAOYSA-N,c1ccc(-c2coc3ccccc23)cc1,C14H10O,"1a, 2a",d1ra07314a,0.000152
WFYPICNXBKQZGB-UHFFFAOYSA-N,C#CC=C,C4H4,1a,"NHC_and_visible_light-mediated_photoredox_co-catalyzed_1,4-sulfonylacylation_of_1,3-enynes_for_tetrasubstituted_allenyl_",0.000151
NAMED__nisaccn,,NiSAC/CN,NiSAC/CN,Ni_single_atoms_on_carbon_nitride_for_visible-light-promoted_full_heterogeneous_dual_catalysis,0.000151
KQGQONPKSKUHHT-CQSZACIVSA-N,CCOC(=O)[C@@H](Cc1c[nH]c2ccccc12)NC(C)=O,C15H18N2O3,1,ol3c01795,0.000151
WBDLSXCAFVEULB-UHFFFAOYSA-N,CS(=O)C.CC#N,DMSO/Acetonitrile (1:3),DMSO/Acetonitrile (1:3),Boselli et al. - 2023 - Enantioselective Catalytic Addition of N‐Acyl Radicals In Batch and In Flow Organophotoredox α‐Amin,0.000151
WMWFDNMJEMEEPY-UHFFFAOYSA-N,CCOC(=O)CC(C(=O)OCC)C1CCCN1C(=O)OCc1ccccc1,C20H27NO6,3a,Chemistry A European J - 2022 - Prentice - Multi‐Resonant Thermally Activated Delayed Fluorescent  MR‐TADF  Compounds as,0.000151
WTDHULULXKLSOZ-UHFFFAOYSA-N,Cl.NO,H4ClNO,3,"Green_synthesis_of_3,4-disubstituted_isoxazol-54H-one_using_Gluconic_acid_aqueous_solution_as_an_efficient_recyclable_me",0.00015
HQSCPPCMBMFJJN-UHFFFAOYSA-N,N#Cc1ccc(Br)cc1,4-bromobenzonitrile,4-bromobenzonitrile,ol3c02389,0.00015
NAMED__k2co3,,K 2 CO 3,K 2 CO 3,"Bhaskar Pal et al. - 2023 - Stereospecific Photoredox‐Catalyzed Vinylations to Functionalized Alkenes and C ‐Glycosides, Brambilla et al. - 2023 - Synthesis of Indole‐Fused 1,4‐Diazepinones via Photoredox‐Catalyzed Cascade Cyclization Reaction, Catalytic_N-radical_cascade_reaction_of_hydrazones_by_oxidative_deprotonation_electron_transfer_and_TEMPO_mediation, Suzuki-type_cross-coupling_of_alkyl_trifluoroborates_with_acid_fluoride_enabled_by_NHCphotoredox_dual_catalysis, ol3c02389",0.00015
NAMED__irppy2dtbbpypf6,,[Ir(ppy) 2 (dtbbpy)]PF 6,"[Ir(ppy)2(dtbbpy)]PF6, [Ir(ppy) 2 (dtbbpy)]PF 6","Carbene_and_photocatalyst-catalyzed_decarboxylative_radical_coupling_of_carboxylic_acids_and_acyl_imidazoles_to_form_ket, Dual_goldphotoredox-catalyzed_CspH_arylation_of_terminal_alkynes_with_diazonium_salts, NHC_and_visible_light-mediated_photoredox_co-catalyzed_1,4-sulfonylacylation_of_1,3-enynes_for_tetrasubstituted_allenyl_",0.00015
JRTIUDXYIUKIIE-KZUMESAESA-N,C1/C=C\CC/C=C\C1.C1/C=C\CC/C=C\C1.[Ni],Ni(COD)2,"Ni(COD)2, Ni(cod)2","NiPhotoredox-Catalyzed_Csp_sup3sup_Csp_sup3sup__Coupling_between_Aziridines_and_Acetals_as_Alcohol-Derived_Alkyl_Radical, Nickel-catalyzed_cyclization_of_alkyne-nitriles_with_organoboronic_acids_involving_anti-carbometalation_of_alkynes, Nickel-catalyzed_transamidation_of_aliphatic_amide_derivatives",0.000149
SEURGIUJCBPATE-MITHSLQISA-N,CC[C@@H]1OC2([CH]OC(C)(C)O2)[C@@H]2OC(C)(C)O[C@H]12,C13H21O5,13,Synthesis_of_a_polyisobutylene-tagged_fac-Irppysub3sub_complex_and_its_application_as_recyclable_visible-light_photocata,0.000149
LWHVKOKQTSVHAM-UHFFFAOYSA-N,CC(C(=O)Sc1ccccc1)c1ccccc1,C15H14OS,3a,Palladium-catalyzed_thiocarbonylation_of_alkenes_toward_branched_thioesters_using_COsub2sub,0.000149
AYQFIGASVMPYQZ-UHFFFAOYSA-N,C=CCC(O)CCc1ccccc1,C12H16O,3a,Calogero et al. - 2022 - A Photoredox Nozaki‐Hiyama Reaction Catalytic in Chromium,0.000149
OHSSNKXLTGLTOO-UHFFFAOYSA-N,O=[N+]([O-])CCC(Br)CCc1ccccc1,C11H14BrNO2,3a,catalysts-13-01126,0.000149
DXYUUWXBNTTZAU-UHFFFAOYSA-N,COc1ccc2c(c1)C(CC(=O)O)CC(C)(C)C2,C15H20O3,2a,Arylcarboxylation_of_unactivated_alkenes_with_CO2_via_visible-light_photoredox_catalysis,0.000148
LGMGVPOYXIWMKA-UHFFFAOYSA-N,COC(=O)Nc1cc(Br)c(OC)nc1OC(F)(F)F,C9H8BrF3N2O4,2a,Access_to_a_new_class_of_synthetic_building_blocks_via_trifluoromethoxylation_of_pyridines_and_pyrimidines,0.000148
CC(C)(C)c1cc[n+](cc1)-c1cc(cc[n+]1-c1ccccc1-c1cccc[n+]1[Ir-4]1(<-[n+]2ccccc2-c2ccccc21)<-[n+]1ccc(cc1)C(C)(C)C)C(C)(C)C.F[P-](F)(F)(F)(F)F,CC(C)(C)c1cc[n+](cc1)-c1cc(cc[n+]1-c1ccccc1-c1cccc[n+]1[Ir-4]1(<-[n+]2ccccc2-c2ccccc21)<-[n+]1ccc(cc1)C(C)(C)C)C(C)(C)C.F[P-](F)(F)(F)(F)F,[Ir(dtbbpy)(ppy) 2 ]PF 6,[Ir(dtbbpy)(ppy) 2 ]PF 6,Bárbara et al. - 2025 - Protecting group-free photocatalyzed O-arylation of quinic acid,0.000148
QNSPGMHCMUIBCQ-UHFFFAOYSA-N,CC(C)(CCc1ccccc1)OC(=O)C(=O)OCC(=O)c1ccccc1,C21H22O5,5b,Angew Chem Int Ed - 2021 - Amos - Direct Photoexcitation of Ethynylbenziodoxolones  An Alternative to Photocatalysis for,0.000148
JJJSFIPZLIZYPH-UHFFFAOYSA-N,COc1ccc(C(C[N+]2(C)CCCCC2)=C(F)F)cc1,C16H22F2NO+,3a,Selective_single_CF_bond_arylation_of_trifluoromethylalkene_derivatives,0.000148
AWOLTJZICWTLFS-AHDGVXFFSA-N,C1C[C@H](CN(C1)C(=O)/C=C/COCCOCCOCCOCCOCCOC2=CC=CC3=C2C(=O)N(C3=O)C4CCC(=O)NC4=O)N5C6=NC=NC(=C6C(=N5)C7=CC=C(C=C7)OC8=CC=CC=C8)N,Ir-1 (no light),Ir-1 (no light),Catalytic_intramolecular_aminoarylation_of_unactivated_alkenes_with_aryl_sulfonamides,0.000148
IMNAFOPBXTUXRM-UHFFFAOYSA-N,C=CC(C)(c1ccccc1)[SiH](c1ccccc1)c1ccccc1,"3a""","3a""",Copper-catalyzed_regio-_and_stereo-selective_hydrosilylation_of_terminal_allenes_to_access_E-allylsilanes,0.000148
IEPRKVQEAMIZSS-WAYWQWQTSA-N,CCOC(=O)/C=C\C(=O)OCC,C8H12O4,2,Chemistry A European J - 2022 - Prentice - Multi‐Resonant Thermally Activated Delayed Fluorescent  MR‐TADF  Compounds as,0.000148
VACKOWZFWXPLRH-UHFFFAOYSA-N,C=C(C(C)c1ccccc1)[SiH](c1ccccc1)c1ccccc1,C22H22Si,3a',Copper-catalyzed_regio-_and_stereo-selective_hydrosilylation_of_terminal_allenes_to_access_E-allylsilanes,0.000148
JIMKLPXYJKKQCI-UHFFFAOYSA-N,CCOC(=O)C1=C(C)NC(C)=C(C(=O)OCC)C1C(=O)NC(C)C(=O)OC,C18H26N2O7,1a,Alandini_Angewandte Chemie International Edition_10.1002_anie.202000224,0.000148
SZIFDJGTNYRGNC-UHFFFAOYSA-N,COC(=O)N(O)c1cnc(OC)c(Br)c1,C8H9BrN2O4,1a,Access_to_a_new_class_of_synthetic_building_blocks_via_trifluoromethoxylation_of_pyridines_and_pyrimidines,0.000147
ZBRMKGOEVZKOAW-UHFFFAOYSA-N,CCCCC(=S)c1ccco1,C9H12OS,3aa,Switching_mesoionic_carbene-organocatalysis_from_radical_to_ionic_pathway_through_base-controlled_formation_of_Breslow_i,0.000147
NAMED__ar,,Ar,Ar,"Copper-catalysed_photoinduced_decarboxylative_alkynylation_a_combined_experimental_and_computational_study, jo3c00895",0.000147
CDQZRJCIRUTTAG-UHFFFAOYSA-N,FC(F)(F)C=C=C1C=CC=CC1,C9H7F3,3a,Electrochemical_deoxygenative_trifluoromethylallenylation_of_propargylic_alcohols_iviai_sodium-mediated_pre-association,0.000147
SIOXPEMLGUPBBT-UHFFFAOYSA-N,C1=CC=NC(=C1)C(=O)O,2-Picolinic acid,"2-Picolinic acid, methanol","Das et al. - 2018 - Copper catalyzed photoredox synthesis of α-keto esters, quinoxaline, and naphthoquinone controlled",0.000147
UQBQHWWPHSPBTE-UHFFFAOYSA-N,COc1ccc2c(c1)NC(c1ccc(F)cc1)C(S(=O)(=O)c1ccccc1)C2,C22H20FNO3S,3a,Photocatalytic_reverse_polarity_Povarov_reaction,0.000146
KQVYEHVTIOFAHG-UHFFFAOYSA-M,C1=[N+](c2ccccc2)CCc2ccccc21.[Br-],C15H14BrN,2,"No_photocatalyst_required__versatile,_visible_light_mediated_transformations_with_polyhalomethanes",0.000146
MGVDPWPVEVYSFA-UHFFFAOYSA-L,CS(=O)C.[Cl-].[O-]c1cccc2cccnc12.[Pt+2],C11H12ClNO2PtS,1c,Ptscpiiscp_coordination_complexes_as_visible_light_photocatalysts_for_the_oxidation_of_sulfides_using_batch_and_flow_pro,0.000146
OFYSGGDUUAYNEA-UHFFFAOYSA-N,CC1=C(C)C(C2CCCCC2)C(C)=C(C)N1,C15H25N,1a,Bhaskar Pal et al. - 2023 - Stereospecific Photoredox‐Catalyzed Vinylations to Functionalized Alkenes and C ‐Glycosides,0.000146
CNUDBTRUORMMPA-UHFFFAOYSA-N,O=Cc1cccs1,C5H4OS,1a,Switching_mesoionic_carbene-organocatalysis_from_radical_to_ionic_pathway_through_base-controlled_formation_of_Breslow_i,0.000146
NAMED__rucl2pcymene2,,[RuCl 2 ( p -cymene)] 2,"RuCl2(p-cymene)2, [RuCl 2 ( p -cymene)] 2",iOrthoi_CH_arylation_of_arenes_at_room_temperature_using_visible_light_ruthenium_CH_activation,0.000145
OKPVLASOBYPAOI-UHFFFAOYSA-N,COc1ccc(-c2cccc(-c3ccc(OC)cc3)c2-c2ccccn2)cc1,C25H21NO2,5aa,iOrthoi_CH_arylation_of_arenes_at_room_temperature_using_visible_light_ruthenium_CH_activation,0.000145
JSKGEABHMRNPBV-UHFFFAOYSA-N,CC(ON1C(C)(C)CCCC1(C)C)c1ccc(-c2ccccc2)cc1,C23H31NO,1,ja4c02474,0.000145
JXGVXCZADZNAMJ-UHFFFAOYSA-N,O=C(O)C1CCCN1C(=O)OCc1ccccc1,C13H15NO4,1a,Chemistry A European J - 2022 - Prentice - Multi‐Resonant Thermally Activated Delayed Fluorescent  MR‐TADF  Compounds as,0.000145
CQOJYKNVSBHXKU-UHFFFAOYSA-N,CCOC(=O)CC12CC(Br)(C1)C2,C9H13BrO2,6a,Synthesis_and_applications_of_highly_functionalized_1-halo-3-substituted_bicyclo1.1.1pentanes,0.000145
KMGBZBJJOKUPIA-UHFFFAOYSA-N,CCCCI,C4H9I,"1a, 2a",Switching_mesoionic_carbene-organocatalysis_from_radical_to_ionic_pathway_through_base-controlled_formation_of_Breslow_i,0.000145
FRRKMGKUCIICOM-UHFFFAOYSA-N,CON=C(C)c1ccccc1,C9H11NO,1a,molecules-27-01980-v2,0.000145
FTYNAZYXTISLQG-UHFFFAOYSA-N,C=CCCC(O)c1nc2ccccc2s1,C12H13NOS,2a,"Ye et al. - 2023 - Photoredox-enabled remote radical group migration Pathway to 1,7-dicarbonyl compounds from diazoalk",0.000145
IPWKHHSGDUIRAH-UHFFFAOYSA-N,B1(OC(C(O1)(C)C)(C)C)B2OC(C(O2)(C)C)(C)C,TBAPF6 (supporting electrolyte),"TBAPF6 (supporting electrolyte), bis(pinacolato)diboron","Electrochemical_deoxygenative_trifluoromethylallenylation_of_propargylic_alcohols_iviai_sodium-mediated_pre-association, Nickel-catalyzed_allylic_defluorinative_alkylation_of_trifluoromethyl_alkenes_with_reductive_decarboxylation_of_redox-ac",0.000145
MJSLSMOBYCYMIM-UHFFFAOYSA-N,Brc1ccc(C=Nc2ccccc2)cc1,C13H10BrN,4a,"Bond_cleavage,_fragment_modification_and_reassembly_in_enantioselective_three-component_reactions",0.000145
SRSXLGNVWSONIS-UHFFFAOYSA-N,O=S(=O)(O)c1ccccc1,C6H6O3S,3a,"NHC_and_visible_light-mediated_photoredox_co-catalyzed_1,4-sulfonylacylation_of_1,3-enynes_for_tetrasubstituted_allenyl_",0.000145
PWDMNQQIMFYMGA-UHFFFAOYSA-N,COc1ccccc1C(=O)C=[S](C)(C)=O,"N,N-Dimethylformamide (DMF)","N,N-Dimethylformamide (DMF), Toluene, toluene","Rutheniumscpiiscp-catalyzed_chemoselective_deacylative_annulation_of_1,3-diones_with_sulfoxonium_ylides_iviai_CC_bond_ac",0.000145
NOPBSYJOWYFXTG-QHCPKHFHSA-N,Cc1ccc([C@](C)(CS(=O)(=O)c2cccc(Br)c2)C(=O)Nc2ccccc2)cc1,C23H22BrNO3S,4j,Accessing_chiral_sulfones_bearing_quaternary_carbon_stereocenters_via_photoinduced_radical_sulfur_dioxide_insertion_and_,0.000145
PHWPCPUTVGPEGN-XMXAVACDSA-N,CC[C@H](/C=C\c1ccccc1)NC(=O)OC(C)(C)C,C16H23NO2,Z-3i,1-s2.0-S2666554920300478-main,0.000144
XYFCBTPGUUZFHI-UHFFFAOYSA-N,P,phosphine (X mol%),phosphine (X mol%),PhosphinePhotoredox_Catalyzed_Anti-Markovnikov_Hydroamination_of_Olefins_with_Primary_Sulfonamides_via_-Scission_from_Ph,0.000144
BYEAHWXPCBROCE-UHFFFAOYSA-N,FC(F)(F)C(O)C(F)(F)F,"1,1,1,3,3,3-Hexafluoro-2-propanol (…","1,1,1,3,3,3-Hexafluoro-2-propanol (HFIP), HFIP","Rutheniumscpiiscp-catalyzed_chemoselective_deacylative_annulation_of_1,3-diones_with_sulfoxonium_ylides_iviai_CC_bond_ac, ja4c02474",0.000144
LIKMAJRDDDTEIG-UHFFFAOYSA-N,C=CCCCC,1-hexene,1-hexene,PhosphinePhotoredox_Catalyzed_Anti-Markovnikov_Hydroamination_of_Olefins_with_Primary_Sulfonamides_via_-Scission_from_Ph,0.000144
WOOTWWFSGNELMW-UHFFFAOYSA-N,Cc1ccc(S(=O)(=O)N2CC(C)(C)CC2c2ccccc2)cc1,C19H23NO2S,2a,Becker et al. - 2017 - Cooperative Light‐Activated Iodine and Photoredox Catalysis for the Amination of C−H Bonds,0.000144
VHILMKFSCRWWIJ-UHFFFAOYSA-N,COC(=O)C#CC(=O)OC,dimethyl acetylenedicarboxylate (DM…,dimethyl acetylenedicarboxylate (DMAD),Caffeine_as_a_naturally_green_and_biodegradable_catalyst_promoted_convenient_and_expedient_synthetic_route_for_the_synth,0.000143
HEMHJVSKTPXQMS-UHFFFAOYSA-M,[OH-].[Na+],NaOH,NaOH,"Catalytic_N-radical_cascade_reaction_of_hydrazones_by_oxidative_deprotonation_electron_transfer_and_TEMPO_mediation, Photodehydrogenation_of_alcohols_catalysed_by_a_single_ruthenium_N-Heterocyclic_carbene_complex",0.000143
XGZVUEUWXADBQD-UHFFFAOYSA-L,[Li+].[Li+].C(=O)([O-])[O-],Li2CO3,Li2CO3,ol3c02389,0.000143
NAMED__cui,,CuI,CuI,"Das et al. - 2018 - Copper catalyzed photoredox synthesis of α-keto esters, quinoxaline, and naphthoquinone controlled",0.000143
DWAQJAXMDSEUJJ-UHFFFAOYSA-M,OS(=O)[O-].[Na+],NaHSO3,NaHSO3,Accessing_chiral_sulfones_bearing_quaternary_carbon_stereocenters_via_photoinduced_radical_sulfur_dioxide_insertion_and_,0.000143
WMHAQNAXEZDMID-UHFFFAOYSA-L,C(C)(=O)[O-].C(C)(=O)[O-].C1(=C(C(=CC(=C1)C)C)[I+2])C,MesI(OAc)2,MesI(OAc)2,ao3c10008,0.000142
XRVYBOHOJATIOP-JJPXRCOYSA-K,CC1(C)O[C@@H]([C@H]2OC(C)(C)O[C@H]2[C@](O[Ti](Cl)(Cl)Cl)(C3=CC=CC=C3)C4=CC=CC=C4)[C@H](O1)[C@](O)(C5=CC=CC=C5)C6=CC=CC=C6,C36H37Cl3O6Ti,15,Diastereoselective_and_enantioselective_photoredox_pinacol_coupling_promoted_by_titanium_complexes_with_a_red-absorbing_,0.000142
HEFNNWSXXWATRW-UHFFFAOYSA-N,CC(C)Cc1ccc(C(C)C(=O)O)cc1,C13H18O2,2a,Carbene_and_photocatalyst-catalyzed_decarboxylative_radical_coupling_of_carboxylic_acids_and_acyl_imidazoles_to_form_ket,0.000142
RLEXJUSMIPPFEK-UHFFFAOYSA-N,COC(=O)c1cn(C(=O)CCC(=O)c2ccccc2)c2ccccc12,C20H17NO4,1a,Tunable_CH_functionalization_and_dearomatization_enabled_by_an_organic_photocatalyst,0.000142
O=P(O)(O)Oc1ccc2c(c1)ccccc2O,O=P(O)(O)Oc1ccc2c(c1)ccccc2O,O=P(O)(O)Oc1ccc2c(c1)ccccc2O,"(R)-PA (1b), (R)-PA (1c), (R)-PA (1d), (R)-PA (1e), (R)-PA (1f), (R)-PA (1g), (R)-PA (1h), (R)-PA (1i), (R)-PA (1j), (R)-PA (1k)","Bond_cleavage,_fragment_modification_and_reassembly_in_enantioselective_three-component_reactions",0.000141
KDLHZDBZIXYQEI-UHFFFAOYSA-N,[Pd],[PdCl(η3-C3H5)]2,[PdCl(η3-C3H5)]2,"Bond_cleavage,_fragment_modification_and_reassembly_in_enantioselective_three-component_reactions",0.000141
SiO2,SiO2,4 Å molecular sieves,4 Å molecular sieves,"Bond_cleavage,_fragment_modification_and_reassembly_in_enantioselective_three-component_reactions",0.000141
NAMED__phcf3,,PhCF 3,PhCF 3,"Catalytic_intramolecular_aminoarylation_of_unactivated_alkenes_with_aryl_sulfonamides, Visible_light-mediated_organocatalyzed_1,3-aminoacylation_of_cyclopropane_employing_N-benzoyl_saccharin_as_bifunctional_",0.000141
VCLQMDKWSNLMSC-UHFFFAOYSA-N,Cc1ccc(N(C)C)c(S(C)(=O)=O)c1,C10H15NO2S,1,Direct_sulfonylation_of_anilines_mediated_by_visible_light,0.000141
WQXPYUMSZUPSEU-UHFFFAOYSA-N,COC1=CC=C(S1)C2=NC(=C(N=C2C3=CC=C(S3)OC)C#N)C#N,C16H10N4O2S2,H,Zhao et al. - 2014 - Dicyanopyrazine-derived push–pull chromophores for highly efficient photoredox catalysis,0.000141
IQWIBFLOLOSILH-KCZVDYSFSA-N,CC(C)(C)c1cc(cc(c1O)[C@H]2N[C@@H]3c4ccccc4C[C@H]3N2)C(C)(C)C,"(S,R)-L1","(S,R)-L1","Asymmetric_1,4-functionalization_of_1,3-enynes_via_dual_photoredox_and_chromium_catalysis",0.000141
JWJVGEJAPMPKHS-UHFFFAOYSA-M,CC(C)(C)OC(=O)C(=O)[O][Cs],C6H9CsO4,2,Tertiary_Alcohols_as_Radical_Precursors_for_the_Introduction_of_Tertiary_Substituents_into_Heteroarenes,0.000141
UIGLAZDLBZDVBL-UHFFFAOYSA-N,C#CC(O)c1ccccc1,C9H8O,1a,Electrochemical_deoxygenative_trifluoromethylallenylation_of_propargylic_alcohols_iviai_sodium-mediated_pre-association,0.000141
UEXMWDXKHUIBSJ-UHFFFAOYSA-N,O=C(O)COc1ccc(-c2ccccc2)cc1,C14H12O3,4b,Angiolini_ChemCatChem_10.1002_cctc.202500240,0.000141
ITDFBVBKJJXRFG-UHFFFAOYSA-N,CC=CI1OC(=O)c2ccccc21,C10H9IO2,"2a, 4a",Bhaskar Pal et al. - 2023 - Stereospecific Photoredox‐Catalyzed Vinylations to Functionalized Alkenes and C ‐Glycosides,0.000141
FC(F)(F)c1ccc2-c3cccc[n]3->[Ir]34([c]2c1)([c]1cc(C(F)(F)F)ccc1-c1cccc[n]->31)[c]1cc(C(F)(F)F)ccc1-c1cccc[n]->41,FC(F)(F)c1ccc2-c3cccc[n]3->[Ir]34([c]2c1)([c]1cc(C(F)(F)F)ccc1-c1cccc[n]->31)[c]1cc(C(F)(F)F)ccc1-c1cccc[n]->41,Photocatalyst PC3 (as listed in sch…,"PC3, Photocatalyst PC3 (as listed in scheme)",Suzuki-type_cross-coupling_of_alkyl_trifluoroborates_with_acid_fluoride_enabled_by_NHCphotoredox_dual_catalysis,0.00014
VALBQGJXIYHOGA-UHFFFAOYSA-N,Cc1ccc(S(=O)(=O)N=S(=O)(c2ccccc2)C(F)F)cc1,CF2H reagent 1a,CF2H reagent 1a,Arai et al. - 2016 - Oxydifluoromethylation of Alkenes by Photoredox Catalysis Simple Synthesis of CF2 H‐Cont,0.00014
JQJFPYFZKBPZRV-UHFFFAOYSA-N,C=C(C)C(=O)N(C)S(=O)c1ccccc1,C11H13NO2S,1,Accessing_chiral_sulfones_bearing_quaternary_carbon_stereocenters_via_photoinduced_radical_sulfur_dioxide_insertion_and_,0.00014
LFZJRTMTKGYJRS-UHFFFAOYSA-N,C#Cc1ccc(Cl)cc1,C8H5Cl,1h,ol4c02700,0.000139
VDCSGNNYCFPWFK-UHFFFAOYSA-N,c1ccc([SiH2]c2ccccc2)cc1,diphenylsilane (Ph2SiH2),"2a, diphenylsilane (Ph2SiH2)","Copper-catalyzed_regio-_and_stereo-selective_hydrosilylation_of_terminal_allenes_to_access_E-allylsilanes, Visible-light-induced_radical_hydrodifluoromethylation_of_alkenes",0.000139
BLFNJJUBRAUXMH-UHFFFAOYSA-N,CS(=O)(=O)N(C#Cc1ccccc1)c1ccccc1,C15H13NO2S,1a,Atom-economic_generation_of_gold_carbenes_gold-catalyzed_formal_32_cycloaddition_between_ynamides_and_isoxazoles,0.000139
SZNCZSHIVWZRLK-UHFFFAOYSA-N,COc1ccc(-c2ccccc2-c2ccccn2)cc1,C18H15NO,5a,iOrthoi_CH_arylation_of_arenes_at_room_temperature_using_visible_light_ruthenium_CH_activation,0.000139
OYPPRNFDAGPGBZ-UHFFFAOYSA-N,COc1ccc(C2CC2)cc1,C10H12O,"1a, 1","Cooperative_photoredox_and_N-heterocyclic_carbene-catalyzed_formal_CH_acylation_of_cyclopropanes_iviai_a_deconstructionr, Visible_light-mediated_organocatalyzed_1,3-aminoacylation_of_cyclopropane_employing_N-benzoyl_saccharin_as_bifunctional_",0.000139
ONSQZHIZZQDDPU-UHFFFAOYSA-N,Cc1cc(C(C)(C)C)nc2ccccc12,C14H17N,3,Tertiary_Alcohols_as_Radical_Precursors_for_the_Introduction_of_Tertiary_Substituents_into_Heteroarenes,0.000139
HJSLFCCWAKVHIW-UHFFFAOYSA-N,O=C1CCCC(=O)C1,"1,3-cyclohexanedione","1,3-cyclohexanedione","NonoxidovanadiumIV_Complex-Catalyzed_Synthesis_of_2-Amino-3-cyano-4iHi-pyrans4iHi-chromenes,_Biscoumarins,_and_Xanthenes",0.000139
WSFSSNUMVMOOMR-UHFFFAOYSA-N,C=O,formaldehyde,formaldehyde,Caffeine_as_a_naturally_green_and_biodegradable_catalyst_promoted_convenient_and_expedient_synthetic_route_for_the_synth,0.000139
QIJNVLLXIIPXQT-UHFFFAOYSA-N,CCC(=O)c1ccc(F)cc1,C9H9FO,3,Duhail et al. - 2021 - Radical α-Trifluoromethoxylation of Ketones under Batch and Flow Conditions by Means of Organic Phot,0.000138
VQYPWMWEJGDSTF-UHFFFAOYSA-N,[B-](F)(F)(F)F.C1=CC=C(C=C1)C2=CC(=[O+]C(=C2)C3=CC=CC=C3)C4=CC=CC=C4,TPT,"TPT, 3","Becker et al. - 2017 - Cooperative Light‐Activated Iodine and Photoredox Catalysis for the Amination of C−H Bonds, Combining_photoredox_catalysis_and_hydrogen_atom_transfer_for_dearomative_functionalization_of_electron_rich_heteroarene, Direct_sulfonylation_of_anilines_mediated_by_visible_light",0.000138
AOPHFGWLHYVZKJ-UHFFFAOYSA-N,FC(F)(F)CCCOc1ccc(-c2ccccc2)cc1,C16H15F3O,8d,Angiolini_ChemCatChem_10.1002_cctc.202500240,0.000138
RINNMKZDRBYOQG-UHFFFAOYSA-N,CC(=O)c1c(C)[nH]c(N(c2ccccc2)S(C)(=O)=O)c1-c1ccccc1,C20H20N2O3S,3a,Atom-economic_generation_of_gold_carbenes_gold-catalyzed_formal_32_cycloaddition_between_ynamides_and_isoxazoles,0.000138
RKJDCQVVECOVJR-UHFFFAOYSA-N,CCOC(=O)c1ccc(N2CCCC2)cc1,C13H17NO2,1,Ni_single_atoms_on_carbon_nitride_for_visible-light-promoted_full_heterogeneous_dual_catalysis,0.000138
CWWJKCZZOSJTEZ-UHFFFAOYSA-N,Cl[Au]P(c1ccc(OC)cc1)(c2ccc(OC)cc2)c3ccc(OC)cc3,((p-MeO)C6H4)3PAuCl,((p-MeO)C6H4)3PAuCl,Dual_goldphotoredox-catalyzed_CspH_arylation_of_terminal_alkynes_with_diazonium_salts,0.000138
MGVJHDIRKQFYRG-UHFFFAOYSA-N,C=CCCCn1ccc2ccccc21,C13H15N,1a,Banerjee et al. - 2022 - Excited‐State Copper Catalysis for the Synthesis of Heterocycles,0.000138
ZQFHIDVJQIJJQT-UHFFFAOYSA-N,O=C(O)CCCOc1ccc(-c2ccccc2)cc1,C16H16O3,8b,Angiolini_ChemCatChem_10.1002_cctc.202500240,0.000138
ROOXNKNUYICQNP-UHFFFAOYSA-N,[NH4+].[NH4+].[O-]S(=O)(=O)OOS(=O)(=O)[O-],(NH4)2S2O8,(NH4)2S2O8,Tertiary_Alcohols_as_Radical_Precursors_for_the_Introduction_of_Tertiary_Substituents_into_Heteroarenes,0.000138
HPVIKPKPIOFPBK-UHFFFAOYSA-N,CC(C)C1(O)CC1C(O)CCc1ccccc1,C15H22O2,15,ChromiumCatalyzed_PinacolType_CrossCoupling_Studies_on_Stereoselectivity,0.000138
GKRBDMOTVCAABF-UHFFFAOYSA-N,Cc1ccc(C2CCCN2c2ccccc2)cc1,C17H19N,(±)-1,CH_functionalization_of_amines_with_aryl_halides_by_nickel-photoredox_catalysis,0.000137
CAKMROUTAVPFAR-UHFFFAOYSA-N,C1=CC=C(C(=C1)C2=CC=CC=N2)[Ir](C3=CC=CC=N3)(C4=CC=CC=N4)(C5=CC=CC=C5)C6=CC=CC=C6,Ir-1 (fac-Ir(ppy)3),"Ir-1 (fac-Ir(ppy)3), Ir-1 (1 mol%), PC-1, Ir-3","Arylcarboxylation_of_unactivated_alkenes_with_CO2_via_visible-light_photoredox_catalysis, NHC_and_visible_light-mediated_photoredox_co-catalyzed_1,4-sulfonylacylation_of_1,3-enynes_for_tetrasubstituted_allenyl_, Photoredox-catalyzed_dicarbofunctionalization_of_styrenes_with_amines_and_COsub2sub_a_convenient_access_to_-amino_acids",0.000137
PJNULZMKEDKFCQ-UHFFFAOYSA-N,Cc1ccc(S(=O)(=O)NCC(C)(C)CCc2ccccc2)cc1,C19H25NO2S,1a,Becker et al. - 2017 - Cooperative Light‐Activated Iodine and Photoredox Catalysis for the Amination of C−H Bonds,0.000137
NAMED__ptc,,Pt(+) | C(-),Pt(+) | C(-),Electrochemical_deoxygenative_trifluoromethylallenylation_of_propargylic_alcohols_iviai_sodium-mediated_pre-association,0.000137
AUHZEENZYGFFBQ-UHFFFAOYSA-N,Cc1cc(C)cc(C)c1,mesitylene,mesitylene,Yin et al. - 2020 - Photoredox Catalytic Trifluoromethylation and Perfluoroalkylation of Arenes Using Trifluoroacetic an,0.000137
HLBKRQSNGWVKLH-UHFFFAOYSA-N,FCOc1ccc(-c2ccccc2)cc1,C13H11FO,4c,Angiolini_ChemCatChem_10.1002_cctc.202500240,0.000137
RYYVLZVUVIJVGH-UHFFFAOYSA-N,CN1C=NC2=C1C(=O)N(C(=O)N2C)C,Caffeine,Caffeine,Caffeine_as_a_naturally_green_and_biodegradable_catalyst_promoted_convenient_and_expedient_synthetic_route_for_the_synth,0.000137
NAMED__rhoacc2h422,,[Rh(OAc)(C 2 H 4 ) 2 ] 2,[Rh(OAc)(C 2 H 4 ) 2 ] 2,Catalytic_direct_hydrocarboxylation_of_styrenes_with_CO2_and_H2,0.000137
LULZXNOVLBISGB-UHFFFAOYSA-N,CC1=CC(=C(C(=C1)C)C2=C3C=CC=CC3=[N+](C4=CC=CC=C42)C)C,Mes-Acr+,Mes-Acr+,"Cardinale et al. - 2020 - Photoredox‐Catalyzed Addition of Carbamoyl Radicals to Olefins A 1,4‐Dihydropyridine Approach",0.000137
PHWPCPUTVGPEGN-NYHXXUGCSA-N,CC[C@@H](/C=C\c1ccccc1)NC(=O)OC(C)(C)C,C16H23NO2,E-3i,1-s2.0-S2666554920300478-main,0.000137
ZVXOQPQUIUPABE-UHFFFAOYSA-M,O=C(NCc1ccccc1)C(=O)[O][Cs],C9H8CsNO3,1a,gg3c00053,0.000136
KACQZCHGLDZBFG-UHFFFAOYSA-N,Cc1cc(C2CCCCC2)nc2ccccc12,C16H19N,3,Visible-light-mediated_Minisci_CH_alkylation_of_heteroarenes_with_unactivated_alkyl_halides_using_Osub2sub_as_an_oxidant,0.000136
UIVBALBJIQFSFO-UHFFFAOYSA-N,COc1ccc(C(=O)NS(=O)(=O)c2ccc(C)cc2)cc1,C15H15NO4S,3a,ol5c01129,0.000136
BCONDYAMTZSZNI-UHFFFAOYSA-N,COc1ccc(C2(C(=O)O)COC2)cc1,C11H12O4,1,Dubois et al. - 2023 - Visible Light Photoredox-Catalyzed Decarboxylative Alkylation of 3-Aryl-Oxetanes and Azetidines via,0.000136
LXJWWIIIRSPETF-UHFFFAOYSA-N,CC(C)(C)OC(=O)C(Nc1ccccc1)C(c1ccccc1Br)C1CC1,C22H26BrNO2,5,"Bond_cleavage,_fragment_modification_and_reassembly_in_enantioselective_three-component_reactions",0.000136
CUONGYYJJVDODC-UHFFFAOYSA-N,N#CCC#N,malononitrile,malononitrile,"NonoxidovanadiumIV_Complex-Catalyzed_Synthesis_of_2-Amino-3-cyano-4iHi-pyrans4iHi-chromenes,_Biscoumarins,_and_Xanthenes",0.000135
NAMED__acetonitriledichloromethanech3cnch2cl211,,Acetonitrile/Dichloromethane (CH3CN…,"Acetonitrile/Dichloromethane (CH3CN/CH2Cl2, 1:1)",Banjare et al. - 2025 - Radical C─H‐Aroylation of Allenes via Cooperative Photoredox and N ‐Heterocyclic Carbene Cata,0.000135
RFCBPAJDLZMJPL-UHFFFAOYSA-N,COc1ccc(C(=O)NO)cc1,C8H9NO3,2a,ol5c01129,0.000135
PKQCCWGPLNRWRS-UHFFFAOYSA-N,Cc1cc(C)c(C(F)(F)F)c(C(F)(F)F)c1C,1-bis,1-bis,Yin et al. - 2020 - Photoredox Catalytic Trifluoromethylation and Perfluoroalkylation of Arenes Using Trifluoroacetic an,0.000135
UIIMBOGNXHQVGW-UHFFFAOYSA-M,C(=O)(O)[O-].[Na+],NaHCO3 (sodium bicarbonate),"NaHCO3, NaHCO3 (sodium bicarbonate)","Catalytic_asymmetric_radical_aminoperfluoroalkylation_and_aminodifluoromethylation_of_alkenes_to_versatile_enantioenrich, Rutheniumscpiiscp-catalyzed_chemoselective_deacylative_annulation_of_1,3-diones_with_sulfoxonium_ylides_iviai_CC_bond_ac",0.000135
JRXXLCKWQFKACW-UHFFFAOYSA-N,C(#Cc1ccccc1)c1ccccc1,C14H10,2a,NN_atropisomer_synthesis_iviai_electrolyte-_and_base-free_electrochemical_cobalt-catalysed_CH_annulation,0.000135
WGCZPPMATTUGTE-UHFFFAOYSA-N,O=C(Nn1ccc2cccnc21)c1ccccc1,C14H11N3O,1a,NN_atropisomer_synthesis_iviai_electrolyte-_and_base-free_electrochemical_cobalt-catalysed_CH_annulation,0.000135
NMBPVECFQJQONH-UHFFFAOYSA-N,CC(C)[Si](C#CC=C)(C(C)C)C(C)C,Equiv. of reactant 1,Equiv. of reactant 1,"Asymmetric_1,4-functionalization_of_1,3-enynes_via_dual_photoredox_and_chromium_catalysis",0.000134
GWPUNVSVEJLECO-UHFFFAOYSA-N,C1=CC=NC(=C1)C2=CC=CC=N2.C1=CC=NC(=C1)C2=CC=CC=N2.C1=CC=NC(=C1)C2=CC=CC=N2.F[B-](F)(F)F.F[B-](F)(F)F.[Ru+2],[Ru(bpy)3][BF4]2,"PC-4, [Ru(bpy)3][BF4]2","NHC_and_visible_light-mediated_photoredox_co-catalyzed_1,4-sulfonylacylation_of_1,3-enynes_for_tetrasubstituted_allenyl_, Visible_light-mediated_oxidative_decarboxylation_of_arylacetic_acids_into_benzyl_radicals_addition_to_electron-deficient",0.000134
HLQZCRVEEQKNMS-UHFFFAOYSA-N,ClCc1ccc(-c2ccccc2)cc1,C13H11Cl,1a,Fan et al. - 2023 - PhotoredoxHAT dual-catalyzed carboxylation of benzyl chlorides with CO2 using thiophenolate and for,0.000134
LWIHDJKSTIGBAC-UHFFFAOYSA-N,[K+].[K+].[K+].O=P(O)(O)O,K3PO4,K3PO4,Nickel-catalyzed_allylic_defluorinative_alkylation_of_trifluoromethyl_alkenes_with_reductive_decarboxylation_of_redox-ac,0.000134
QGASWPZXBBCHKZ-UHFFFAOYSA-N,C(C)(C)C1=C(C(=CC=C1)C(C)C)N1NN(C[C]1)C1=C(C=CC=C1C(C)C)C(C)C,A (protonated NHC),A (protonated NHC),Switching_mesoionic_carbene-organocatalysis_from_radical_to_ionic_pathway_through_base-controlled_formation_of_Breslow_i,0.000134
GUIBKCMIEWESNW-UHFFFAOYSA-N,Cc1cccc(C)n1.OS(=O)(=O)C(F)(F)F,"[2,6-lutidine][TfOH]","[2,6-lutidine][TfOH]",Boselli et al. - 2023 - Enantioselective Catalytic Addition of N‐Acyl Radicals In Batch and In Flow Organophotoredox α‐Amin,0.000133
XWDKFKYCXBRUTC-UHFFFAOYSA-N,O=C(OC1C2CC3CC(C2)CC1C3)C(Nc1ccccc1)C(c1ccccc1Br)C1CC1,C28H32BrNO2,5,"Bond_cleavage,_fragment_modification_and_reassembly_in_enantioselective_three-component_reactions",0.000133
CIHOLLKRGTVIJN-UHFFFAOYSA-N,CC(C)(C)OO,TBHP,TBHP,ol3c04246,0.000133
HNVRWFFXWFXICS-UHFFFAOYSA-N,C1=CC=NC(=C1)C2=CC=CC=N2.C1=CC=NC(=C1)C2=CC=CC=N2.C1=CC=NC(=C1)C2=CC=CC=N2.[Ru+2],[Ru(bpy)3]2+,[Ru(bpy)3]2+,Arai et al. - 2016 - Oxydifluoromethylation of Alkenes by Photoredox Catalysis Simple Synthesis of CF2 H‐Cont,0.000133
XNNQFQFUQLJSQT-UHFFFAOYSA-N,C(Cl)(Cl)(Cl)Br,CBrCl3,CBrCl3,"No_photocatalyst_required__versatile,_visible_light_mediated_transformations_with_polyhalomethanes",0.000133
NAMED__mecnkpibuffer11vv,,MeCN/KPi buffer (1:1 v/v),MeCN/KPi buffer (1:1 v/v),Angiolini_ChemCatChem_10.1002_cctc.202500240,0.000133
KJGYFISADIZFEL-UHFFFAOYSA-N,Clc1ccc(cc1)S(=O)c2ccc(Cl)cc2,(4-ClPh)2SO,(4-ClPh)2SO,Yin et al. - 2020 - Photoredox Catalytic Trifluoromethylation and Perfluoroalkylation of Arenes Using Trifluoroacetic an,0.000133
LHPMPCKTHGCSIV-UHFFFAOYSA-N,COP(=O)(Oc1ccccc1O)C1CCCCC1,C13H19O4P,3a,ja3c06524,0.000132
DOBRDRYODQBAMW-UHFFFAOYSA-N,[C-]#N.[Cu+],CuCN,CuCN,Angiolini_ChemCatChem_10.1002_cctc.202500240,0.000132
GNSXTDDCFJODET-UHFFFAOYSA-M,[Li+].CC1=CC(=C(C(=C1)C)C(=O)[O-])C,MesCO2Li (lithium mesitoate),MesCO2Li (lithium mesitoate),"Rutheniumscpiiscp-catalyzed_chemoselective_deacylative_annulation_of_1,3-diones_with_sulfoxonium_ylides_iviai_CC_bond_ac",0.000132
RAFKCLFWELPONH-UHFFFAOYSA-N,CC#N.ClCCl,MeCN/DCM (2:1),MeCN/DCM (2:1),Electrochemical_deoxygenative_trifluoromethylallenylation_of_propargylic_alcohols_iviai_sodium-mediated_pre-association,0.000132
BHELZAPQIKSEDF-UHFFFAOYSA-N,C=CCBr,C3H5Br,2a,Calogero et al. - 2022 - A Photoredox Nozaki‐Hiyama Reaction Catalytic in Chromium,0.000132
UUHMIJCZCAXHSX-UHFFFAOYSA-N,CCOC(=O)CCC1(c2ccc(OC)cc2)COC1,C15H20O4,2a,Dubois et al. - 2023 - Visible Light Photoredox-Catalyzed Decarboxylative Alkylation of 3-Aryl-Oxetanes and Azetidines via,0.000132
KQGHTOZUPICELS-UHFFFAOYSA-N,CN(C)c1ccc(CC(=O)O)cc1,C10H13NO2,1a,Visible_light-mediated_oxidative_decarboxylation_of_arylacetic_acids_into_benzyl_radicals_addition_to_electron-deficient,0.000132
MIYKHJXFICMPOJ-UHFFFAOYSA-N,C(=NCc1ccccc1)c1ccccc1,dibenzylimine,dibenzylimine,Direct_evidence_of_charge_separation_in_a_metalorganic_framework_efficient_and_selective_photocatalytic_oxidative_coupli,0.000131
HSGSJBNVKNSKAD-UHFFFAOYSA-N,[I+][I+],Acridinium-based photocatalyst,"Eosin-Y, Methylene blue, Rhodamine B, Fluorescein, Erythosin B, Xanthene, Phenanthrenequinone, Acenaphthenequinone, Acridinium-based photocatalyst, Rose Bengal",Dutta et al. - 2021 - Visible light-promoted synthesis of pyrrolidinone derivatives via Rose Bengal as a photoredox,0.000131
MGYBQDIFJNGPOB-UHFFFAOYSA-N,O=C(c1ccccc1)C(c1ccccc1)C1COc2ccccc21,C22H18O2,3aa,Aryl_radical-mediated_N-heterocyclic_carbene_catalysis,0.000131
KJMPRCVRMAHTBR-UHFFFAOYSA-N,CCCCC(=O)c1cccs1,C9H12OS,2a,Switching_mesoionic_carbene-organocatalysis_from_radical_to_ionic_pathway_through_base-controlled_formation_of_Breslow_i,0.000131
WDODWFPDZYSKIA-UHFFFAOYSA-N,C1=CC=C(C=C1)[SeH],PhSeH,PhSeH,Combining_photoredox_catalysis_and_hydrogen_atom_transfer_for_dearomative_functionalization_of_electron_rich_heteroarene,0.000131
CZKLEJHVLCMVQR-UHFFFAOYSA-N,O=C(Cl)c1ccc(F)cc1,C7H4ClFO,"1a, 1b, 1c",Carbene_and_photocatalyst-catalyzed_decarboxylative_radical_coupling_of_carboxylic_acids_and_acyl_imidazoles_to_form_ket,0.000131
QMMRZOWCJAIUJA-UHFFFAOYSA-L,Cl[Ni]Cl,NiCl2·6H2O,"NiCl2·6H2O, NiCl2","Ni_single_atoms_on_carbon_nitride_for_visible-light-promoted_full_heterogeneous_dual_catalysis, d3sc04645a, ol3c04246",0.000131
ZFEQAFCFDVMLCV-HUYCHCPVSA-N,CC([18F])c1ccc(-c2ccccc2)cc1,[18F]2,[18F]2,ja4c02474,0.00013
RUDNHSQOIOHDCG-YSOHJTORSA-N,[2H]OC(CC(F)F)c1ccc(C)cc1,C10H12F2O,3a,Arai et al. - 2016 - Oxydifluoromethylation of Alkenes by Photoredox Catalysis Simple Synthesis of CF2 H‐Cont,0.00013
PAFZNILMFXTMIY-UHFFFAOYSA-N,NC1CCCCC1,C6H13N,"7, 8",Nickel-catalyzed_transamidation_of_aliphatic_amide_derivatives,0.00013
XFUHEPSSEZMBRI-UHFFFAOYSA-N,O=C(COC(=O)c1ccccc1I)c1ccccc1,C15H11IO3,5a,Angew Chem Int Ed - 2021 - Amos - Direct Photoexcitation of Ethynylbenziodoxolones  An Alternative to Photocatalysis for,0.00013
XOIXSZAJFLMMOS-UHFFFAOYSA-N,O=C1OI(C#Cc2ccccc2)c2ccccc21,C15H9IO2,1a,Angew Chem Int Ed - 2021 - Amos - Direct Photoexcitation of Ethynylbenziodoxolones  An Alternative to Photocatalysis for,0.00013
QWPZQMICOWQIHD-UHFFFAOYSA-N,O=c1c2ccccc2c(-c2ccccc2)c(-c2ccccc2)n1-n1ccc2cccnc21,C28H19N3O,3,NN_atropisomer_synthesis_iviai_electrolyte-_and_base-free_electrochemical_cobalt-catalysed_CH_annulation,0.00013
NAMED__hat15mol,,HAT1 (5 mol%),HAT1 (5 mol%),Fan et al. - 2023 - PhotoredoxHAT dual-catalyzed carboxylation of benzyl chlorides with CO2 using thiophenolate and for,0.00013
RMTGLTCLJRSHSB-UHFFFAOYSA-L,C1=CC2=C(C3=C(C=CC=N3)C=C2)N=C1.[Cl-].[Cl-].[Ni+2],NiCl2·Phen,NiCl2·Phen,d3sc04645a,0.000129
WJSDHUCWMSHDCR-YVMONPNESA-N,CC(=O)OC/C=C\c1ccccc1,C11H12O2,"16, 17",Synthesis_of_a_polyisobutylene-tagged_fac-Irppysub3sub_complex_and_its_application_as_recyclable_visible-light_photocata,0.000129
NAMED__mn,,Mn,Mn,ChromiumCatalyzed_PinacolType_CrossCoupling_Studies_on_Stereoselectivity,0.000129
JRMUNVKIHCOMHV-UHFFFAOYSA-M,CCCC[N+](CCCC)(CCCC)CCCC.[Br-],TBABr,TBABr,catalysts-13-01126,0.000129
ZMYIIHDQURVDRB-UHFFFAOYSA-N,C=C(c1ccccc1)c1ccccc1,C14H12,2a,Straightforward_synthesis_of_functionalized_-Lactams_using_impure_CO2_stream_as_the_carbon_source,0.000129
NAMED__4,,4*,"4*, 4","Diastereoselective_and_enantioselective_photoredox_pinacol_coupling_promoted_by_titanium_complexes_with_a_red-absorbing_, Green_synthesis_of_3,4-disubstituted_isoxazol-54H-one_using_Gluconic_acid_aqueous_solution_as_an_efficient_recyclable_me",0.000129
SAMSRYBWUYCCEM-UHFFFAOYSA-N,CCOC(=O)C(=N)N,C4H8N2O2,1a,"Ye et al. - 2023 - Photoredox-enabled remote radical group migration Pathway to 1,7-dicarbonyl compounds from diazoalk",0.000129
IAGUPODHENSJEZ-UHFFFAOYSA-N,COC(=O)Nc1ccccc1,C8H9NO2,2a,Enantioselective_catalytic_-amination_through_proton-coupled_electron_transfer_followed_by_stereocontrolled_radicalradic,0.000129
BMRRDFCQNOZNNR-UHFFFAOYSA-N,CN1CCN(CC1)C2=CC3=C(C=C2)N=C(N3)C4=CC5=C(C=C4)N=C(N5)C6=CC(=C(C=C6)OC)OC,DMA,DMA,"Boselli et al. - 2023 - Enantioselective Catalytic Addition of N‐Acyl Radicals In Batch and In Flow Organophotoredox α‐Amin, Fan et al. - 2023 - PhotoredoxHAT dual-catalyzed carboxylation of benzyl chlorides with CO2 using thiophenolate and for",0.000128
NAMED__,,-----------,"—, -----------, --, /","Copper-catalyzed_regio-_and_stereo-selective_hydrosilylation_of_terminal_allenes_to_access_E-allylsilanes, Electrochemical_selective_hydrocarboxylation_of_acrylamides_with_carbon_dioxide_for_precise_control_of_-_and_-carboxylat, Green_synthesis_of_3,4-disubstituted_isoxazol-54H-one_using_Gluconic_acid_aqueous_solution_as_an_efficient_recyclable_me, cs2c04736, ol5c01129",0.000128
NAMED__li2co3,,Li 2 CO 3,Li 2 CO 3,ol3c02389,0.000128
MFRIHAYPQRLWNB-UHFFFAOYSA-N,CC(C)(C)[O-].[Na+],NaOtBu,NaOtBu,Nickel-catalyzed_transamidation_of_aliphatic_amide_derivatives,0.000128
RHQJWCTVEUWNSH-UHFFFAOYSA-N,Cc1cc(C)c(C)c(C(F)(F)F)c1C,1-bis,1-bis,Yin et al. - 2020 - Photoredox Catalytic Trifluoromethylation and Perfluoroalkylation of Arenes Using Trifluoroacetic an,0.000127
RAXZKIAJTMJMLN-UHFFFAOYSA-N,COc1ccc(N=Cc2ccc(F)cc2)cc1,C14H12FNO,1a,Photocatalytic_reverse_polarity_Povarov_reaction,0.000127
RBQRSRKPXRSHFN-UHFFFAOYSA-N,CC(C)(C)C(=C)C(O)C(O)CC,CrCl2,CrCl2,ChromiumCatalyzed_PinacolType_CrossCoupling_Studies_on_Stereoselectivity,0.000127
NAMED__18fkf1050mbq,,[18F]KF (10-50 MBq),[18F]KF (10-50 MBq),ja4c02474,0.000127
AJPJDKMHJJGVTQ-UHFFFAOYSA-K,[O-]P(=O)([O-])[O-].[Na+],Na3PO4 (sodium phosphate),Na3PO4 (sodium phosphate),"Rutheniumscpiiscp-catalyzed_chemoselective_deacylative_annulation_of_1,3-diones_with_sulfoxonium_ylides_iviai_CC_bond_ac",0.000127
NAMED__pc,,[PC],"PC, [PC]","Carbene_and_photocatalyst-catalyzed_decarboxylative_radical_coupling_of_carboxylic_acids_and_acyl_imidazoles_to_form_ket, sc5c11241",0.000127
BNIILDVGGAEEIG-UHFFFAOYSA-L,OP(=O)([O-])[O-].[Na+].[Na+],Na2HPO4,Na2HPO4,Angiolini_ChemCatChem_10.1002_cctc.202500240,0.000127
SGVIQVLFTSFVLA-UHFFFAOYSA-N,FB(F)F.[K][CH]1CCCCC1,C6H11BF3K,1a,ja3c06524,0.000127
XBPCUCUWBYBCDP-UHFFFAOYSA-N,C1CCC(CC1)NC2CCCCC2,Cy2NH,Cy2NH,Lead-Halide_Perovskites_for_Photocatalytic_-Alkylation_of_Aldehydes,0.000126
CULQLXVJTXVJFB-UHFFFAOYSA-N,Cc1ccc(C(=O)CCc2ccccn2)cc1,C15H15NO,3a,A_general_deoxygenation_approach_for_synthesis_of_ketones_from_aromatic_carboxylic_acids_and_alkenes,0.000126
NAMED__nhc,,NHC,NHC,Carbene_and_photocatalyst-catalyzed_decarboxylative_radical_coupling_of_carboxylic_acids_and_acyl_imidazoles_to_form_ket,0.000126
VMHLLURERBWHNL-UHFFFAOYSA-M,CC(=O)[O-].[Na+],NaOAc,NaOAc,"Bhaskar Pal et al. - 2023 - Stereospecific Photoredox‐Catalyzed Vinylations to Functionalized Alkenes and C ‐Glycosides, Suzuki-type_cross-coupling_of_alkyl_trifluoroborates_with_acid_fluoride_enabled_by_NHCphotoredox_dual_catalysis",0.000126
CHYHHMZJDVBUAK-UHFFFAOYSA-N,CC(C)(C)C1=CC=NC(=C1)C2=NC=CC(=C2)C(C)(C)C.FC1=CC(=C(C=C1)C2=NC=CC=C2)F.FC3=CC(=C(C=C3)C4=NC=CC=C4)F.F[P-](F)(F)(F)(F)F.[Ir+],C40H38F10IrN4P,Ir-2,Catalytic_intramolecular_aminoarylation_of_unactivated_alkenes_with_aryl_sulfonamides,0.000126
[2*]C(=O)n1ccnc1,[2*]C(=O)n1ccnc1,PC-1 (2 mol%),"PC-1, PC-1 (2 mol%)",Cooperative_photoredox_and_N-heterocyclic_carbene-catalyzed_formal_CH_acylation_of_cyclopropanes_iviai_a_deconstructionr,0.000126
NMMIHXMBOZYNET-UHFFFAOYSA-N,COC(=O)c1ccccn1,C7H7NO2,1a,ja4c05272,0.000126
PNDPGZBMCMUPRI-UHFFFAOYSA-N,I[I],I2,I2,Becker et al. - 2017 - Cooperative Light‐Activated Iodine and Photoredox Catalysis for the Amination of C−H Bonds,0.000126
IBVOQRLGWIKFFM-UHFFFAOYSA-N,C=[C][C](C)C(O)c1ccccc1,C11H12O,6f,Baussière and Haugland - 2023 - Radical Group Transfer of Vinyl and Alkynyl Silanes Driven by Photoredox Catalysis,0.000125
LYYUBGAXTOOEIM-UHFFFAOYSA-N,BrCC(Br)CCc1ccccc1,C10H12Br2,4a,catalysts-13-01126,0.000125
NAMED__rubpy3pf62,,[Ru(bpy) 3 ](PF 6 ) 2,"[Ru(bpy) 3 ](PF 6 ) 2, [Ru(bpy)3](PF6)2","Dual_goldphotoredox-catalyzed_CspH_arylation_of_terminal_alkynes_with_diazonium_salts, ol3c04246",0.000125
LEONUFNNVUYDNQ-UHFFFAOYSA-N,[V],catalyst,catalyst,"NonoxidovanadiumIV_Complex-Catalyzed_Synthesis_of_2-Amino-3-cyano-4iHi-pyrans4iHi-chromenes,_Biscoumarins,_and_Xanthenes",0.000125
MIYKHJXFICMPOJ-RVDMUPIBSA-N,C(=N\Cc1ccccc1)/c1ccccc1,dibenzylimine,"dibenzylimine, PCN-222",Direct_evidence_of_charge_separation_in_a_metalorganic_framework_efficient_and_selective_photocatalytic_oxidative_coupli,0.000124
RZWQDAUIUBVCDD-UHFFFAOYSA-M,C1=CC=C(C=C1)[S-].[Na+],PhSNa,PhSNa,Fan et al. - 2023 - PhotoredoxHAT dual-catalyzed carboxylation of benzyl chlorides with CO2 using thiophenolate and for,0.000124
ONDSBJMLAHVLMI-UHFFFAOYSA-N,C[Si](C)(C)C=[N+]=[N-],TMSCHN2,TMSCHN2,Photoredox-catalyzed_dicarbofunctionalization_of_styrenes_with_amines_and_COsub2sub_a_convenient_access_to_-amino_acids,0.000124
JIGUQPWFLRLWPJ-UHFFFAOYSA-N,C=CC(=O)OCC,Ethyl acrylate,Ethyl acrylate,Dubois et al. - 2023 - Visible Light Photoredox-Catalyzed Decarboxylative Alkylation of 3-Aryl-Oxetanes and Azetidines via,0.000124
QJPJQTDYNZXKQF-UHFFFAOYSA-N,COc1ccc(Br)cc1,C7H7BrO,4a,iOrthoi_CH_arylation_of_arenes_at_room_temperature_using_visible_light_ruthenium_CH_activation,0.000124
FUKRIFSWCGFODA-UHFFFAOYSA-N,COC(=O)C(C)NC(=O)c1ccc(C(F)(F)F)cc1,C12H12F3NO3,3a,Alandini_Angewandte Chemie International Edition_10.1002_anie.202000224,0.000124
ODLMAHJVESYWTB-UHFFFAOYSA-N,CCCc1ccccc1,C9H12,3a,Angew Chem Int Ed - 2019 - Meng - Controllable Isomerization of Alkenes by Dual Visible‐Light‐Cobalt Catalysis,0.000124
MOUUDOSZONTTNK-UHFFFAOYSA-N,CC1=CC(C)=CC(C)=C1C2=CC3=C4C(=C2)B5C6=C(C=C(C2=C(C)C=C(C)C=C2C)C=C6OC5=C3)OC7=CC(C2=C(C)C=C(C)C=C2C)=CC=C47,Mes3DiKTa,Mes3DiKTa,Chemistry A European J - 2022 - Prentice - Multi‐Resonant Thermally Activated Delayed Fluorescent  MR‐TADF  Compounds as,0.000124
NAMED__4molecularsieves,,4 Å molecular sieves,4 Å molecular sieves,Enantioselective_catalytic_-amination_through_proton-coupled_electron_transfer_followed_by_stereocontrolled_radicalradic,0.000124
QWPBWMSRRGFUHD-UHFFFAOYSA-N,CC(CCCc1ccccc1)COc1ccccc1,C18H22O,3aa',Thianthrenium-Enabled_Chromium-Catalyzed_Deuterated_Alkyl_Addition_to_Aldehydes_via_Photoactive_Electron_Donor-Acceptor_,0.000124
CIWBSHSKHKDKBQ-JLAZNSOCSA-N,C([C@@H]([C@@H]1C(=C(C(=O)O1)O)O)O)O,AscH2,AscH2,Enantioselective_synthesis_of_amines_by_combining_photoredox_and_enzymatic_catalysis_in_a_cyclic_reaction_network,0.000123
NAMED__pdoac2,,Pd(OAc) 2,Pd(OAc) 2,molecules-27-01980-v2,0.000123
KSVLLRDTVVNQQK-UHFFFAOYSA-N,CCC1C2C13C21C24C5CC52C341,C11H10,2a',Dubois et al. - 2023 - Visible Light Photoredox-Catalyzed Decarboxylative Alkylation of 3-Aryl-Oxetanes and Azetidines via,0.000123
HYAAEBUKCXOFDT-UHFFFAOYSA-N,COC(=O)C(=[N+]=[N-])c1ccccc1,C9H8N2O2,2a,"Bond_cleavage,_fragment_modification_and_reassembly_in_enantioselective_three-component_reactions",0.000123
OJGMBLNIHDZDGS-UHFFFAOYSA-N,CCNc1ccccc1,C8H11N,1a,Straightforward_synthesis_of_functionalized_-Lactams_using_impure_CO2_stream_as_the_carbon_source,0.000123
URYYMVXXFNXTAX-UHFFFAOYSA-N,c1ccc(nc1)-c2cccc[n+]2[Ru-2]34([n+]5ccccc5-c6cccc[n+]63)([n+]7ccccc7-c8cccc[n+]84)[n+]9ccccc9-c%10cccc[n+]%10.F[P-](F)(F)(F)(F)F.F[P-](F)(F)(F)(F)F,C40H32F12N8P2Ru+3,Ru-1,Photoredox-catalyzed_dicarbofunctionalization_of_styrenes_with_amines_and_COsub2sub_a_convenient_access_to_-amino_acids,0.000123
ZCYVEMRRCGMTRW-UHFFFAOYSA-N,[I],I,H2,NN_atropisomer_synthesis_iviai_electrolyte-_and_base-free_electrochemical_cobalt-catalysed_CH_annulation,0.000123
CURLTUGMZLYLDI-UHFFFAOYSA-N,O=C=O,CO2 (balloon),CO2 (balloon),Straightforward_synthesis_of_functionalized_-Lactams_using_impure_CO2_stream_as_the_carbon_source,0.000122
SEPFBGKISHIOID-UHFFFAOYSA-N,CC(C)(C#Cc1ccccc1)CCc1ccccc1,C19H20,4a,Angew Chem Int Ed - 2021 - Amos - Direct Photoexcitation of Ethynylbenziodoxolones  An Alternative to Photocatalysis for,0.000122
RAXXELZNTBOGNW-UHFFFAOYSA-N,C1=CN=CN1,C3H4N2,Az-1,Goto and Ohmiya - 2025 - Distal C–H functionalization of alkoxyarenes through organic photoredox-catalyzed radical–radical co,0.000122
PHRAYFRGCDHFRB-FJIAVIARSA-N,CC(C)(C)[Si](OC1CC[C@H](N1C(=O)c2c(cccn2)N3CCCC3)[C@](O)(c4cc(c5ccccc5)cc(c4)c6ccccc6)c7cc(c8ccccc8)cc(c7)c9ccccc9)(c1ccccc1)c2ccccc2,C67H63N3O3Si,C9,Silverchiral_pyrrolidinopyridine_relay_catalytic_cycloisomerization2  3_cycloadditions_of_enynamides_to_asymmetrically_s,0.000122
NAMED__phsih3,,PhSiH 3,PhSiH 3,Palladium-catalyzed_thiocarbonylation_of_alkenes_toward_branched_thioesters_using_COsub2sub,0.000121
RHQDFWAXVIIEBN-UHFFFAOYSA-N,C(C(F)(F)F)O,"2,2,2-Trifluoroethanol","2,2,2-Trifluoroethanol",NN_atropisomer_synthesis_iviai_electrolyte-_and_base-free_electrochemical_cobalt-catalysed_CH_annulation,0.000121
UWSVHIJDHBEBHX-UHFFFAOYSA-N,C=CC(OC(=O)OC(C)(C)C)c1ccccc1-c1ccccc1,C20H22O3,2a,d3sc04645a,0.000121
XZIAFENWXIQIKR-UHFFFAOYSA-N,CCOC(=O)c1ccc(Br)cc1,ethyl 4-bromobenzoate,ethyl 4-bromobenzoate,Ni_single_atoms_on_carbon_nitride_for_visible-light-promoted_full_heterogeneous_dual_catalysis,0.000121
FLLXIDNFXBLBMT-UHFFFAOYSA-N,CNc1cc(C)ccc1C,product,product,Photo-induced_oxidant-free_oxidative_CHNH_cross-coupling_between_arenes_and_azoles,0.000121
O=[N+](=O)c1ccc(S(=O)(=O)ON(C)C(=O)C)cc1,O=[N+](=O)c1ccc(S(=O)(=O)ON(C)C(=O)C)cc1,O=[N+](=O)c1ccc(S(=O)(=O)ON(C)C(=O)…,4,Boselli et al. - 2023 - Enantioselective Catalytic Addition of N‐Acyl Radicals In Batch and In Flow Organophotoredox α‐Amin,0.00012
KGOGNDXXUVELIQ-UHFFFAOYSA-N,CCCCCCCCCCCCCCCCCC[NH2+]CCCCCCCCCCCCCCCCCC.[Cl-],(n-C18H37)2NH·HCl,(n-C18H37)2NH·HCl,Lead-Halide_Perovskites_for_Photocatalytic_-Alkylation_of_Aldehydes,0.00012
NAMED__rhc2h4davephosotf4,,[Rh(C 2 H 4 )(DavePhos)](OTf) ( 4 ),[Rh(C 2 H 4 )(DavePhos)](OTf) ( 4 ),Catalytic_direct_hydrocarboxylation_of_styrenes_with_CO2_and_H2,0.000119
FQYBGKVDYNPDFL-UHFFFAOYSA-N,CCCN1C2=CC=CC(OC)=C2[C+]2C3=C(OC)C=CC=C3N(CCC)C3=C2C1=CC=C3,C27H29N2O2+,4+,Diastereoselective_and_enantioselective_photoredox_pinacol_coupling_promoted_by_titanium_complexes_with_a_red-absorbing_,0.000119
AQNQQHJNRPDOQV-UHFFFAOYSA-N,BrC1CCCCC1,C6H11Br,2,Visible-light-mediated_Minisci_CH_alkylation_of_heteroarenes_with_unactivated_alkyl_halides_using_Osub2sub_as_an_oxidant,0.000119
UDHAWRUAECEBHC-UHFFFAOYSA-N,Cc1ccc(I)cc1,aryl iodide (Ar = p-tolyl),aryl iodide (Ar = p-tolyl),CH_functionalization_of_amines_with_aryl_halides_by_nickel-photoredox_catalysis,0.000119
YZDAFWLIMRVDNP-UHFFFAOYSA-N,CC(=O)N(C)C.CC#N,DMAc/CH3CN (3:1 v/v),DMAc/CH3CN (3:1 v/v),d3sc04645a,0.000119
RWRDLPDLKQPQOW-UHFFFAOYSA-N,C1CCNC1,ethyl 4-bromobenzoate,"ethyl 4-bromobenzoate, pyrrolidine",Ni_single_atoms_on_carbon_nitride_for_visible-light-promoted_full_heterogeneous_dual_catalysis,0.000118
NAMED__hclinmethanol,,HCl in Methanol,HCl in Methanol,Baussière and Haugland - 2023 - Radical Group Transfer of Vinyl and Alkynyl Silanes Driven by Photoredox Catalysis,0.000118
IHOYDALOVDQINJ-UHFFFAOYSA-N,C=C=C(C)c1ccccc1,C10H10,1a,Copper-catalyzed_regio-_and_stereo-selective_hydrosilylation_of_terminal_allenes_to_access_E-allylsilanes,0.000118
NAMED__facirppy3,,fac -Ir(ppy) 3,"fac -Ir(ppy) 3, f ac-Ir(ppy) 3","Baussière and Haugland - 2023 - Radical Group Transfer of Vinyl and Alkynyl Silanes Driven by Photoredox Catalysis, Boselli et al. - 2023 - Enantioselective Catalytic Addition of N‐Acyl Radicals In Batch and In Flow Organophotoredox α‐Amin, Visible-Light-Mediated_Deaminative_Three-Component_Dicarbofunctionalization_of_Styrenes_with_Benzylic_Radicals, molecules-27-01980-v2, ol5c01129",0.000118
SNZXMAHBUQXQSE-UHFFFAOYSA-N,CC#N.c1ccccc1,Acetonitrile:benzene,Acetonitrile:benzene,NiPhotoredox-Catalyzed_Csp_sup3sup_Csp_sup3sup__Coupling_between_Aziridines_and_Acetals_as_Alcohol-Derived_Alkyl_Radical,0.000118
MCVFFRWZNYZUIJ-UHFFFAOYSA-M,[Li+].C(F)(F)(F)S(=O)(=O)[O-],dimethylacetamide with LiOTf,"LiOTf, dimethylacetamide with LiOTf",Catalytic_direct_hydrocarboxylation_of_styrenes_with_CO2_and_H2,0.000118
YSIWRRISLBPPOY-UHFFFAOYSA-N,CC(C)(C)C1=CC=NC(=C1)C2=C(C=C(C=C2)C(C)(C)C)N3[Ir+]4(C5=C(C=C(C=C5F)F)C6=NC=C(C=C64)C(F)(F)F)C7=C(C=C(C=C7F)F)C8=NC=C(C=C83)C(F)(F)F,C43H32F10IrN4+,PC3,Calogero et al. - 2022 - A Photoredox Nozaki‐Hiyama Reaction Catalytic in Chromium,0.000118
RTZKZFJDLAIYFH-UHFFFAOYSA-N,CCOCC,"Diethyl ether (TCP solution, 0.7–)","Diethyl ether (TCP solution, 0.7–)",Synthesis_and_applications_of_highly_functionalized_1-halo-3-substituted_bicyclo1.1.1pentanes,0.000118
ZIQWQSCQELMUKW-UHFFFAOYSA-N,C(#CC1CCCCC1)c1ccccc1,C14H16,3aj,shi-et-al-2020-photoinduced-transition-metal-free-alkynylation-of-alkyl-pinacol-boronates,0.000118
PPJCIYZNNFJYTC-UHFFFAOYSA-N,Cc1oc(C)c(C(=O)c2ccccc2)c1C(=O)c1ccccc1,C20H16O3,1c,Photocatalytic_synthesis_of_tetra-substituted_furans_promoted_by_carbon_dioxide,0.000118
KXHPPCXNWTUNSB-UHFFFAOYSA-M,C[N+](C)(C)CC1=CC=CC=C1.[Cl-],BTAC,BTAC,ol5c01129,0.000118
BUTBUGKUHJGTAH-UHFFFAOYSA-N,CC(=O)c1c(C)oc(-c2ccccc2)c1C(=O)c1ccccc1,C20H16O3,1b,Photocatalytic_synthesis_of_tetra-substituted_furans_promoted_by_carbon_dioxide,0.000118
MWKYVDIUZBVZJA-UHFFFAOYSA-M,CCCC[N+](CCCC)(CCCC)CCCC.C1=CC=C(C=C1)OP(=O)([O-])OC2=CC=CC=C2,C28H46NO4P,B2,Enantioselective_catalytic_-amination_through_proton-coupled_electron_transfer_followed_by_stereocontrolled_radicalradic,0.000117
CDBYLPFSWZWCQE-UHFFFAOYSA-M,O=[C](O)[O-].[Na+].[Na+],Na2CO3,Na2CO3,Nickel-catalyzed_allylic_defluorinative_alkylation_of_trifluoromethyl_alkenes_with_reductive_decarboxylation_of_redox-ac,0.000117
MUALRAIOVNYAIW-UHFFFAOYSA-N,P(C1=CC=CC=C1)(C1=CC=CC=C1)C1=CC=C2C=CC=CC2=C1C1=C(P(C2=CC=CC=C2)C2=CC=CC=C2)C=CC2=C1C=CC=C2,rac-BINAP,"L5, rac-BINAP","Angew Chem Int Ed - 2019 - Meng - Controllable Isomerization of Alkenes by Dual Visible‐Light‐Cobalt Catalysis, Banerjee et al. - 2022 - Excited‐State Copper Catalysis for the Synthesis of Heterocycles",0.000117
UFHFLCQGNIYNRP-UHFFFAOYSA-N,[HH],H2,H2,Photo-induced_oxidant-free_oxidative_CHNH_cross-coupling_between_arenes_and_azoles,0.000117
URLKBWYHVLBVBO-UHFFFAOYSA-N,Cc1ccc(C)cc1,arene,arene,Photo-induced_oxidant-free_oxidative_CHNH_cross-coupling_between_arenes_and_azoles,0.000117
PWHULOQIROXLJO-UHFFFAOYSA-N,[Mn],Mn (in situ reductant),"Mn, Mn (in situ reductant)","ChromiumCatalyzed_PinacolType_CrossCoupling_Studies_on_Stereoselectivity, Nickel-catalyzed_allylic_defluorinative_alkylation_of_trifluoromethyl_alkenes_with_reductive_decarboxylation_of_redox-ac",0.000117
XIXADJRWDQXREU-UHFFFAOYSA-M,[Li+].CC(=O)[O-],LiOAc,LiOAc,Photoredox-catalyzed_dicarbofunctionalization_of_styrenes_with_amines_and_COsub2sub_a_convenient_access_to_-amino_acids,0.000117
NAMED__codmgh2cl2,,Co(dmgH) 2 Cl 2,"Co(dmgH)2Cl2, Co(dmgH) 2 Cl 2",Photo-induced_oxidant-free_oxidative_CHNH_cross-coupling_between_arenes_and_azoles,0.000116
NQUVCRCCRXRJCK-UHFFFAOYSA-N,Cc1ccc(C(=O)Cl)cc1,C8H7ClO,2a,"Brambilla et al. - 2023 - Synthesis of Indole‐Fused 1,4‐Diazepinones via Photoredox‐Catalyzed Cascade Cyclization Reaction",0.000116
NAMED__isopropylacetatewater8515,,Isopropyl acetate/water (85/15),Isopropyl acetate/water (85/15),ol5c01129,0.000116
HJWLCRVIBGQPNF-UHFFFAOYSA-N,C=CCc1ccccc1,C9H10,1a,Angew Chem Int Ed - 2019 - Meng - Controllable Isomerization of Alkenes by Dual Visible‐Light‐Cobalt Catalysis,0.000116
QHPCLTFFYZNZCT-UHFFFAOYSA-L,Br[Ni](Br)N1C=CC(=C1)C(C)(C)C,Ni(dtbbpy)Br2,Ni(dtbbpy)Br2,Photoinduced_CoNi-cocatalyzed_Markovnikov_hydroarylation_of_unactivated_olefins_with_aryl_bromides,0.000116
LYNSMTWBUUZYGV-UHFFFAOYSA-N,C=C(OC(C)=O)c1ccc(F)cc1,C10H9FO2,1a,Duhail et al. - 2021 - Radical α-Trifluoromethoxylation of Ketones under Batch and Flow Conditions by Means of Organic Phot,0.000116
CC(C)C1=CC(C(C)C)=CC(C(C)C)=C1N2C=CN(C3=C(C(C)C)C=C(C(C)C)C=C3C(C)C)C2=[Pd](Cl)(Cl)N4=CC=CC=C4,CC(C)C1=CC(C(C)C)=CC(C(C)C)=C1N2C=CN(C3=C(C(C)C)C=C(C(C)C)C=C3C(C)C)C2=[Pd](Cl)(Cl)N4=CC=CC=C4,NHC = B,NHC = B,Carbene_and_photocatalyst-catalyzed_decarboxylative_radical_coupling_of_carboxylic_acids_and_acyl_imidazoles_to_form_ket,0.000116
BRYZTYAXZCGIMU-UHFFFAOYSA-N,C=C[Si](C)(C)OC(c1ccccc1)C(C)I,C13H19IOSi,4f,Baussière and Haugland - 2023 - Radical Group Transfer of Vinyl and Alkynyl Silanes Driven by Photoredox Catalysis,0.000116
NAMED__nidtbbpybr225mol,,Ni(dtbbpy)Br2 (2.5 mol%),Ni(dtbbpy)Br2 (2.5 mol%),Photoinduced_CoNi-cocatalyzed_Markovnikov_hydroarylation_of_unactivated_olefins_with_aryl_bromides,0.000115
HZRSJXHJJASTPZ-UHFFFAOYSA-N,F[B-](F)(F)F.c1ccc(cc1)c2cccc[n+]2.[Ir+3](c3ccccc3)(c4cccc[n+]4)c5ccccc5,[4a][BF4],[4a][BF4],Visible_light-mediated_oxidative_decarboxylation_of_arylacetic_acids_into_benzyl_radicals_addition_to_electron-deficient,0.000115
NAMED__5,,5,5,"Green_synthesis_of_3,4-disubstituted_isoxazol-54H-one_using_Gluconic_acid_aqueous_solution_as_an_efficient_recyclable_me, ol3c02389",0.000115
MVLFQWCYAPNTES-UHFFFAOYSA-N,Cc1ccc(S(=O)(=O)N2CC2c2ccc(F)cc2)cc1,C15H14FNO2S,1a,NiPhotoredox-Catalyzed_Csp_sup3sup_Csp_sup3sup__Coupling_between_Aziridines_and_Acetals_as_Alcohol-Derived_Alkyl_Radical,0.000115
DNPRVXJGNANVCZ-UHFFFAOYSA-N,O=[N+]([O-])CBr,CH2BrNO2,2a,catalysts-13-01126,0.000115
FIZBTRSOXOIOLH-MHZLTWQESA-N,Cc1ccc([C@](C)(CS(=O)(=O)c2cccc3ccccc23)C(=O)Nc2ccccc2)cc1,C27H25NO3S,4n,Accessing_chiral_sulfones_bearing_quaternary_carbon_stereocenters_via_photoinduced_radical_sulfur_dioxide_insertion_and_,0.000115
VXNZUUAINFGPBY-UHFFFAOYSA-N,C=CCC,C4H8,2a,Photoinduced_CoNi-cocatalyzed_Markovnikov_hydroarylation_of_unactivated_olefins_with_aryl_bromides,0.000115
Cc1cc(C)cc(C)c1-n1cnc2[C@H]3c4ccccc4C[C@H]3OC[n+]12.[BF4-],Cc1cc(C)cc(C)c1-n1cnc2[C@H]3c4ccccc4C[C@H]3OC[n+]12.[BF4-],NHC-1 (Ar = Mes),NHC-1 (Ar = Mes),"Visible_light-mediated_organocatalyzed_1,3-aminoacylation_of_cyclopropane_employing_N-benzoyl_saccharin_as_bifunctional_",0.000114
LZWQNOHZMQIFBX-UHFFFAOYSA-N,[Li+].CC(C)(C)[O-],t-BuOLi (tert-butyllithium oxide va…,t-BuOLi (tert-butyllithium oxide variant),"Rutheniumscpiiscp-catalyzed_chemoselective_deacylative_annulation_of_1,3-diones_with_sulfoxonium_ylides_iviai_CC_bond_ac",0.000114
QOUVUDUTJPGJNG-UHFFFAOYSA-N,C=C(C=O)C(C)C,2-isopropylacrolein,2-isopropylacrolein,ChromiumCatalyzed_PinacolType_CrossCoupling_Studies_on_Stereoselectivity,0.000114
MPMBRWOOISTHJV-UHFFFAOYSA-N,CCC=Cc1ccccc1,C10H12,4b,Angew Chem Int Ed - 2019 - Meng - Controllable Isomerization of Alkenes by Dual Visible‐Light‐Cobalt Catalysis,0.000113
IMEVSAIFJKKDAP-UHFFFAOYSA-N,COC1=CC(=NC=C1)C2=NC=CC(=C2)OC,"4,4'-dMeObpy (4,4'-dimethoxy-2,2'-b…","4,4'-dMeObpy, 4,4'-dMeObpy (4,4'-dimethoxy-2,2'-bipyridine), L6 (R = OMe)","Alandini_Angewandte Chemie International Edition_10.1002_anie.202000224, Bárbara et al. - 2025 - Protecting group-free photocatalyzed O-arylation of quinic acid, Calogero et al. - 2022 - A Photoredox Nozaki‐Hiyama Reaction Catalytic in Chromium",0.000113
VUKHQPGJNTXTPY-NSCUHMNNSA-N,C/C=C/Cc1ccccc1,C10H12,2b,Angew Chem Int Ed - 2019 - Meng - Controllable Isomerization of Alkenes by Dual Visible‐Light‐Cobalt Catalysis,0.000113
BAWFJGJZGIEFAR-NNYOXOHSSA-N,C1=CC(=C[N+](=C1)[C@H]2[C@@H]([C@@H]([C@H](O2)COP(=O)([O-])OP(=O)(O)OC[C@@H]3[C@H]([C@H]([C@@H](O3)N4C=NC5=C(N=CN=C54)N)O)O)O)O)C(=O)N,C21H27N7O14P2,Co-I,Photoinduced_CoNi-cocatalyzed_Markovnikov_hydroarylation_of_unactivated_olefins_with_aryl_bromides,0.000113
SQMFULTZZQBFBM-UHFFFAOYSA-N,C[Si](C)(C)[SiH]([Si](C)(C)C)[Si](C)(C)C,TTMS,TTMS,Visible-light-mediated_Minisci_CH_alkylation_of_heteroarenes_with_unactivated_alkyl_halides_using_Osub2sub_as_an_oxidant,0.000113
YDVNLQGCLLPHAH-UHFFFAOYSA-N,ClCCl.O,Dichloromethane/water (v/v = 4:1),Dichloromethane/water (v/v = 4:1),A_general_deoxygenation_approach_for_synthesis_of_ketones_from_aromatic_carboxylic_acids_and_alkenes,0.000112
FVKFHMNJTHKMRX-UHFFFAOYSA-N,C1CNC2=NCCCN2C1,TBD,TBD,jo2c02952,0.000112
NAMED__0002204103,,"0.002, 2.04 × 10 - 3","0.002, 2.04 × 10 - 3","NonoxidovanadiumIV_Complex-Catalyzed_Synthesis_of_2-Amino-3-cyano-4iHi-pyrans4iHi-chromenes,_Biscoumarins,_and_Xanthenes",0.000112
VLKZOEOYAKHREP-UHFFFAOYSA-N,CCCCCC,hexane (BEt3 supplied as 1 M soluti…,hexane (BEt3 supplied as 1 M solution),Synthesis_and_applications_of_highly_functionalized_1-halo-3-substituted_bicyclo1.1.1pentanes,0.000112
LALRXNPLTWZJIJ-UHFFFAOYSA-N,B(CC)(CC)CC,Triethylborane (BEt3),Triethylborane (BEt3),Synthesis_and_applications_of_highly_functionalized_1-halo-3-substituted_bicyclo1.1.1pentanes,0.000111
JLBJTVDPSNHSKJ-UHFFFAOYSA-N,C=Cc1ccc(C)cc1,4-methylstyrene (2a),"CF2H reagent 1b, 4-methylstyrene (2a)",Arai et al. - 2016 - Oxydifluoromethylation of Alkenes by Photoredox Catalysis Simple Synthesis of CF2 H‐Cont,0.000111
HEVMDQBCAHEHDY-UHFFFAOYSA-N,COC(OC)c1ccccc1,C9H12O2,2a,NiPhotoredox-Catalyzed_Csp_sup3sup_Csp_sup3sup__Coupling_between_Aziridines_and_Acetals_as_Alcohol-Derived_Alkyl_Radical,0.000111
OZIIGWJYFLVINO-UHFFFAOYSA-N,COC(C)C(CNS(=O)(=O)c1ccc(C)cc1)c1ccc(F)cc1,C18H22FNO3S,3,NiPhotoredox-Catalyzed_Csp_sup3sup_Csp_sup3sup__Coupling_between_Aziridines_and_Acetals_as_Alcohol-Derived_Alkyl_Radical,0.000111
CC1=CC=NC(=C1)C1=CC=CC=C1[Ir]12(C3=CC=CC=C3C3=CC=CC=N13)C1=CC=CC=C1C1=CC=CC=N21,CC1=CC=NC(=C1)C1=CC=CC=C1[Ir]12(C3=CC=CC=C3C3=CC=CC=N13)C1=CC=CC=C1C1=CC=CC=N21,Ir(ppy) 2 (PIB-ppy) ( 3 ),"fac -Ir(ppy) 3, Ir(ppy) 2 (PIB-ppy) ( 3 )",Synthesis_of_a_polyisobutylene-tagged_fac-Irppysub3sub_complex_and_its_application_as_recyclable_visible-light_photocata,0.00011
KGIGUEBEKRSTEW-UHFFFAOYSA-N,C=Cc1ccccn1,C7H7N,"1a, 2a",A_general_deoxygenation_approach_for_synthesis_of_ketones_from_aromatic_carboxylic_acids_and_alkenes,0.00011
OWZVLEWOFWHBEQ-UHFFFAOYSA-N,C=C(OC(=O)OC(C)(C)C)c1ccc(F)cc1,C13H15FO3,1b,Duhail et al. - 2021 - Radical α-Trifluoromethoxylation of Ketones under Batch and Flow Conditions by Means of Organic Phot,0.00011
KLXLAUIFZKHBJL-UHFFFAOYSA-N,Cc1ccc(S(=O)(=O)NC(C(C)c2ccc(F)cc2)C(c2ccc(F)cc2)C(NS(=O)(=O)c2ccc(C)cc2)C(C)c2ccc(F)cc2)cc1,C39H39F3N2O4S2,4,NiPhotoredox-Catalyzed_Csp_sup3sup_Csp_sup3sup__Coupling_between_Aziridines_and_Acetals_as_Alcohol-Derived_Alkyl_Radical,0.00011
CCCC[N+](C)(C)C.[HSO4-],CCCC[N+](C)(C)C.[HSO4-],Bu4NHSO4,Bu4NHSO4,Direct_sulfonylation_of_anilines_mediated_by_visible_light,0.00011
UEEXRMUCXBPYOV-UHFFFAOYSA-N,c1ccc(cc1)-c2ccccn2.c1ccc(cc1)-c2ccccn2.c1ccc(cc1)-c2ccccn2.[Ir],fac-Ir(ppy)3,"4, fac-Ir(ppy)3","Direct_sulfonylation_of_anilines_mediated_by_visible_light, Straightforward_synthesis_of_functionalized_-Lactams_using_impure_CO2_stream_as_the_carbon_source",0.00011
NAMED__base10mol,,base (10 mol%),base (10 mol%),PhosphinePhotoredox_Catalyzed_Anti-Markovnikov_Hydroamination_of_Olefins_with_Primary_Sulfonamides_via_-Scission_from_Ph,0.000109
PKANQZUPJCMBAK-UHFFFAOYSA-N,CC1=CC(=C(C(=C1)C)S)C,"2,4,6-trimethylthiophenol (RSH)","2,4,6-trimethylthiophenol (RSH)",ol3c02389,0.000109
NAMED__bome3,,B(OMe) 3,B(OMe) 3,Borate_esters_as_convenient_reagents_for_direct_amidation_of_carboxylic_acids_and_transamidation_of_primary_amides,0.000109
NAMED__nbu4po2onbu2,,NBu 4 PO 2 (O n Bu) 2,NBu 4 PO 2 (O n Bu) 2,Catalytic_intramolecular_aminoarylation_of_unactivated_alkenes_with_aryl_sulfonamides,0.000109
WRJPSSPFHGNBMG-UHFFFAOYSA-N,CC(=O)OC1CN2CCC1CC2,C9H15NO2,Q-2,Photoredox-catalyzed_dicarbofunctionalization_of_styrenes_with_amines_and_COsub2sub_a_convenient_access_to_-amino_acids,0.000109
FC1=C[N+]=C(C23=[C](C=C(F)C=C2F)[In+]245([C]6=C(C(F)=CC(F)=C6)C6=[N]2C=C(F)C=C6)([C]2=C(C(F)=CC(F)=C2)C32=[N+]4C=C(F)C=C2)[N]2=C(C=CC(F)=C2)C2=[N]5C=C(F)C=C2)C=C1,FC1=C[N+]=C(C23=[C](C=C(F)C=C2F)[In+]245([C]6=C(C(F)=CC(F)=C6)C6=[N]2C=C(F)C=C6)([C]2=C(C(F)=CC(F)=C2)C32=[N+]4C=C(F)C=C2)[N]2=C(C=CC(F)=C2)C2=[N]5C=C(F)C=C2)C=C1,FC1=C[N+]=C(C23=[C](C=C(F)C=C2F)[In…,"Ir-1, Ir-3",Catalytic_intramolecular_aminoarylation_of_unactivated_alkenes_with_aryl_sulfonamides,0.000109
FDDDEECHVMSUSB-UHFFFAOYSA-N,Nc1ccc(S(N)(=O)=O)cc1,C6H8N2O2S,5,NiPhotoredox-Catalyzed_Csp_sup3sup_Csp_sup3sup__Coupling_between_Aziridines_and_Acetals_as_Alcohol-Derived_Alkyl_Radical,0.000108
OUEVCDGYTKLNMJ-UHFFFAOYSA-N,CC1(C)OB(C2CCCCC2)OC1(C)C,C12H23BO2,1j,shi-et-al-2020-photoinduced-transition-metal-free-alkynylation-of-alkyl-pinacol-boronates,0.000108
KBJMLQFLOWQJNF-UHFFFAOYSA-N,[Ni+2].[O-]N(=O)=O.[O-]N(=O)=O,Ni(NO3)2,Ni(NO3)2,Nickel-catalyzed_allylic_defluorinative_alkylation_of_trifluoromethyl_alkenes_with_reductive_decarboxylation_of_redox-ac,0.000108
NAMED__itn2,,ITN-2,ITN-2,Tunable_CH_functionalization_and_dearomatization_enabled_by_an_organic_photocatalyst,0.000108
SQGYOTSLMSWVJD-UHFFFAOYSA-N,[N+](=O)([O-])[O-].[Ag+],AgNO3,AgNO3,Ni_single_atoms_on_carbon_nitride_for_visible-light-promoted_full_heterogeneous_dual_catalysis,0.000108
JWUJQDFVADABEY-UHFFFAOYSA-N,CC1CCCO1,2-MeTHF,2-MeTHF,iOrthoi_CH_arylation_of_arenes_at_room_temperature_using_visible_light_ruthenium_CH_activation,0.000108
MODQYKDDIAYXSR-UHFFFAOYSA-N,C1(=CC=CC=C1)P(N1C2=CC=CC=C2C=2C=C(C=CC12)Br)C1=CC=CC=C1,C24H17BrNP,L1,Palladium-catalyzed_thiocarbonylation_of_alkenes_toward_branched_thioesters_using_COsub2sub,0.000108
GQHWSLKNULCZGI-UHFFFAOYSA-N,FC(F)(F)Oc1ccccc1,C7H5F3O,3a,Zheng et al. - 2018 - Catalytic C−H Trifluoromethoxylation of Arenes and Heteroarenes,0.000108
NPBVAZCSHJZOAJ-UHFFFAOYSA-N,NOC(OC(F)(F)F)c1ccncc1,C7H7F3N2O2,1,Zheng et al. - 2018 - Catalytic C−H Trifluoromethoxylation of Arenes and Heteroarenes,0.000108
AAWZDTNXLSGCEK-LNVDRNJUSA-N,C1[C@H](C([C@@H](CC1(C(=O)O)O)O)O)O,C7H12O6,QA,Bárbara et al. - 2025 - Protecting group-free photocatalyzed O-arylation of quinic acid,0.000107
XTHFKEDIFFGKHM-UHFFFAOYSA-N,COCCOC,"Glyme (approx. 1,2-dimethoxyethane)","1,2-Dimethoxyethane (DME), dimethoxyethane, glyme, Glyme (approx. 1,2-dimethoxyethane), DME","Angew Chem Int Ed - 2019 - Meng - Controllable Isomerization of Alkenes by Dual Visible‐Light‐Cobalt Catalysis, Asymmetric_1,4-functionalization_of_1,3-enynes_via_dual_photoredox_and_chromium_catalysis, ChromiumCatalyzed_PinacolType_CrossCoupling_Studies_on_Stereoselectivity, Diastereoselective_and_enantioselective_photoredox_pinacol_coupling_promoted_by_titanium_complexes_with_a_red-absorbing_, Nickel-catalyzed_allylic_defluorinative_alkylation_of_trifluoromethyl_alkenes_with_reductive_decarboxylation_of_redox-ac, Thianthrenium-Enabled_Chromium-Catalyzed_Deuterated_Alkyl_Addition_to_Aldehydes_via_Photoactive_Electron_Donor-Acceptor_",0.000107
CYMFXHHSAWRJIU-JKSUJKDBSA-N,Oc1ccccc1C=N[C@@H]1c2ccccc2C[C@@H]1O,C16H15NO2,"(1 R ,2 S )- 18",ChromiumCatalyzed_PinacolType_CrossCoupling_Studies_on_Stereoselectivity,0.000107
TUZYUZJVIBPYFJ-UHFFFAOYSA-N,C1C(OC(N)C1)C2=CC=CC=C2,C10H13NO,L4,"Asymmetric_1,4-functionalization_of_1,3-enynes_via_dual_photoredox_and_chromium_catalysis",0.000107
LBICGAPZTCQVME-UHFFFAOYSA-N,CC(C)(C)OC(=O)N(Cc1ccccc1)C(=O)C1CCCCC1,C19H27NO3,7,Nickel-catalyzed_transamidation_of_aliphatic_amide_derivatives,0.000107
QMABMHJGSFUTPF-UHFFFAOYSA-N,CC(C)(C)C1=CC(=NC=C1)C2=CC(=CC(=N2)C3=NC=CC(=C3)C(C)(C)C)C(C)(C)C,tBu3-TERPY,"tBu3-TERPY, L3","Copper-catalysed_photoinduced_decarboxylative_alkynylation_a_combined_experimental_and_computational_study, Nickel-catalyzed_allylic_defluorinative_alkylation_of_trifluoromethyl_alkenes_with_reductive_decarboxylation_of_redox-ac",0.000106
YBYIRNPNPLQARY-UHFFFAOYSA-N,C1C=CC2=CC=CC=C21,Deuterated acetone / D2O,Deuterated acetone / D2O,Arai et al. - 2016 - Oxydifluoromethylation of Alkenes by Photoredox Catalysis Simple Synthesis of CF2 H‐Cont,0.000106
XLYOFNOQVPJJNP-ZSJDYOACSA-N,[2H]O[2H],H2O,D2O,ol3c02389,0.000106
BIOPPFDHKHWJIA-UHFFFAOYSA-N,C1=CC=C2C(=C1)C(=C3C=CC=CC3=C2C#N)C#N,"DCA (9,10-dicyanoanthracene)","DCA (9,10-dicyanoanthracene), DCA","Combining_photoredox_catalysis_and_hydrogen_atom_transfer_for_dearomative_functionalization_of_electron_rich_heteroarene, Direct_CH_difluoromethylation_of_heterocycles_via_organic_photoredox_catalysis, Visible_light-mediated_oxidative_decarboxylation_of_arylacetic_acids_into_benzyl_radicals_addition_to_electron-deficient",0.000106
GQHTUMJGOHRCHB-UHFFFAOYSA-N,C1CCC2=NCCCN2CC1,DBU,DBU,"Dubois et al. - 2023 - Visible Light Photoredox-Catalyzed Decarboxylative Alkylation of 3-Aryl-Oxetanes and Azetidines via, Suzuki-type_cross-coupling_of_alkyl_trifluoroborates_with_acid_fluoride_enabled_by_NHCphotoredox_dual_catalysis, Ye et al. - 2023 - Photoredox-enabled remote radical group migration Pathway to 1,7-dicarbonyl compounds from diazoalk, sc5c11241",0.000106
MFFXVVHUKRKXCI-UHFFFAOYSA-N,CCOC(=O)CI,C4H7IO2,7a,Synthesis_and_applications_of_highly_functionalized_1-halo-3-substituted_bicyclo1.1.1pentanes,0.000106
NVCZKUSRWBBGAH-UHFFFAOYSA-N,COC(=O)C1=CC=C(C=C1)C2=C3C=CC(=C(C4=NC(=C(C5=CC=C(N5)C(=C6C=CC2=N6)C7=CC=C(C=C7)C(=O)OC)C8=CC=C(C=C8)C(=O)OC)C=C4)C9=CC=C(C=C9)C(=O)OC)N3,TPPCOOMe,TPPCOOMe,Direct_evidence_of_charge_separation_in_a_metalorganic_framework_efficient_and_selective_photocatalytic_oxidative_coupli,0.000105
MJWNJEJCQHNDNM-UHFFFAOYSA-N,Cc1ccc(cc1)S(=O)c2ccc(C)cc2,(4-MePh)2SO,(4-MePh)2SO,Yin et al. - 2020 - Photoredox Catalytic Trifluoromethylation and Perfluoroalkylation of Arenes Using Trifluoroacetic an,0.000105
HLBBKKJFGFRGMU-UHFFFAOYSA-M,C(=O)[O-].[Na+],HCO2Na,"HCO2Na, B","Fan et al. - 2023 - PhotoredoxHAT dual-catalyzed carboxylation of benzyl chlorides with CO2 using thiophenolate and for, jo3c00895",0.000105
XHQZJYCNDZAGLW-UHFFFAOYSA-N,COc1cccc(C(=O)O)c1,C8H8O3,C,jo3c00895,0.000105
LSXDOTMGLUJQCM-UHFFFAOYSA-M,[Cu]I,Cu(IPr)I,"CuI, Cu(IPr)I","Banerjee et al. - 2022 - Excited‐State Copper Catalysis for the Synthesis of Heterocycles, Catalytic_asymmetric_radical_aminoperfluoroalkylation_and_aminodifluoromethylation_of_alkenes_to_versatile_enantioenrich",0.000105
AGEZXYOZHKGVCM-UHFFFAOYSA-N,BrCc1ccccc1,C7H7Br,1a,Visible-Light-Mediated_Deaminative_Three-Component_Dicarbofunctionalization_of_Styrenes_with_Benzylic_Radicals,0.000104
NAMED__acetonitrilewater,,Acetonitrile:Water,Acetonitrile:Water,Dutta et al. - 2021 - Visible light-promoted synthesis of pyrrolidinone derivatives via Rose Bengal as a photoredox,0.000104
NAMED__etoach2o,,EtOAc/H2O‡,EtOAc/H2O‡,Angiolini_ChemCatChem_10.1002_cctc.202500240,0.000104
ISWSIDIOOBJBQZ-UHFFFAOYSA-N,Oc1ccccc1,phenol,phenol,Photocatalytic_metalorganic_frameworks_for_the_aerobic_oxidation_of_arylboronic_acids,0.000104
CuI,CuI,CuI,CuI,Selective_single_CF_bond_arylation_of_trifluoromethylalkene_derivatives,0.000104
KRDXTHSSNCTAGY-SNVBAGLBSA-N,C1CCC([C@H]2CCCN2)CC1,C10H19N,(R)-2a,Enantioselective_synthesis_of_amines_by_combining_photoredox_and_enzymatic_catalysis_in_a_cyclic_reaction_network,0.000103
AAWZDTNXLSGCEK-WVEQISQRSA-N,C1[C@H]([C@@H]([C@H](C[C@]1(C(=O)O)O)O)O)O,Ir(dFppy) 3,Ir(dFppy) 3,Bárbara et al. - 2025 - Protecting group-free photocatalyzed O-arylation of quinic acid,0.000103
DRGAZIDRYFYHIJ-UHFFFAOYSA-N,C1=CC=NC(=C1)C2=NC(=CC=C2)C3=CC=CC=N3,terpy 0,"terpy 0, 11","CH_functionalization_of_amines_with_aryl_halides_by_nickel-photoredox_catalysis, Nickel-catalyzed_transamidation_of_aliphatic_amide_derivatives",0.000103
BMIFHOKSUGXUFQ-UHFFFAOYSA-N,C1=CC=NC(=C1)C2=C(C=C(C=C2)F)F.C1=CC=NC(=C1)C2=C(C=C(C=[C-]2)F)F.C1=CC=NC(=C1)C2=C(C=C(C=[C-]2)F)F.[Ir],C33H19F6IrN3-2,PC4,Angiolini_ChemCatChem_10.1002_cctc.202500240,0.000103
NAMED__irdfcf3ppy2dtbpypf6,,[Ir(dF(CF3)ppy)2(dtbpy)]PF6,[Ir(dF(CF3)ppy)2(dtbpy)]PF6,Direct_sulfonylation_of_anilines_mediated_by_visible_light,0.000102
PDXJYAIFDLOTKA-UHFFFAOYSA-N,F[B-](F)(F)F.C1(=C(C(=CC(=C1)C)C)[N+]1=C2C=C(C(=C(C2=CC2=C(C(=C(C=C12)C1=CC=CC=C1)C)C1=CC=CC=C1)C1=CC=CC=C1)C)C1=CC=CC=C1)C,Mes-Acr3,Mes-Acr3,Combining_photoredox_catalysis_and_hydrogen_atom_transfer_for_dearomative_functionalization_of_electron_rich_heteroarene,0.000102
DGLHLIWXYSGYBI-UHFFFAOYSA-N,C#Cc1ccccc1Cl,C8H5Cl,"1a, 2a",d3sc04645a,0.000102
PNFVIPIQXAIUAY-LURJTMIESA-N,CC[C@H](NC(=O)OC(C)(C)C)C(=O)O,C9H17NO4,1i,1-s2.0-S2666554920300478-main,0.000101
IMNFDUFMRHMDMM-UHFFFAOYSA-N,CCCCCCC,Heptane,"Heptane, heptane","Synthesis_of_a_polyisobutylene-tagged_fac-Irppysub3sub_complex_and_its_application_as_recyclable_visible-light_photocata, sc5c11241",0.000101
N#Cc1cc(C#N)cc(N(c2ccc3ccccc3n2)c2ccc3ccccc3n2)cc1,N#Cc1cc(C#N)cc(N(c2ccc3ccccc3n2)c2ccc3ccccc3n2)cc1,4-CzIPN,4-CzIPN,Boselli et al. - 2025 - Visible‐Light Photoredox Catalytic Direct N ‐(Het)Arylation of Lactams,0.000101
KKKKCPPTESQGQH-UHFFFAOYSA-N,C1CN=C(O1)C2=NCCO2,BiOx,BiOx,CH_functionalization_of_amines_with_aryl_halides_by_nickel-photoredox_catalysis,0.000101
XLQSXGGDTHANLN-UHFFFAOYSA-N,FC(F)(F)c1ccc(Br)cc1,C7H4BrF3,2a,Alandini_Angewandte Chemie International Edition_10.1002_anie.202000224,0.000101
IUTRXWNRCBITFD-UHFFFAOYSA-N,O=C(NC1CCCCC1)C1CCCCC1,C13H23NO,9,Nickel-catalyzed_transamidation_of_aliphatic_amide_derivatives,0.000101
QAEDZJGFFMLHHQ-UHFFFAOYSA-N,O=C(OC(=O)C(F)(F)F)C(F)(F)F,TFAA,TFAA,Yin et al. - 2020 - Photoredox Catalytic Trifluoromethylation and Perfluoroalkylation of Arenes Using Trifluoroacetic an,0.000101
IPKMKFBHDBPWCQ-UHFFFAOYSA-N,Cc1cc(C)c(C(F)(F)F)c(C(F)(F)F)c1,1-bis,1-bis,Yin et al. - 2020 - Photoredox Catalytic Trifluoromethylation and Perfluoroalkylation of Arenes Using Trifluoroacetic an,0.0001
SAOUTWAZYURJNS-DEOSSOPVSA-N,Cc1ccc(NC(=O)[C@@](C)(CS(=O)(=O)c2ccccc2Cl)c2ccc(C)cc2)cc1,C24H24ClNO3S,4p,Accessing_chiral_sulfones_bearing_quaternary_carbon_stereocenters_via_photoinduced_radical_sulfur_dioxide_insertion_and_,0.0001
ZQWNJGZQSBGNQF-UHFFFAOYSA-N,CC(C)(C)c1cc(c2cc(cc(c2n1)C(C)(C)C)C)c3cc(c(nc3)c4cc(cc(c4[Ir]5(n6ccc(cc6c7cc(cc(n75)C(C)(C)C)C(C)(C)C)c8cc(c(nc8)c9cc(cc(c9)F)F)C(F)(F)F)C(F)(F)F)F)F)F.F[P-](F)(F)(F)(F)F,Ir[dF(CF3)ppy]2(dtbbpy)PF6 (instead…,Ir[dF(CF3)ppy]2(dtbbpy)PF6 (instead of 4CzIPN),d3sc04645a,0.0001
ZAHTYUOYZIUQIV-UHFFFAOYSA-N,CC(CC(C(C(CCC1=CC=CC=C1)O)O)=C)C,CrCl3,CrCl3,ChromiumCatalyzed_PinacolType_CrossCoupling_Studies_on_Stereoselectivity,0.0001
CNSODOWGTGNPHP-UHFFFAOYSA-N,Cc1cc(C)c(C(F)(F)F)cc1C(F)(F)F,1-bis,1-bis,Yin et al. - 2020 - Photoredox Catalytic Trifluoromethylation and Perfluoroalkylation of Arenes Using Trifluoroacetic an,0.0001
ZYKHFMYKLMSRTB-UHFFFAOYSA-N,CC(C)(C)C1=CC=NC(=C1)C1=NC=CC(=C1)C(C)(C)C.C1=CC=C(C=C1)C1=CC=CC=[N]1.C1=CC=C(C=C1)C1=CC=CC=[N]1.F[P-](F)(F)(F)(F)F.[Ir+],Ir(ppy) 2 (dtbbpy)PF 6,Ir(ppy) 2 (dtbbpy)PF 6,Catalytic_N-radical_cascade_reaction_of_hydrazones_by_oxidative_deprotonation_electron_transfer_and_TEMPO_mediation,9.9e-05
CIYJBIOHHFNSKA-UHFFFAOYSA-N,c1ccc(cc1)-c2ccccn2.[c]1ccc(cc1)-c2ccccn2.[c]1ccc(cc1)-c2ccccn2.[Ir],Ir(ppy)3 (instead of 4CzIPN),Ir(ppy)3 (instead of 4CzIPN),d3sc04645a,9.9e-05
CQZUFYQRUVLHTQ-UHFFFAOYSA-N,Clc1cc(Cl)c(-[n+]2cn3c(n2)CCC3)c(Cl)c1,NHC = C,NHC = C,Carbene_and_photocatalyst-catalyzed_decarboxylative_radical_coupling_of_carboxylic_acids_and_acyl_imidazoles_to_form_ket,9.9e-05
GDDLMYQGDXSHRY-UHFFFAOYSA-N,C1CCC(C2=NCCC2)CC1,C10H17N,1a,Enantioselective_synthesis_of_amines_by_combining_photoredox_and_enzymatic_catalysis_in_a_cyclic_reaction_network,9.9e-05
MVPPADPHJFYWMZ-UHFFFAOYSA-N,C1=CC=C(C=C1)Cl,PhCl,PhCl,"catalysts-13-01007-v2, molecules-27-01980-v2",9.9e-05
RTUFULAFVKASRZ-UHFFFAOYSA-N,CC(C)(C)C1=CC=NC(=C1)C2=CC(=CC=N2)C(C)(C)C.C1=CC=C(C(=C1)C2=CC=CC=N2)[Ir+].C1=CC=C(C(=C1)C2=CC=CC=N2)F.F[P-](F)(F)(F)(F)F,C40H40F7IrN4P,Ir-1,Photoredox-catalyzed_dicarbofunctionalization_of_styrenes_with_amines_and_COsub2sub_a_convenient_access_to_-amino_acids,9.9e-05
NAMED__4czlpn,,4-CzlPN,4-CzlPN,Duhail et al. - 2021 - Radical α-Trifluoromethoxylation of Ketones under Batch and Flow Conditions by Means of Organic Phot,9.9e-05
OIHAUXMSWARTNJ-VXKWHMMOSA-N,c1cc(cc(c1)C2=N[C@@H](CO2)c3ccccc3)C4=N[C@@H](CO4)c5ccccc5,C24H20N2O2,L4,A_chiral_nickel_DBFOX_complex_as_a_bifunctional_catalyst_for_visible-light-promoted_asymmetric_photoredox_reactions,9.9e-05
KDJHHFWQUAOVNB-UHFFFAOYSA-L,[Ni+2].[Cl-].[Cl-].P(C1CCCCC1)(C1CCCCC1)C1CCCCC1,NiCl2(PCy3)2,NiCl2(PCy3)2,Nickel-catalyzed_allylic_defluorinative_alkylation_of_trifluoromethyl_alkenes_with_reductive_decarboxylation_of_redox-ac,9.9e-05
WVVHDKDRHPEPHG-UHFFFAOYSA-N,C1=CC=C(C=C1)CN(CC2=CC=CC=C2)C3=C4C=NC=NC4=NC=N3,N- BAP,N- BAP,ja4c05272,9.9e-05
QRUBYZBWAOOHSV-UHFFFAOYSA-M,C(F)(F)(F)S(=O)(=O)[O-].[Ag+],AgOTf,AgOTf,Silverchiral_pyrrolidinopyridine_relay_catalytic_cycloisomerization2  3_cycloadditions_of_enynamides_to_asymmetrically_s,9.8e-05
KVDZGSVWEOEVAV-XMMPIXPASA-N,CSc1ccc(S(=O)(=O)C[C@](C)(C(=O)Nc2ccc(C)cc2)S(=O)(=O)c2ccccc2)cc1,C24H25NO5S3,4o,Accessing_chiral_sulfones_bearing_quaternary_carbon_stereocenters_via_photoinduced_radical_sulfur_dioxide_insertion_and_,9.8e-05
BHBJKXRNAZXGJI-UHFFFAOYSA-N,CC(=O)N(C)CC(O)Cc1ccccc1,C12H17NO2,15,Boselli et al. - 2023 - Enantioselective Catalytic Addition of N‐Acyl Radicals In Batch and In Flow Organophotoredox α‐Amin,9.8e-05
JDTWZSUNGHMMJM-FSPLSTOPSA-N,CC[C@H](C)[C@@H](C(=O)O)NC(=O)C,N-Ac-L-isoleu,N-Ac-L-isoleu,iOrthoi_CH_arylation_of_arenes_at_room_temperature_using_visible_light_ruthenium_CH_activation,9.7e-05
Cl[Ni]1(Cl)(N2=CC=CC3=C2C=CC4=C3C=CC=N41),Cl[Ni]1(Cl)(N2=CC=CC3=C2C=CC4=C3C=CC=N41),Ni(phen)Cl2,Ni(phen)Cl2,d3sc04645a,9.7e-05
BADBRNGGDWNSGI-UHFFFAOYSA-L,CS(=O)C1=CC=CC=C1[Pt](Cl)(Oc2c(Cl)cc(Cl)c3cccnc23),C16H11Cl3NO2PtS,1d,Ptscpiiscp_coordination_complexes_as_visible_light_photocatalysts_for_the_oxidation_of_sulfides_using_batch_and_flow_pro,9.7e-05
DUBQQKQAMBSJQA-UHFFFAOYSA-N,CC(C)(C)[B-](F)(F)F.[K+],C4H9BF3K,3a,d3sc04645a,9.6e-05
PLDWAJLZAAHOGG-UHFFFAOYSA-N,COc1cccc(Br)c1,C7H7BrO,A,jo3c00895,9.6e-05
NAMED__phosphatebufferph80,,"phosphate buffer, pH 8.0","phosphate buffer, pH 8.0",Enantioselective_synthesis_of_amines_by_combining_photoredox_and_enzymatic_catalysis_in_a_cyclic_reaction_network,9.6e-05
CC(C)(C)c1cc[n+](cc1)-c2cc(cc[n+]2C(C)(C)C)[Ir-3]3(<-n4ccccc4-c5cc(F)cc(F)c53)(<-n6ccccc6-c7cc(F)cc(F)c73)C(F)(F)F.F[P-](F)(F)(F)(F)F,CC(C)(C)c1cc[n+](cc1)-c2cc(cc[n+]2C(C)(C)C)[Ir-3]3(<-n4ccccc4-c5cc(F)cc(F)c53)(<-n6ccccc6-c7cc(F)cc(F)c73)C(F)(F)F.F[P-](F)(F)(F)(F)F,Ir[dF(CF 3 )ppy] 2 (dtbbpy)PF 6,Ir[dF(CF 3 )ppy] 2 (dtbbpy)PF 6,Visible-light-mediated_Minisci_CH_alkylation_of_heteroarenes_with_unactivated_alkyl_halides_using_Osub2sub_as_an_oxidant,9.6e-05
IEDJQFLYCAHDBS-UHFFFAOYSA-N,C1=CC(=C(N=C1)C2=CC=NN2)C3=CC=NN3,bpp,bpp,CH_functionalization_of_amines_with_aryl_halides_by_nickel-photoredox_catalysis,9.5e-05
PRBHEGAFLDMLAL-GQCTYLIASA-N,C=CC/C=C/C,C6H10,4a,d3sc04645a,9.5e-05
[Ir](p-CF3ppy)3,[Ir](p-CF3ppy)3,Ir(p-CF3ppy)3,Ir(p-CF3ppy)3,"Transition_metal-free_visible_light_photoredox-catalyzed_remote_Csp3H_borylation_enabled_by_1,5-hydrogen_atom_transfer",9.5e-05
QTBSBXVTEAMEQO-UHFFFAOYSA-N,CC(=O)O,AcOH,AcOH,molecules-27-01980-v2,9.5e-05
KAKZBPTYRLMSJV-UHFFFAOYSA-N,C=CC=C,C4H6,5a,d3sc04645a,9.5e-05
YRSHDKBYQFTGEZ-UHFFFAOYSA-L,CC(C)c1cc(C(C)C)cc(C(C)C)c1-n1cc[n+](c1)C1C=CC=CC1.[Cl-].[Pd+2].[Cl-],NHC = A,NHC = A,Carbene_and_photocatalyst-catalyzed_decarboxylative_radical_coupling_of_carboxylic_acids_and_acyl_imidazoles_to_form_ket,9.5e-05
MPGGLVZOXODCKB-UHFFFAOYSA-N,CC(C)(C)c1cc(c2cc(cc(c2n1)C(C)(C)C)C(C)(C)C)c3cccc[n]3.c1ccc(c(c1)c2ccccn2)[Ir]c3ccccc3c4ccccn4.F[P-](F)(F)(F)(F)F,Ir[(ppy)2(dtbbpy)]PF6,Ir[(ppy)2(dtbbpy)]PF6,ja3c06524,9.5e-05
RBRHJTMMUJGDMK-UHFFFAOYSA-N,N#CC1=C(C#N)C(Cl)=C(N2C3=CC=CC=C3C3=CC=CC=C32)C1N4C5=CC=CC=C5C6=CC=CC=C64,C31H17ClN4,PC-2,Goto and Ohmiya - 2025 - Distal C–H functionalization of alkoxyarenes through organic photoredox-catalyzed radical–radical co,9.5e-05
OEBXWWBYZJNKRK-UHFFFAOYSA-N,CN1CCCN2C1=NCCC2,Me-TBD,"MTBD, Me-TBD","Abdiaj - Improving the throughput of batch photochemical reactions using flow Dual photoredox and nickel cat, jo2c02952",9.5e-05
[K+].CC(C)(C)B(F)(F)F,[K+].CC(C)(C)B(F)(F)F,tert-Bu trifluoroborate (3a),tert-Bu trifluoroborate (3a),d3sc04645a,9.5e-05
YMOONIIMQBGTDU-VOTSOKGWSA-N,Br/C=C/c1ccccc1,C8H7Br,2a,1-s2.0-S2666554920300478-main,9.4e-05
CHIHQLCVLOXUJW-UHFFFAOYSA-N,O=C(OC(=O)c1ccccc1)c1ccccc1,benzoic anhydride,"2d, benzoic anhydride","Banjare et al. - 2025 - Radical C─H‐Aroylation of Allenes via Cooperative Photoredox and N ‐Heterocyclic Carbene Cata, NHC_and_visible_light-mediated_photoredox_co-catalyzed_1,4-sulfonylacylation_of_1,3-enynes_for_tetrasubstituted_allenyl_",9.4e-05
FQSYJWUQNJEONN-UHFFFAOYSA-N,CC(C)(C)c1cc(C(C)(C)C)nc(-c2cc(C(C)(C)C)cc(C(C)(C)C)n2)c1.Fc1cc(F)c(F)c(F)c1-c1nc(C(C)(C)C)cc(C(C)(C)C)c1[Ir](c2cc(F)cc(F)c2)(n3c(C(C)(C)C)cc(C(C)(C)C)c3).F[P-](F)(F)(F)(F)F,C63H83F12IrN4P-,PC2,Enantioselective_catalytic_-amination_through_proton-coupled_electron_transfer_followed_by_stereocontrolled_radicalradic,9.4e-05
OADSZWXMXIWZSQ-UHFFFAOYSA-N,CC(C)(Br)[N+](=O)[O-],C3H6BrNO2,8b,Synthesis_and_applications_of_highly_functionalized_1-halo-3-substituted_bicyclo1.1.1pentanes,9.4e-05
Ir(Cyclometalated)2(bpy)PF6,Ir(Cyclometalated)2(bpy)PF6,[Ir(dFCF3ppy)2(bpy)]PF6,[Ir(dFCF3ppy)2(bpy)]PF6,ja4c02474,9.4e-05
LZAYXSHJALPMJB-UHFFFAOYSA-N,Clc1ccccc1OCC=Cc1ccccc1,C15H13ClO,2c,Aryl_radical-mediated_N-heterocyclic_carbene_catalysis,9.4e-05
AGHOMQQMSQSXJY-UHFFFAOYSA-N,C1=CSC2=C1C(C)C(CCCCC)N2,C12H19NS,N1,Aryl_radical-mediated_N-heterocyclic_carbene_catalysis,9.3e-05
SECXISVLQFMRJM-UHFFFAOYSA-N,CN1CCCC1=O,N-Methyl-2-pyrrolidone (NMP),"N-Methyl-2-pyrrolidone (NMP), NMP","Bárbara et al. - 2025 - Protecting group-free photocatalyzed O-arylation of quinic acid, Electrochemical_selective_hydrocarboxylation_of_acrylamides_with_carbon_dioxide_for_precise_control_of_-_and_-carboxylat, Nickel-catalyzed_allylic_defluorinative_alkylation_of_trifluoromethyl_alkenes_with_reductive_decarboxylation_of_redox-ac, au4c00902, catalysts-13-01007-v2, fchem-10-1087834",9.3e-05
NAMED__dmsodioxane11vv,,DMSO/dioxane (1:1 v/v),DMSO/dioxane (1:1 v/v),jo3c00895,9.3e-05
GNBHRKFJIUUOQI-UHFFFAOYSA-N,C1=CC=C2C(=C1)C(=O)OC23C4=C(C=C(C=C4)O)OC5=C3C=CC(=C5)O,Fluorescein,Fluorescein,"Dual_goldphotoredox-catalyzed_CspH_arylation_of_terminal_alkynes_with_diazonium_salts, fchem-10-1087834",9.3e-05
FBUPTLDMYMEYOV-VWLOTQADSA-N,Cc1ccc([C@](C)(CS(=O)(=O)c2ccc3c(c2)CCO3)C(=O)Nc2ccccc2)cc1,C25H25NO4S,4l,Accessing_chiral_sulfones_bearing_quaternary_carbon_stereocenters_via_photoinduced_radical_sulfur_dioxide_insertion_and_,9.3e-05
SVPKNMBRVBMTLB-UHFFFAOYSA-N,O=C1C(Cl)=C(Cl)C(=O)c2ccccc21,C10H4Cl2O2,1b,d1ra07314a,9.2e-05
ALHSOZAEBFNWED-UHFFFAOYSA-N,Cc1cccc(C)c1-c1c2ccccc2[n+](C)c2ccccc12,Acridinium salt,Acridinium salt,Direct_CH_difluoromethylation_of_heterocycles_via_organic_photoredox_catalysis,9.2e-05
WQDUMFSSJAZKTM-UHFFFAOYSA-N,C[O-].[Na+],NaOMe,NaOMe,shi-et-al-2020-photoinduced-transition-metal-free-alkynylation-of-alkyl-pinacol-boronates,9.2e-05
QKBBSRAPFIBCLW-UHFFFAOYSA-N,C1=CC=C(C=C1)CC2=C(C(=C(C(=C2N3C4=CC=CC=C4C5=CC=CC=C53)C#N)N6C7=CC=CC=C7C8=CC=CC=C86)N9C1=CC=CC=C1C1=CC=CC=C19)N1C2=CC=CC=C2C2=CC=CC=C21,C62H39N5,12,jo2c02952,9.2e-05
KZGWPHUWNWRTEP-UHFFFAOYSA-N,C#C[Si](C(C)C)(C(C)C)C(C)C,TIPS-alkyne,TIPS-alkyne,Copper-catalysed_photoinduced_decarboxylative_alkynylation_a_combined_experimental_and_computational_study,9.1e-05
MJFCDPLEATUOPF-UHFFFAOYSA-L,[Ni+2].[Cl-].[Cl-].P(c1ccccc1)(c1ccccc1)c1ccccc1,NiCl2(PPh3)2,NiCl2(PPh3)2,Nickel-catalyzed_allylic_defluorinative_alkylation_of_trifluoromethyl_alkenes_with_reductive_decarboxylation_of_redox-ac,9.1e-05
VASMYZBMPCWVBE-UHFFFAOYSA-N,Fc1c(F)c(F)c(c(F)c1F)[n+]2cn3CCCC3=N2,NHC-3,NHC-3,Banjare et al. - 2025 - Radical C─H‐Aroylation of Allenes via Cooperative Photoredox and N ‐Heterocyclic Carbene Cata,9.1e-05
XDXMXXITYYNWDM-UHFFFAOYSA-N,Cc1ccc(C(C)(CS(=O)(=O)c2ccc3c(C)cc(=O)oc3c2)C(=O)Nc2ccccc2)cc1,C27H25NO5S,4m,Accessing_chiral_sulfones_bearing_quaternary_carbon_stereocenters_via_photoinduced_radical_sulfur_dioxide_insertion_and_,9.1e-05
PBHVPGFXDJQNMN-UHFFFAOYSA-L,C1=CC=C[CH-]1.O1CCCC1.[Cl-].[Cl-].[Cr+3],C9H13Cl2CrO,13,ChromiumCatalyzed_PinacolType_CrossCoupling_Studies_on_Stereoselectivity,9e-05
DVAUTWOAUKDUKC-UHFFFAOYSA-M,CC1=CC(C)=CC(C)=C1C2=[N+](C3=CC=CC=C3C4=CC=CC=C24)C.O=Cl(=O)(=O)[O-],C23H22ClNO4,PC-5,"NHC_and_visible_light-mediated_photoredox_co-catalyzed_1,4-sulfonylacylation_of_1,3-enynes_for_tetrasubstituted_allenyl_",9e-05
UACYWOJLWBDSHG-NSHDSACASA-N,CC1(N[C@H](C(N1C)=O)CC1=CC=CC=C1)C,C13H18N2O,6,Lead-Halide_Perovskites_for_Photocatalytic_-Alkylation_of_Aldehydes,9e-05
NAMED__dichloroeta51ethylenediphenylphosphanecyclopentadienylchromiumtoluene,,dichloro-(eta5-1-(ethylenediphenylp…,dichloro-(eta5-1-(ethylenediphenylphosphane)cyclopentadienyl)chromium · toluene,ChromiumCatalyzed_PinacolType_CrossCoupling_Studies_on_Stereoselectivity,9e-05
DDKFXVGJWDWBJU-UHFFFAOYSA-N,FC1=C(C2=NC=CC=C2)C=C(F)C=C1.FC1=C(C2=NC=CC=C2)C=C(F)C=C1.FC(F)(F)C1=CC=NC(C2=NC=CC(C(F)(F)F)=C2)=C1.F[P-](F)(F)(F)(F)F.[Ir+],C34H20F16IrN4P,3a,ja4c02474,8.9e-05
YGDVQHDWWYEMAO-UHFFFAOYSA-M,C1=CC=C2C(=C1)C=CN2C3=C(C=CC=C3)N4C=CN(C5=CC=CC6=CC=CC=C65)C4.[Cl-],C27H21ClN3-,12,Nickel-catalyzed_transamidation_of_aliphatic_amide_derivatives,8.9e-05
UGOMMVLRQDMAQQ-UHFFFAOYSA-N,CC(C)c1cc(C(C)C)c(-c2ccccc2P(C2CCCCC2)C2CCCCC2)c(C(C)C)c1,X-Phos,"L9, X-Phos","Angew Chem Int Ed - 2019 - Meng - Controllable Isomerization of Alkenes by Dual Visible‐Light‐Cobalt Catalysis, Selective_single_CF_bond_arylation_of_trifluoromethylalkene_derivatives",8.9e-05
HZNVUJQVZSTENZ-UHFFFAOYSA-N,C(#N)C1=C(C(=O)C(=C(C1=O)Cl)Cl)C#N,DDQ,DDQ,Catalytic_N-radical_cascade_reaction_of_hydrazones_by_oxidative_deprotonation_electron_transfer_and_TEMPO_mediation,8.9e-05
NAMED__mesco2h,,MesCO 2 H,"MesCO2H, MesCO 2 H",iOrthoi_CH_arylation_of_arenes_at_room_temperature_using_visible_light_ruthenium_CH_activation,8.9e-05
AXBVSRMHOPMXBA-UHFFFAOYSA-N,C1=CC(=CC=C1[N+](=O)[O-])S,4-NO2-PhSH,4-NO2-PhSH,Combining_photoredox_catalysis_and_hydrogen_atom_transfer_for_dearomative_functionalization_of_electron_rich_heteroarene,8.9e-05
AMXOYNBUYSYVKV-UHFFFAOYSA-M,[Li+].[Br-],LiBr,LiBr,NiPhotoredox-Catalyzed_Csp_sup3sup_Csp_sup3sup__Coupling_between_Aziridines_and_Acetals_as_Alcohol-Derived_Alkyl_Radical,8.8e-05
NAMED__mecnh2o41,,MeCN/H 2 O (4:1),MeCN/H 2 O (4:1),Bhaskar Pal et al. - 2023 - Stereospecific Photoredox‐Catalyzed Vinylations to Functionalized Alkenes and C ‐Glycosides,8.8e-05
AYHIIZSBWKSPJI-UHFFFAOYSA-N,CCOC(=O)Cc1ccc(N(C)C)cc1,C12H17NO2,5a,Visible_light-mediated_oxidative_decarboxylation_of_arylacetic_acids_into_benzyl_radicals_addition_to_electron-deficient,8.7e-05
GDFSONYPTVVILQ-UHFFFAOYSA-N,C1(=CC=CC=C1)P(N1C2=CC=CC=C2C=2C=CC=CC12)C1=CC=CC=C1,PdCl2,"PdCl2, L2",Palladium-catalyzed_thiocarbonylation_of_alkenes_toward_branched_thioesters_using_COsub2sub,8.7e-05
BrC1=CC(Br)=C2C=CC=[N]3C2=C1[O][Pt]3(S(=O)(C)C)[Cl],BrC1=CC(Br)=C2C=CC=[N]3C2=C1[O][Pt]3(S(=O)(C)C)[Cl],C11H11Br2ClNO2PtS,1f,Ptscpiiscp_coordination_complexes_as_visible_light_photocatalysts_for_the_oxidation_of_sulfides_using_batch_and_flow_pro,8.7e-05
AUTMONWMNMVWKS-UHFFFAOYSA-N,CC(C)(C)c1cc(cc(n1)-c2cc(cc(n2)C(C)(C)C)C(C)(C)C)C(C)(C)C.[Ir+3].c1ccc(cc1)-c2ccccn2.c1ccc(cc1)-c2ccccn2,[Ir(ppy)2(dtbbpy)]+,[Ir(ppy)2(dtbbpy)]+,Arai et al. - 2016 - Oxydifluoromethylation of Alkenes by Photoredox Catalysis Simple Synthesis of CF2 H‐Cont,8.7e-05
NSABRUJKERBGOU-UHFFFAOYSA-N,C1=CC=C([C-]=C1)C2=CC=CC=N2.C1=CC=C([C-]=C1)C2=CC=CC=N2.C1=CC=C([C-]=C1)C2=CC=CC=N2.[Ir+3],Ir(ppy)3,Ir(ppy)3,"Banerjee et al. - 2022 - Excited‐State Copper Catalysis for the Synthesis of Heterocycles, ol4c02700",8.6e-05
VYXSBFYARXAAKO-UHFFFAOYSA-N,CCNC1=CC2=C(C=C1C)C(=C3C=C(C(=[NH+]CC)C=C3O2)C)C4=CC=CC=C4C(=O)OCC.[Cl-],Rhodamine 6G,Rhodamine 6G,fchem-10-1087834,8.6e-05
RYXZOQOZERSHHQ-UHFFFAOYSA-N,c1ccc(cc1)P(c2ccccc2)c3ccccc3Oc4ccccc4P(c5ccccc5)c6ccccc6,C36H28OP2,L8,Angew Chem Int Ed - 2019 - Meng - Controllable Isomerization of Alkenes by Dual Visible‐Light‐Cobalt Catalysis,8.6e-05
YFWWYHZRARZTFY-UHFFFAOYSA-N,C1(=CC=CC=2C3=CC=CC=C3NC12)C1=C(C=C(C(=C1)C#N)C#N)C1=CC=CC=2C3=CC=CC=C3NC12,2CzPN,2CzPN,d2ra07064b,8.6e-05
MREATSZIGJDNKB-HLIPFELVSA-N,C1=CC=C(C=C1)[C@@H]2[C@H]([C@@]2(C(=O)NO)F)C3=CC=C(C=C3)C4=NC=C(C=N4)F,[Rh(cod) 2 ](OTf),[Rh(cod) 2 ](OTf),Catalytic_direct_hydrocarboxylation_of_styrenes_with_CO2_and_H2,8.6e-05
ANIWJSXZSLGVIG-UHFFFAOYSA-M,ClC1=CC(I)=C(O)C=C1[Pt](Cl)(S(=O)(C)C)N2C=CC=C2,C12H14Cl2INO2PtS,1e,Ptscpiiscp_coordination_complexes_as_visible_light_photocatalysts_for_the_oxidation_of_sulfides_using_batch_and_flow_pro,8.6e-05
JUFFJWLXBCELAL-UHFFFAOYSA-M,CC(C)c1cc(C(C)C)cc(C(C)C)c1-n1cc[n+](c1)C1C2CC3CC(C2)CC1C3.[Cl-],NHC = D,NHC = D,Carbene_and_photocatalyst-catalyzed_decarboxylative_radical_coupling_of_carboxylic_acids_and_acyl_imidazoles_to_form_ket,8.5e-05
NAMED__nicod2,,Ni(COD) 2,"Ni(cod)2, Ni(COD) 2","CH_functionalization_of_amines_with_aryl_halides_by_nickel-photoredox_catalysis, Nickel-catalyzed_cyclization_of_alkyne-nitriles_with_organoboronic_acids_involving_anti-carbometalation_of_alkynes",8.5e-05
BFFOXHLMSQDMHO-UHFFFAOYSA-N,C1=COC(=C1)C2=NC(=C(N=C2C3=CC=CO3)C#N)C#N,DMF,"F, DMF",Zhao et al. - 2014 - Dicyanopyrazine-derived push–pull chromophores for highly efficient photoredox catalysis,8.5e-05
KUSMTNSIMOXCEC-UHFFFAOYSA-N,C1=CC=C(C(=C1)C2=CC=CC=N2)[Ir](C3=CC=CC=N3)(C4=CC=CC=N4)C5=CC=CC=C5.C6=CC=CC=C6.C7=CC=CC=C7,Ir(ppy)3,Ir(ppy)3,"Ptscpiiscp_coordination_complexes_as_visible_light_photocatalysts_for_the_oxidation_of_sulfides_using_batch_and_flow_pro, Transition_metal-free_visible_light_photoredox-catalyzed_remote_Csp3H_borylation_enabled_by_1,5-hydrogen_atom_transfer, ol3c01795",8.4e-05
PYWVYCXTNDRMGF-UHFFFAOYSA-N,CCN(CC)C1=CC2=C(C=C1)C(=C3C=CC(=[N+](CC)CC)C=C3O2)C4=CC=CC=C4C(=O)O.[Cl-],Rhodamine B,Rhodamine B,fchem-10-1087834,8.4e-05
BBEAQIROQSPTKN-UHFFFAOYSA-N,C1=CC2=C3C(=C1)C=CC4=CC=CC(=C43)C=C2,pyrene,pyrene,d3sc04645a,8.4e-05
NAMED__h2o,,H 2 O,H 2 O,"Caffeine_as_a_naturally_green_and_biodegradable_catalyst_promoted_convenient_and_expedient_synthetic_route_for_the_synth, Dutta et al. - 2021 - Visible light-promoted synthesis of pyrrolidinone derivatives via Rose Bengal as a photoredox, d2ra07064b, fchem-10-1087834",8.4e-05
KOWXKIHEBFTVRU-UHFFFAOYSA-N,CC.CC,hydrocinnamaldehyde (10),"radical precursor 1, hydrocinnamaldehyde (10)",Boselli et al. - 2023 - Enantioselective Catalytic Addition of N‐Acyl Radicals In Batch and In Flow Organophotoredox α‐Amin,8.4e-05
JQZIKLPHXXBMCA-UHFFFAOYSA-N,C1=CC=C(C=C1)C(C2=CC=CC=C2)(C3=CC=CC=C3)S,triphenylmethanethiol,triphenylmethanethiol,jo3c00895,8.4e-05
DGRYGXHOVIKWSZ-UHFFFAOYSA-N,F[B-](F)(F)F.C1(=C(C(=CC(=C1)C)C)[N+]1=C2C=C(C=C(C2=CC2=C(C=C(C=C12)C1=CC=CC=C1)C1=CC=CC=C1)C1=CC=CC=C1)C1=CC=CC=C1)C,Mes-Acr2,Mes-Acr2,Combining_photoredox_catalysis_and_hydrogen_atom_transfer_for_dearomative_functionalization_of_electron_rich_heteroarene,8.4e-05
ZISUALSZTAEPJH-UHFFFAOYSA-N,C[SiH](C)C1=CC=CC=C1,PhMe2SiH (dimethylphenylsilane),PhMe2SiH (dimethylphenylsilane),Arylcarboxylation_of_unactivated_alkenes_with_CO2_via_visible-light_photoredox_catalysis,8.4e-05
WZWZBQOUCCEUOT-UHFFFAOYSA-N,[Cl-].C1(=C(C(=CC(=C1)C)C)C1N2C(N=[NH+]1)=CCC2)C,NHC-5 (instead of NHC-1),NHC-5 (instead of NHC-1),Banjare et al. - 2025 - Radical C─H‐Aroylation of Allenes via Cooperative Photoredox and N ‐Heterocyclic Carbene Cata,8.4e-05
NAMED__3,,3,3,"Green_synthesis_of_3,4-disubstituted_isoxazol-54H-one_using_Gluconic_acid_aqueous_solution_as_an_efficient_recyclable_me, ol3c02389",8.4e-05
JEFCRSJVMHGBFF-UHFFFAOYSA-N,Ic1ccccc1OCC=Cc1ccccc1,C15H13IO,2a,Aryl_radical-mediated_N-heterocyclic_carbene_catalysis,8.4e-05
PIAYLQZCQAUHFN-UHFFFAOYSA-N,Brc1ccccc1OCC=Cc1ccccc1,C15H13BrO,2b,Aryl_radical-mediated_N-heterocyclic_carbene_catalysis,8.4e-05
<mismatch>,<mismatch>,Photocatalyst PC1 (as listed in sch…,"Ir-2 (Ir(ppy)2(dtbbpy)PF6), PC1, Photocatalyst PC1 (as listed in scheme), Ir-I (alternate Ir photocatalyst), Ir-II (alternate Ir photocatalyst)","Arylcarboxylation_of_unactivated_alkenes_with_CO2_via_visible-light_photoredox_catalysis, Suzuki-type_cross-coupling_of_alkyl_trifluoroborates_with_acid_fluoride_enabled_by_NHCphotoredox_dual_catalysis, gg3c00053",8.3e-05
YDGSSOWNWNPOKN-UHFFFAOYSA-N,O=c1c2ccccc2n2c3ccccc3c(=O)c3cccc1c32,DiKTa,DiKTa,Chemistry A European J - 2022 - Prentice - Multi‐Resonant Thermally Activated Delayed Fluorescent  MR‐TADF  Compounds as,8.3e-05
NAMED__cuccph,,Cu-C≡C-Ph,Cu-C≡C-Ph,Copper-catalysed_photoinduced_decarboxylative_alkynylation_a_combined_experimental_and_computational_study,8.3e-05
NAMED__pclc6h4co,,p -ClC 6 H 4 CO,p -ClC 6 H 4 CO,Catalytic_intramolecular_aminoarylation_of_unactivated_alkenes_with_aryl_sulfonamides,8.3e-05
WYZDXGZBSGPGLY-UHFFFAOYSA-N,c1c(C#N)cc(N(C)C)c(N(C)C)c1C#N,Carbazole,Carbazole,d2ra07064b,8.3e-05
LSXWFXONGKSEMY-UHFFFAOYSA-N,CC(C)(C)OOC(C)(C)C,DTBP,DTBP,ol3c04246,8.3e-05
KZPYGQFFRCFCPP-UHFFFAOYSA-N,[CH-]1C=CC(=C1)P(C2=CC=CC=C2)C3=CC=CC=C3.[CH-]1C=CC(=C1)P(C2=CC=CC=C2)C3=CC=CC=C3.[Fe+2],DPPF,DPPF,Banerjee et al. - 2022 - Excited‐State Copper Catalysis for the Synthesis of Heterocycles,8.2e-05
NAMED__cuiidapcl2,,[Cu II (dap)Cl2],[Cu II (dap)Cl2],cs2c04736,8.2e-05
NAMED__rubpy3cl2,,Ru(bpy) 3 Cl 2,Ru(bpy) 3 Cl 2,"Baussière and Haugland - 2023 - Radical Group Transfer of Vinyl and Alkynyl Silanes Driven by Photoredox Catalysis, Photocatalytic_metalorganic_frameworks_for_the_aerobic_oxidation_of_arylboronic_acids, iOrthoi_CH_arylation_of_arenes_at_room_temperature_using_visible_light_ruthenium_CH_activation, ol5c01129",8.2e-05
GOTVFBRVXFIYGL-UHFFFAOYSA-N,CC(C)(C)c1cc(C(C)(C)C)ccc1OP(Oc1ccc(C(C)(C)C)cc1C(C)(C)C)Oc1ccc(C(C)(C)C)cc1C(C)(C)C.[Au+].C(F)(F)(F)S(=O)(=O)[N-]S(=O)(=O)C(F)(F)F,(ArO)3PAuNTf2,(ArO)3PAuNTf2,Atom-economic_generation_of_gold_carbenes_gold-catalyzed_formal_32_cycloaddition_between_ynamides_and_isoxazoles,8.1e-05
NJGSJBWAKHDAEA-UHFFFAOYSA-N,Cl[Au]P(c1ccccc1)(c2ccccc2)c3ccccc3,XPhosAuCl,"Ph3PAuCl, XPhosAuCl",Dual_goldphotoredox-catalyzed_CspH_arylation_of_terminal_alkynes_with_diazonium_salts,8.1e-05
OOCRGMWNIPPKPO-UHFFFAOYSA-N,Cc1cc(C)[n+](Cc2ccccc2)c(C)c1.F[B-](F)(F)F,C15H18BF4N,1c,Visible-Light-Mediated_Deaminative_Three-Component_Dicarbofunctionalization_of_Styrenes_with_Benzylic_Radicals,8.1e-05
Cc1cccc(C)n1.[O=S(=O)(O)C(F)(F)F],Cc1cccc(C)n1.[O=S(=O)(O)C(F)(F)F],"[2,6-lutidine][TfOH]","[2,6-lutidine][TfOH]",Boselli et al. - 2023 - Enantioselective Catalytic Addition of N‐Acyl Radicals In Batch and In Flow Organophotoredox α‐Amin,8.1e-05
XZTSAFAASBHLDS-UHFFFAOYSA-O,C1CCC(CC1)P(C2CCCCC2)(C3=CC=CC=C3C4=CC=CC=C4)[Au].C(F)(F)(F)S(=O)(=O)[N-]S(=O)(=O)C(F)(F)F,Cy-JohnPhosAuNTf2,Cy-JohnPhosAuNTf2,Atom-economic_generation_of_gold_carbenes_gold-catalyzed_formal_32_cycloaddition_between_ynamides_and_isoxazoles,8.1e-05
JUJWROOIHBZHMG-UHFFFAOYSA-N,C1=CC=NC=C1,pyridine (2.2 eq.),pyridine (2.2 eq.),d1ra07314a,8.1e-05
YOQDYZUWIQVZSF-UHFFFAOYSA-N,[BH4-].[Na+],NaBH4 (workup reductant),NaBH4 (workup reductant),Boselli et al. - 2023 - Enantioselective Catalytic Addition of N‐Acyl Radicals In Batch and In Flow Organophotoredox α‐Amin,8.1e-05
NZVOZEFGFJPKRP-UHFFFAOYSA-N,C(C)(C)C1=C(C(=CC=C1)C(C)C)N1NN(C([C]1)C(=O)OC)C1=C(C=CC=C1C(C)C)C(C)C,B (protonated NHC),B (protonated NHC),Switching_mesoionic_carbene-organocatalysis_from_radical_to_ionic_pathway_through_base-controlled_formation_of_Breslow_i,8.1e-05
GNSKLFRGEWLPPA-UHFFFAOYSA-M,OP(=O)(O)[O-].[K+],KH2PO4 (potassium dihydrogen phosph…,KH2PO4 (potassium dihydrogen phosphate),"Rutheniumscpiiscp-catalyzed_chemoselective_deacylative_annulation_of_1,3-diones_with_sulfoxonium_ylides_iviai_CC_bond_ac",8e-05
CFMZSMGAMPBRBE-UHFFFAOYSA-N,C1=CC=C2C(=C1)C(=O)N(C2=O)O,NHPI (N-hydroxyphthalimide),"NHPI, NHPI (N-hydroxyphthalimide)",jo3c00895,8e-05
JGFXUYLYPITYGR-UHFFFAOYSA-N,CN(C)C1=CC=CC=C1C2=CC=CC=C2P(C3=CC=CC=C3)C4=CC=CC=C4,PhDavePhos,PhDavePhos,Catalytic_direct_hydrocarboxylation_of_styrenes_with_CO2_and_H2,8e-05
BHOKYHFWPVVZNR-UHFFFAOYSA-N,FC1=CC=NC=C1C2=CC(F)=CC(F)=C2[In](C3=CC=NC=C3C4=CC(F)=CC(F)=C4)(C5=CC=NC=C5C6=CC(F)=CC(F)=C6),C33H17F7InN3,Ir-1,Catalytic_intramolecular_aminoarylation_of_unactivated_alkenes_with_aryl_sulfonamides,8e-05
NAMED__uio67rubpy301,,UiO-67-[Ru(bpy) 3 ] 0.1,UiO-67-[Ru(bpy) 3 ] 0.1,Photocatalytic_metalorganic_frameworks_for_the_aerobic_oxidation_of_arylboronic_acids,8e-05
RFDMLTBFXDEWRD-UHFFFAOYSA-L,CC1=C(C2=CC3=NC(=CC4=C(C(=C([N-]4)C=C5C(=C(C(=N5)C=C1[N-]2)C)C)C)C(=O)O)C(=C3C)C(=O)O)C.[Fe+2],HE6 (Hantzsch ester),HE6 (Hantzsch ester),Photocatalytic_reverse_polarity_Povarov_reaction,8e-05
HSWZLYXRAOXOLL-UHFFFAOYSA-N,C1=CC=C(C=C1)P(C2=CC=CC=C2)C3=CC=CC4=C3OC5=C(N4)C=CC=C5P(C6=CC=CC=C6)C7=CC=CC=C7,C36H27NOP2,L4,Palladium-catalyzed_thiocarbonylation_of_alkenes_toward_branched_thioesters_using_COsub2sub,8e-05
KGBXLFKZBHKPEV-UHFFFAOYSA-N,B(O)(O)O,H3BO3,B(OH)3,"Borate_esters_as_convenient_reagents_for_direct_amidation_of_carboxylic_acids_and_transamidation_of_primary_amides, Palladium-catalyzed_thiocarbonylation_of_alkenes_toward_branched_thioesters_using_COsub2sub",8e-05
YRQNSTAWTLXCEZ-UHFFFAOYSA-N,O=S(=O)(c1ccccn1)C(F)F,CF2H reagent 1c,CF2H reagent 1c,Arai et al. - 2016 - Oxydifluoromethylation of Alkenes by Photoredox Catalysis Simple Synthesis of CF2 H‐Cont,8e-05
NAMED__dmc,,DMC,DMC,"fchem-10-1087834, ol3c02389, sc5c11241",8e-05
WRECIMRULFAWHA-UHFFFAOYSA-N,B(OC)(OC)OC,18 equiv B(OMe)3,18 equiv B(OMe)3,Borate_esters_as_convenient_reagents_for_direct_amidation_of_carboxylic_acids_and_transamidation_of_primary_amides,8e-05
CSHWQDPOILHKBI-UHFFFAOYSA-N,C1=CC2=C3C(=C1)C4=CC=CC5=C4C(=CC=C5)C3=CC=C2,perylene,perylene,Baussière and Haugland - 2023 - Radical Group Transfer of Vinyl and Alkynyl Silanes Driven by Photoredox Catalysis,7.9e-05
CS(=O)(C)[Pt]1(Cl)Oc2cccc3cccnc231,CS(=O)(C)[Pt]1(Cl)Oc2cccc3cccnc231,C11H13ClNO2PtS,1a,Ptscpiiscp_coordination_complexes_as_visible_light_photocatalysts_for_the_oxidation_of_sulfides_using_batch_and_flow_pro,7.9e-05
FAPWRFPIFSIZLT-UHFFFAOYSA-M,[Na+].[Cl-],sodium chloride,"NaCl, sodium chloride","Photoredox-catalyzed_dicarbofunctionalization_of_styrenes_with_amines_and_COsub2sub_a_convenient_access_to_-amino_acids, Visible-Light-Mediated_Deaminative_Three-Component_Dicarbofunctionalization_of_Styrenes_with_Benzylic_Radicals",7.9e-05
NAMED__etohh2o,,EtOH:H 2 O,EtOH:H 2 O,Ptscpiiscp_coordination_complexes_as_visible_light_photocatalysts_for_the_oxidation_of_sulfides_using_batch_and_flow_pro,7.9e-05
NFRYVRNCDXULEX-UHFFFAOYSA-N,c1ccc(cc1)P(c2ccccc2)c3ccccc3P(c4ccccc4)c5ccccc5,DPPBZ,"L6, DPPBZ","Angew Chem Int Ed - 2019 - Meng - Controllable Isomerization of Alkenes by Dual Visible‐Light‐Cobalt Catalysis, Copper-catalyzed_regio-_and_stereo-selective_hydrosilylation_of_terminal_allenes_to_access_E-allylsilanes",7.9e-05
GOANEQIZDYDFCO-UHFFFAOYSA-N,[Og],Og,1a,Catalytic_direct_hydrocarboxylation_of_styrenes_with_CO2_and_H2,7.9e-05
GUVRBAGPIYLISA-UHFFFAOYSA-N,[Ta],Ta,2a,Catalytic_direct_hydrocarboxylation_of_styrenes_with_CO2_and_H2,7.9e-05
VUMGFDOJOXNAHX-LMJRQTCTSA-N,CC(C=C)(C(/C=C/C(=C/Cl)/C=O)Cl)Cl,C10H11Cl3O,PC-5,Carbene_and_photocatalyst-catalyzed_decarboxylative_radical_coupling_of_carboxylic_acids_and_acyl_imidazoles_to_form_ket,7.9e-05
WVHMPQKZPHOCRD-UHFFFAOYSA-N,C(#N)C1=C(C(=C(C(=C1F)F)F)C#N)F,Tetra  uoroisophthalonitrile,Tetra  uoroisophthalonitrile,d2ra07064b,7.9e-05
HMIUZZKHAFVXCB-UHFFFAOYSA-N,Cl[Au]P(C1CCCCC1)(C2CCCCC2)C3CCCCC3,Cy3PAuCl,Cy3PAuCl,Dual_goldphotoredox-catalyzed_CspH_arylation_of_terminal_alkynes_with_diazonium_salts,7.9e-05
SFLVZUJLUPAJNE-UHFFFAOYSA-N,[C-]#CC1=CC=CC=C1.[Cu+],C8H5Cu,Cu-Ph,Copper-catalysed_photoinduced_decarboxylative_alkynylation_a_combined_experimental_and_computational_study,7.9e-05
JCYWCSGERIELPG-UHFFFAOYSA-N,CC1=CC(=C(C(=C1)C)N2C=C[N+](=[C-]2)C3=C(C=C(C=C3C)C)C)C,C (protonated NHC),"C (protonated NHC), Imes·CuBr","Switching_mesoionic_carbene-organocatalysis_from_radical_to_ionic_pathway_through_base-controlled_formation_of_Breslow_i, catalysts-13-01126",7.8e-05
MAUZXJAHIVAEBF-UHFFFAOYSA-N,CC1=C(C#N)CC(C#N)=C(C)N1,C9H9N3,HE A,Photoactive_electron_donoracceptor_complex_platform_for_Ni-mediated_Cspsup3supCspsup2sup_bond_formation,7.7e-05
HFOIHSRFNBDNMR-UHFFFAOYSA-N,C1N(C(=O)O)C(OC1)C2=CC=CC=C2,C10H11NO3,L5,"Asymmetric_1,4-functionalization_of_1,3-enynes_via_dual_photoredox_and_chromium_catalysis",7.7e-05
PHOHTLIBOLTFJB-UHFFFAOYSA-N,C1N(CC(C)O)C(=O)C1,C6H11NO2,L2,"Asymmetric_1,4-functionalization_of_1,3-enynes_via_dual_photoredox_and_chromium_catalysis",7.7e-05
CMLWFCUAXGSMBB-UHFFFAOYSA-N,COC1=C(C(=CC=C1)OC)P(C2=C(C=CC=C2OC)OC)C3=C(C=CC=C3OC)OC,C24H27O6P,L3,Palladium-catalyzed_thiocarbonylation_of_alkenes_toward_branched_thioesters_using_COsub2sub,7.7e-05
YLQWCDOCJODRMT-UHFFFAOYSA-N,C1=CC=C2C(=C1)C3=CC=CC=C3C2=O,9-Fluorenone,9-Fluorenone,catalysts-13-01007-v2,7.7e-05
LRHDNAVPELLXDL-UHFFFAOYSA-N,C1=CC=C(C=C1)S(=O)(=O)C(F)F,CF2H reagent 1b,CF2H reagent 1b,Arai et al. - 2016 - Oxydifluoromethylation of Alkenes by Photoredox Catalysis Simple Synthesis of CF2 H‐Cont,7.7e-05
JEGIFBGJZPYMJS-UHFFFAOYSA-N,O=C(c1ccccc1)n1ccnc1,C10H8N2O,2e,Banjare et al. - 2025 - Radical C─H‐Aroylation of Allenes via Cooperative Photoredox and N ‐Heterocyclic Carbene Cata,7.7e-05
MEOBGRQEWFKZKV-UHFFFAOYSA-N,FC1=CC=C(C=C1)C=1N=C(C(=NC1C1=CC=C(C=C1)F)C#N)C#N,C18H8F2N4,D,Zhao et al. - 2014 - Dicyanopyrazine-derived push–pull chromophores for highly efficient photoredox catalysis,7.7e-05
JAEMQJFAYFRKST-UHFFFAOYSA-N,CC1=C(C)C=C(C)C=C1N1C=[N+]2C(=N1)COCC2C(C)C,NHC-5,NHC-5,"Visible_light-mediated_organocatalyzed_1,3-aminoacylation_of_cyclopropane_employing_N-benzoyl_saccharin_as_bifunctional_",7.7e-05
FFYPMLJYZAEMQB-UHFFFAOYSA-N,CCOC(=O)OC(=O)OCC,NHC-5,NHC-5,Cooperative_photoredox_and_N-heterocyclic_carbene-catalyzed_formal_CH_acylation_of_cyclopropanes_iviai_a_deconstructionr,7.7e-05
NBNQTVMMQUKXGB-UHFFFAOYSA-M,CS(=O)(C)N1C=CC=NC1[Pt](Cl)(C2=CC=CC=N2),C11H15ClN3OPtS,1b,Ptscpiiscp_coordination_complexes_as_visible_light_photocatalysts_for_the_oxidation_of_sulfides_using_batch_and_flow_pro,7.7e-05
IOFXPWHYYTZRAK-UHFFFAOYSA-M,CCCC[N+](CCCC)(CCCC)CCCC.CCCCOP(=O)([O-])OCCCC,C24H54NO4P,B3,Enantioselective_catalytic_-amination_through_proton-coupled_electron_transfer_followed_by_stereocontrolled_radicalradic,7.7e-05
[Au]Cl.[Ag].SbF6,[Au]Cl.[Ag].SbF6,PPh3AuCl/AgSbF6,PPh3AuCl/AgSbF6,Silverchiral_pyrrolidinopyridine_relay_catalytic_cycloisomerization2  3_cycloadditions_of_enynamides_to_asymmetrically_s,7.6e-05
OVASKWMKQKFYIJ-UHFFFAOYSA-N,Fc1c(F)c(F)c(n2cnc3c4ccccc4CCO[n+]23)c(F)c1F.F[B-](F)(F)F,NHC-2 (Ar = C6F5),NHC-2 (Ar = C6F5),"Visible_light-mediated_organocatalyzed_1,3-aminoacylation_of_cyclopropane_employing_N-benzoyl_saccharin_as_bifunctional_",7.6e-05
UYUUAUOYLFIRJG-UHFFFAOYSA-N,P(c1ccc(OC)cc1)(c2ccc(OC)cc2)(c3ccc(OC)cc3),P(4-MeOC6H4)3,P(4-MeOC6H4)3,PhosphinePhotoredox_Catalyzed_Anti-Markovnikov_Hydroamination_of_Olefins_with_Primary_Sulfonamides_via_-Scission_from_Ph,7.6e-05
QJMIKDAPJKCCHL-UHFFFAOYSA-N,Brc1ccc(cc1)S(=O)c2ccc(Br)cc2,(4-BrPh)2SO,(4-BrPh)2SO,Yin et al. - 2020 - Photoredox Catalytic Trifluoromethylation and Perfluoroalkylation of Arenes Using Trifluoroacetic an,7.6e-05
QMMFVYPAHWMCMS-UHFFFAOYSA-N,CSC,CuBr·Me2S,CuBr·Me2S,Selective_single_CF_bond_arylation_of_trifluoromethylalkene_derivatives,7.6e-05
CPKHFNMJTBLKLK-UHFFFAOYSA-N,CC(C)[Si](C(C)C)(C(C)C)S,triisopropylsilanethiol,triisopropylsilanethiol,jo3c00895,7.6e-05
NAMED__naclisoleuh2o,,N-Ac- L -isoleu/H 2 O,N-Ac- L -isoleu/H 2 O,iOrthoi_CH_arylation_of_arenes_at_room_temperature_using_visible_light_ruthenium_CH_activation,7.6e-05
FGFCKVYSOPYNQD-UHFFFAOYSA-N,CC(C)(C)C1=CC=NC(=C1)C2=C(C=C(C=N2)C(C)(C)C)[Ir+].FC1=C(C=C(F)C(=C1)C2=NC=CC=C2C(F)(F)F)C3=NC=CC=C3C(F)(F)F.F[P-](F)(F)(F)(F)F,C36H31F14IrN4P,Ir-2,Photoredox-catalyzed_dicarbofunctionalization_of_styrenes_with_amines_and_COsub2sub_a_convenient_access_to_-amino_acids,7.6e-05
CXKWCBBOMKCUKX-UHFFFAOYSA-M,CN(C)C1=CC2=C(C=C1)N=C3C=CC(=[N+](C)C)C=C3S2.[Cl-],C16H18ClN3S,"12, MB","Diastereoselective_and_enantioselective_photoredox_pinacol_coupling_promoted_by_titanium_complexes_with_a_red-absorbing_, Direct_CH_difluoromethylation_of_heterocycles_via_organic_photoredox_catalysis",7.6e-05
JJHHIJFTHRNPIK-UHFFFAOYSA-N,O=S(c1ccccc1)c2ccccc2,Ph2SO,Ph2SO,Yin et al. - 2020 - Photoredox Catalytic Trifluoromethylation and Perfluoroalkylation of Arenes Using Trifluoroacetic an,7.6e-05
SWLVFNYSXGMGBS-UHFFFAOYSA-N,[NH4+].[Br-],NH4Br,NH4Br,NiPhotoredox-Catalyzed_Csp_sup3sup_Csp_sup3sup__Coupling_between_Aziridines_and_Acetals_as_Alcohol-Derived_Alkyl_Radical,7.6e-05
NAMED__20,,20,20,ol3c02389,7.6e-05
XHEOXSQMBWJOKP-UHFFFAOYSA-N,C1=CC=C2C(=C1)C(=O)OI2C(F)(F)F,C8H4F3IO2,B,Access_to_a_new_class_of_synthetic_building_blocks_via_trifluoromethoxylation_of_pyridines_and_pyrimidines,7.6e-05
KHQNNRFYGOENPJ-UHFFFAOYSA-N,C1=CC=C(C=C1)C2=NC(=C(N=C2C3=CC=CC=C3)C#N)C#N,C18H10N4,C,Zhao et al. - 2014 - Dicyanopyrazine-derived push–pull chromophores for highly efficient photoredox catalysis,7.6e-05
CLCKQNKCSBPOEO-UHFFFAOYSA-N,c1ccc([P+]2(c3ccccc3)c3ccc4cccc5c4c3-c3c(ccc4cccc2c34)[P+]5(c2ccccc2)c2ccccc2)cc1,C44H30P2+2,PC-5,Goto and Ohmiya - 2025 - Distal C–H functionalization of alkoxyarenes through organic photoredox-catalyzed radical–radical co,7.5e-05
GNQXUMGHBSAQBV-UHFFFAOYSA-N,CC#N.CC#N.CC#N.CC#N.F[P-](F)(F)(F)(F)F.[Cu+],Cu(MeCN)4PF6,Cu(MeCN)4PF6,Zheng et al. - 2018 - Catalytic C−H Trifluoromethoxylation of Arenes and Heteroarenes,7.5e-05
RNTGUOUHZQBZCF-UHFFFAOYSA-N,F[P-](F)(F)(F)(F)F.FC1=C(C2=NC=C(C(F)(F)F)C=C2)C=C(C(F)(F)F)C=C1.[Ir+].FC1=C(C2=NC=C(C(F)(F)F)C=C2)C=C(C(F)(F)F)C=C1.FC1=CC(F)=C(C2=NC=C(C(F)(F)F)C=C2)C=C1.FC1=CC(F)=C(C2=NC=C(C(F)(F)F)C=C2)C=C1,6 (see structure 6),6 (see structure 6),PhosphinePhotoredox_Catalyzed_Anti-Markovnikov_Hydroamination_of_Olefins_with_Primary_Sulfonamides_via_-Scission_from_Ph,7.5e-05
BWHDROKFUHTORW-UHFFFAOYSA-N,CC(C)(C)P(C(C)(C)C)C(C)(C)C,C12H27P,P(t-Bu)3,PhosphinePhotoredox_Catalyzed_Anti-Markovnikov_Hydroamination_of_Olefins_with_Primary_Sulfonamides_via_-Scission_from_Ph,7.5e-05
WHIRALQRTSITMI-UJURSFKZSA-N,C1CC(=O)[C@@H]2OC[C@H]1O2,Cyrene,Cyrene,Boselli et al. - 2023 - Enantioselective Catalytic Addition of N‐Acyl Radicals In Batch and In Flow Organophotoredox α‐Amin,7.5e-05
IMAOWEWPUQUAFI-TXEPZDRESA-M,Cc1cc(C)cc(C)c1-n1cnc2[C@H](Cc3ccccc3)CC[n+]12.[F-].[B](F)(F)F,NHC-6,NHC-6,"Visible_light-mediated_organocatalyzed_1,3-aminoacylation_of_cyclopropane_employing_N-benzoyl_saccharin_as_bifunctional_",7.5e-05
NAMED__aro3pauntf2d,,( Ar O) 3 PAuNTf 2 d,( Ar O) 3 PAuNTf 2 d,Atom-economic_generation_of_gold_carbenes_gold-catalyzed_formal_32_cycloaddition_between_ynamides_and_isoxazoles,7.5e-05
ROZNMZUVKSVCLC-UHFFFAOYSA-N,c1ccc(cc1)n2c3ccccc3c4c2c5c(c6ccccc6n5c7ccccc7)c8c4c9ccccc9n8c1ccccc1,ITN-3,ITN-3,Tunable_CH_functionalization_and_dearomatization_enabled_by_an_organic_photocatalyst,7.5e-05
VYCIHDBIKGRENI-UHFFFAOYSA-N,C(C)(C)C1=C(C(=CC=C1)C(C)C)N1[C]N(C=C1)C1=C(C=CC=C1C(C)C)C(C)C,IPr,IPr,Nickel-catalyzed_cyclization_of_alkyne-nitriles_with_organoboronic_acids_involving_anti-carbometalation_of_alkynes,7.4e-05
SLRCCWJSBJZJBV-ZQDZILKHSA-N,C1CCN2C[C@@H]3C[C@H]([C@H]2C1)CN4[C@H]3CCCC4,(   )-sparteine,(   )-sparteine,ChromiumCatalyzed_PinacolType_CrossCoupling_Studies_on_Stereoselectivity,7.4e-05
BHXFKXOIODIUJO-UHFFFAOYSA-N,C1=CC(=CC=C1C#N)C#N,"1,4-dicyanobenzene","1,4-dicyanobenzene","Cardinale et al. - 2020 - Photoredox‐Catalyzed Addition of Carbamoyl Radicals to Olefins A 1,4‐Dihydropyridine Approach",7.4e-05
NLZUEZXRPGMBCV-UHFFFAOYSA-N,CC1=CC(=C(C(=C1)C(C)(C)C)O)C(C)(C)C,3 eq. BHT,"3 eq. BHT, BHT","A_chiral_nickel_DBFOX_complex_as_a_bifunctional_catalyst_for_visible-light-promoted_asymmetric_photoredox_reactions, Yin et al. - 2020 - Photoredox Catalytic Trifluoromethylation and Perfluoroalkylation of Arenes Using Trifluoroacetic an",7.4e-05
WLFDQHUMVXDRPL-UHFFFAOYSA-N,FC(F)(F)C(F)(F)I1(OC(=O)c2ccccc21)C(F)(F)C(F)(F)F,Cs2CO3,Cs2CO3,Angiolini_ChemCatChem_10.1002_cctc.202500240,7.4e-05
WXAZIUYTQHYBFW-UHFFFAOYSA-N,CC1=CC=C(C=C1)P(C2=CC=C(C=C2)C)C3=CC=C(C=C3)C,P( p -MeC 6 H 4 ) 3,P( p -MeC 6 H 4 ) 3,Nickel-catalyzed_cyclization_of_alkyne-nitriles_with_organoboronic_acids_involving_anti-carbometalation_of_alkynes,7.4e-05
NAMED__iprco2et,,i- PrCO 2 Et,i- PrCO 2 Et,Catalytic_asymmetric_radical_aminoperfluoroalkylation_and_aminodifluoromethylation_of_alkenes_to_versatile_enantioenrich,7.4e-05
NAMED__ir,,[Ir],[Ir],"ja4c05272, ol3c02389",7.4e-05
SBYHFKPVCBCYGV-UHFFFAOYSA-N,C1CN2CCC1CC2,Quinuclidine,"EtOAc, Quinuclidine, Q-1","Baussière and Haugland - 2023 - Radical Group Transfer of Vinyl and Alkynyl Silanes Driven by Photoredox Catalysis, Ni_single_atoms_on_carbon_nitride_for_visible-light-promoted_full_heterogeneous_dual_catalysis, Photoredox-catalyzed_dicarbofunctionalization_of_styrenes_with_amines_and_COsub2sub_a_convenient_access_to_-amino_acids",7.4e-05
c1ccc2-c3cccc[n]3->[Ir]34([c]2c1)([c]1ccccc1-c1cccc[n]->31)[c]1ccccc1-c1cccc[n]->41,c1ccc2-c3cccc[n]3->[Ir]34([c]2c1)([c]1ccccc1-c1cccc[n]->31)[c]1ccccc1-c1cccc[n]->41,Photocatalyst PC2 (as listed in sch…,"PC2, Photocatalyst PC2 (as listed in scheme)",Suzuki-type_cross-coupling_of_alkyl_trifluoroborates_with_acid_fluoride_enabled_by_NHCphotoredox_dual_catalysis,7.4e-05
SJGGARLLYFYHEC-UHFFFAOYSA-N,C1(=C(C(=CC(=C1)C)C)N1N=C2N([C]1)CCC2)C,D (protonated NHC),D (protonated NHC),Switching_mesoionic_carbene-organocatalysis_from_radical_to_ionic_pathway_through_base-controlled_formation_of_Breslow_i,7.3e-05
JXTGICXCHWMCPM-UHFFFAOYSA-N,CS(=O)c1ccccc1,C7H8OS,Ph(Me)SO,Yin et al. - 2020 - Photoredox Catalytic Trifluoromethylation and Perfluoroalkylation of Arenes Using Trifluoroacetic an,7.3e-05
BEPAFCGSDWSTEL-UHFFFAOYSA-N,COC(=O)CC(=O)OC,Cs2CO3,Cs2CO3,sc5c11241,7.3e-05
ODLMAHJVESYWTB-CNRUNOGKSA-N,[3H]CCCc1ccccc1,C9H12,1a',Thianthrenium-Enabled_Chromium-Catalyzed_Deuterated_Alkyl_Addition_to_Aldehydes_via_Photoactive_Electron_Donor-Acceptor_,7.3e-05
YRSOKOFEAXZUGR-UHFFFAOYSA-N,C1OC(N(CC)C1)C2=CC=CC=C2,C11H15NO,L3,"Asymmetric_1,4-functionalization_of_1,3-enynes_via_dual_photoredox_and_chromium_catalysis",7.3e-05
SBSDMXFWMLBKPS-UHFFFAOYSA-N,S1C(=CC=C1)C=1N=C(C(=NC1C=1SC=CC1)C#N)C#N,C14H6N4S2,G,Zhao et al. - 2014 - Dicyanopyrazine-derived push–pull chromophores for highly efficient photoredox catalysis,7.3e-05
NAMED__naclisoleu,,N-Ac- L -isoleu,N-Ac- L -isoleu,iOrthoi_CH_arylation_of_arenes_at_room_temperature_using_visible_light_ruthenium_CH_activation,7.3e-05
SHXOKQKTZJXHHR-UHFFFAOYSA-N,CC[N+](=C1C=CC2=NC3=C(C=C(C4=CC=CC=C43)N)OC2=C1)CC.[Cl-],"(S,S)-11","11, (S,S)-11",Diastereoselective_and_enantioselective_photoredox_pinacol_coupling_promoted_by_titanium_complexes_with_a_red-absorbing_,7.3e-05
MNNMTFSPSVOWSF-UHFFFAOYSA-N,C1CCC(CC1)[NH2+]C2CCCCC2.[Cl-],Cy2NH·HCl,Cy2NH·HCl,Lead-Halide_Perovskites_for_Photocatalytic_-Alkylation_of_Aldehydes,7.2e-05
BWHYVXUPMVHQAG-UHFFFAOYSA-N,[N-](S(=O)(=O)C(F)(F)F)S(=O)(=O)C(F)(F)F.C(C)(C)C1=C(C(=CC=C1)C(C)C)N1C(N(C=C1)C1=C(C=CC=C1C(C)C)C(C)C)=[Au-],IPrAuNTf2,IPrAuNTf2,Atom-economic_generation_of_gold_carbenes_gold-catalyzed_formal_32_cycloaddition_between_ynamides_and_isoxazoles,7.2e-05
MTUFIVJNZGDRJN-UHFFFAOYSA-N,CCCC[N+](CCCC)(CCCC)CCCC.CCCC[N+](CCCC)(CCCC)CCCC.CCCC[N+](CCCC)(CCCC)CCCC.CCCC[N+](CCCC)(CCCC)CCCC.[O-][W](=O)(=O)[O-].[O-][W](=O)(=O)[O-],TBADT,TBADT,ol3c04246,7.2e-05
XZDYFCGKKKSOEY-UHFFFAOYSA-N,CC(C)C1=C(C(=CC=C1)C(C)C)N2CC[N+](=[C-]2)C3=C(C=CC=C3C(C)C)C(C)C,C27H38N2,10,Nickel-catalyzed_transamidation_of_aliphatic_amide_derivatives,7.2e-05
NAMED__catalystxmol,,Catalyst (X mol%),Catalyst (X mol%),ol3c04246,7.2e-05
VPDQSNRJLVWTFO-UHFFFAOYSA-N,FC1=CC=NC=C1C2=NC=CC=C2[In](C3=NC=CC=C3C4=CC(F)=CC(F)=C4)(N5C=CC=C(C(F)(F)F)C5C6=CC=NC=C6C(F)(F)F),C33H19F9InN5,Ir-1,Catalytic_intramolecular_aminoarylation_of_unactivated_alkenes_with_aryl_sulfonamides,7.2e-05
SKTCDJAMAYNROS-UHFFFAOYSA-N,COC1CCCC1,CPME,CPME,sc5c11241,7.2e-05
VEUMANXWQDHAJV-JYFOCSDGSA-N,Oc1ccccc1/C=N/CC/N=C/c1ccccc1O,C16H16N2O2,16,ChromiumCatalyzed_PinacolType_CrossCoupling_Studies_on_Stereoselectivity,7.2e-05
NAMED__ecolimaon9wholecell180mg,,E. coli (MAO-N-9) whole cell/180 mg,E. coli (MAO-N-9) whole cell/180 mg,Enantioselective_synthesis_of_amines_by_combining_photoredox_and_enzymatic_catalysis_in_a_cyclic_reaction_network,7.2e-05
QROGIFZRVHSFLM-QHHAFSJGSA-N,C/C=C/c1ccccc1,C9H10,1a,Angew Chem Int Ed - 2019 - Meng - Controllable Isomerization of Alkenes by Dual Visible‐Light‐Cobalt Catalysis,7.2e-05
HOSDVNXNKJWINL-UHFFFAOYSA-N,O=c1ccc2cc(OCF)ccc2o1,C10H7FO3,PC2,Angiolini_ChemCatChem_10.1002_cctc.202500240,7.1e-05
YEHZECZDRPEFNI-UHFFFAOYSA-M,CC(C)C1=C(C(=CC=C1)C(C)C)N2[CH-]N(C=C2)C3=C(C=CC=C3C(C)C)C(C)C.Cl[Au],IPrAuCl,IPrAuCl,Dual_goldphotoredox-catalyzed_CspH_arylation_of_terminal_alkynes_with_diazonium_salts,7.1e-05
RIKQFBGCNQAHBO-UHFFFAOYSA-N,Cc1ccc(C)c(C(F)(F)F)c1,1-bis,1-bis,Yin et al. - 2020 - Photoredox Catalytic Trifluoromethylation and Perfluoroalkylation of Arenes Using Trifluoroacetic an,7.1e-05
LRHPLDYGYMQRHN-UHFFFAOYSA-N,CCCCO,butanol,butanol,sc5c11241,7.1e-05
UVSKMSIIRCGMIN-UHFFFAOYSA-N,C1=CC=C(C=C1)S(=O)(=O)N2C3=CC=CC=C3C4=C2C=CC=C4I,C18H12INO2S,D,Access_to_a_new_class_of_synthetic_building_blocks_via_trifluoromethoxylation_of_pyridines_and_pyrimidines,7.1e-05
CNXMDTWQWLGCPE-UHFFFAOYSA-N,CC(C)(C)P(c1ccccc1-c1ccccc1)C(C)(C)C,JohnPhos,"L4, JohnPhos","Angew Chem Int Ed - 2019 - Meng - Controllable Isomerization of Alkenes by Dual Visible‐Light‐Cobalt Catalysis, Catalytic_direct_hydrocarboxylation_of_styrenes_with_CO2_and_H2",7.1e-05
HXTIZEQEDWGBSR-UHFFFAOYSA-N,FC1=CC=NC=C1C2=CC(F)=CC(F)=C2[In](C3=CC=NC=C3C4=CC(F)=CC(F)=C4)(N5C=CC=C(F)C5C6=CC=NC=C6C(F)F),C33H19F8InN4,Ir-1,Catalytic_intramolecular_aminoarylation_of_unactivated_alkenes_with_aryl_sulfonamides,7.1e-05
JFDZBHWFFUWGJE-UHFFFAOYSA-N,C1=CC=C(C=C1)C#N,benzonitrile,benzonitrile,Diastereoselective_and_enantioselective_photoredox_pinacol_coupling_promoted_by_titanium_complexes_with_a_red-absorbing_,7.1e-05
GSEJCLTVZPLZKY-UHFFFAOYSA-N,C(CO)N(CCO)CCO,N(CH2CH2OH)3,N(CH2CH2OH)3,ja4c05272,7e-05
NAMED__cp2cr,,Cp2Cr,Cp2Cr,ChromiumCatalyzed_PinacolType_CrossCoupling_Studies_on_Stereoselectivity,7e-05
VKZXSCAFBACBKO-UHFFFAOYSA-N,OC(CCCc1ccccc1)CCc1ccccc1,C18H22O,2a,Thianthrenium-Enabled_Chromium-Catalyzed_Deuterated_Alkyl_Addition_to_Aldehydes_via_Photoactive_Electron_Donor-Acceptor_,7e-05
JTNVCJCSECAMLD-QZTJIDSGSA-N,CC(C)(C1=N[C@@H](C2=CC=CC=C2)CO1)C3=N[C@@H](C4=CC=CC=C4)CO3,C21H22N2O2,L3,A_chiral_nickel_DBFOX_complex_as_a_bifunctional_catalyst_for_visible-light-promoted_asymmetric_photoredox_reactions,7e-05
UJOBWOGCFQCDNV-UHFFFAOYSA-N,C1=CC=C2C(=C1)C3=CC=CC=C3N2,MeSesamol 31,MeSesamol 31,sc5c11241,7e-05
QDRKDTQENPPHOJ-UHFFFAOYSA-N,CC[O-].[Na+],NaOEt,NaOEt,sc5c11241,7e-05
IMYJHZSCOLZFAN-UHFFFAOYSA-N,C1=CC=C(C=C1)[N+]2=CN3CCCC3=N2,NHC-2,NHC-2,Banjare et al. - 2025 - Radical C─H‐Aroylation of Allenes via Cooperative Photoredox and N ‐Heterocyclic Carbene Cata,7e-05
NAMED__mecnmeoh91,,MeCN/MeOH 9:1,MeCN/MeOH 9:1,Baussière and Haugland - 2023 - Radical Group Transfer of Vinyl and Alkynyl Silanes Driven by Photoredox Catalysis,7e-05
OXMSMRJQZMTIMT-UHFFFAOYSA-N,C1=CC=C(C=C1)C2=CC(=NC=C2)C3=NC=CC(=C3)C4=CC=CC=C4,C22H16N2,L5 (R = Ph),Calogero et al. - 2022 - A Photoredox Nozaki‐Hiyama Reaction Catalytic in Chromium,7e-05
RAXZICBKEQDBNQ-UHFFFAOYSA-N,Cc1ccc(C)c(N(C)C)c1,amine,amine,Photo-induced_oxidant-free_oxidative_CHNH_cross-coupling_between_arenes_and_azoles,7e-05
RRBHRYNFGGGCST-UHFFFAOYSA-N,F[P-](F)(F)(F)(F)F.F[P-](F)(F)(F)(F)F.c1cnc(cn1)-c1cnccn1.c1cnc(cn1)-c1cnccn1.c1cnc(cn1)-c1cnccn1.[Ru+2],C24H18F12N12P2Ru,PC5,Angiolini_ChemCatChem_10.1002_cctc.202500240,6.9e-05
NAMED__ph3pauntf2,,Ph 3 PAuNTf 2,"Ph3PAuNTf2, Ph 3 PAuNTf 2",Atom-economic_generation_of_gold_carbenes_gold-catalyzed_formal_32_cycloaddition_between_ynamides_and_isoxazoles,6.9e-05
JYPUGUWKDJEETD-UHFFFAOYSA-N,F[B-](F)(F)F.C1(=C(C(=CC(=C1)C)C)[N+]1=C2C=C(C=C(C2=CC2=C(C=C(C=C12)C)C)C)C)C,Mes-Acr1,Mes-Acr1,Combining_photoredox_catalysis_and_hydrogen_atom_transfer_for_dearomative_functionalization_of_electron_rich_heteroarene,6.9e-05
AXFAOSWUIVCBLN-UHFFFAOYSA-N,c1ccc(COP2Oc3ccccc3O2)cc1,C13H11O3P,2g,ja3c06524,6.9e-05
NAMED__ibuoac,,iBuOAc,iBuOAc,sc5c11241,6.9e-05
XGCDBGRZEKYHNV-UHFFFAOYSA-N,C1=CC=C(C=C1)P(CP(C2=CC=CC=C2)C3=CC=CC=C3)C4=CC=CC=C4,DPPM,DPPM,Copper-catalyzed_regio-_and_stereo-selective_hydrosilylation_of_terminal_allenes_to_access_E-allylsilanes,6.9e-05
FXIASLTYGRCEDW-UHFFFAOYSA-L,C(C)(=O)[O-].C(C)(=O)[O-].C1(=CC=CC=C1)[I+2],PhI(OAc)2,PhI(OAc)2,ao3c10008,6.9e-05
NAMED__2methf,,2-Me-THF,2-Me-THF,sc5c11241,6.9e-05
ASOKPJOREAFHNY-UHFFFAOYSA-N,C1=CC=C2C(=C1)N=NN2O,HOBt (1-hydroxybenzotriazole),"HOBt, HOBt (1-hydroxybenzotriazole)",jo3c00895,6.9e-05
NAMED__namyloac,,n-amylOAc,n-amylOAc,sc5c11241,6.9e-05
NAMED__et3pauntf2,,Et 3 PAuNTf 2,"Et3PAuNTf2, Et 3 PAuNTf 2",Atom-economic_generation_of_gold_carbenes_gold-catalyzed_formal_32_cycloaddition_between_ynamides_and_isoxazoles,6.9e-05
FYYHWMGAXLPEAU-UHFFFAOYSA-N,[Mg],Mg,Mg,Visible-light-induced_radical_hydrodifluoromethylation_of_alkenes,6.9e-05
CHTXUKPPQSRKSS-UHFFFAOYSA-M,Cl[Au]P(OC1=CC=CC=C1)(OC2=CC=CC=C2)OC3=CC=CC=C3,(PhO)3PAuCl,(PhO)3PAuCl,Dual_goldphotoredox-catalyzed_CspH_arylation_of_terminal_alkynes_with_diazonium_salts,6.9e-05
NAMED__tbumeether,,t Bu-Me ether,t Bu-Me ether,sc5c11241,6.9e-05
LXQYEJBMDKEXSN-UHFFFAOYSA-N,C=[C][Si](C)(C)OC([C](C)I)c1ccccc1,C13H17IOSi,4f,Baussière and Haugland - 2023 - Radical Group Transfer of Vinyl and Alkynyl Silanes Driven by Photoredox Catalysis,6.9e-05
NAMED__agntf2,,AgNTf 2,"AgNTf2, AgNTf 2",Atom-economic_generation_of_gold_carbenes_gold-catalyzed_formal_32_cycloaddition_between_ynamides_and_isoxazoles,6.9e-05
NAMED__ptcl2,,PtCl 2,"PtCl2, PtCl 2",Atom-economic_generation_of_gold_carbenes_gold-catalyzed_formal_32_cycloaddition_between_ynamides_and_isoxazoles,6.9e-05
NAMED__znotf2,,Zn(OTf) 2,"Zn(OTf)2, Zn(OTf) 2",Atom-economic_generation_of_gold_carbenes_gold-catalyzed_formal_32_cycloaddition_between_ynamides_and_isoxazoles,6.9e-05
UTGMZAVUYWBBRS-UHFFFAOYSA-N,CC(C)C1=CC=C(C=C1)N2C=CN(C2)C3=CC=C(C=C3)C(C)C,NHC-4,NHC-4,"Visible_light-mediated_organocatalyzed_1,3-aminoacylation_of_cyclopropane_employing_N-benzoyl_saccharin_as_bifunctional_",6.9e-05
JOXIMZWYDAKGHI-UHFFFAOYSA-N,CC1=CC=C(C=C1)S(=O)(=O)O,p-TsOH,p-TsOH,Palladium-catalyzed_thiocarbonylation_of_alkenes_toward_branched_thioesters_using_COsub2sub,6.9e-05
KWYHDKDOAIKMQN-UHFFFAOYSA-N,CN(C)CCN(C)C,"N,N,N',N'-Tetramethylethylenediamin…","L3, N,N,N',N'-Tetramethylethylenediamine (TMEDA)","catalysts-13-01126, fchem-10-1087834",6.8e-05
CLJFTCPMMGKAAG-UHFFFAOYSA-N,COP(O)Oc1ccccc1O,2b–2f,2b–2f,ja3c06524,6.8e-05
NSPMIYGKQJPBQR-UHFFFAOYSA-N,C1=NC=NN1,Az-1 (2 equiv.),"Az-4, Az-1 (2 equiv.)",Goto and Ohmiya - 2025 - Distal C–H functionalization of alkoxyarenes through organic photoredox-catalyzed radical–radical co,6.8e-05
AQRLNPVMDITEJU-UHFFFAOYSA-N,CC[SiH](CC)CC,triethylsilane (Et3SiH),"Et3SiH, triethylsilane (Et3SiH)","Palladium-catalyzed_thiocarbonylation_of_alkenes_toward_branched_thioesters_using_COsub2sub, Visible-light-induced_radical_hydrodifluoromethylation_of_alkenes",6.8e-05
YMDZDFSUDFLGMX-UHFFFAOYSA-N,ClCC[NH2+]CCCl.[Cl-],(ClCH2CH2)2NH·HCl,(ClCH2CH2)2NH·HCl,Lead-Halide_Perovskites_for_Photocatalytic_-Alkylation_of_Aldehydes,6.8e-05
YBCAZPLXEGKKFM-UHFFFAOYSA-K,Cl[Ru](Cl)Cl,RuCl3·H2O,RuCl3·H2O,iOrthoi_CH_arylation_of_arenes_at_room_temperature_using_visible_light_ruthenium_CH_activation,6.8e-05
GAKCKAKYRQUVRK-UHFFFAOYSA-N,CC(C)(C=1OCC(N1)CC1=CC=CC=C1)C=1OCC(N1)CC1=CC=CC=C1,Bn-Box,Bn-Box,CH_functionalization_of_amines_with_aryl_halides_by_nickel-photoredox_catalysis,6.8e-05
UMNQCKRUNPVGRM-PSWAGMNNSA-N,c1ccc(C[C@H]2COC(c3cccc4c3oc3c(C5=N[C@H](Cc6ccccc6)CO5)cccc34)=N2)cc1,C32H26N2O3,L2,A_chiral_nickel_DBFOX_complex_as_a_bifunctional_catalyst_for_visible-light-promoted_asymmetric_photoredox_reactions,6.8e-05
NAMED__nobasenonepresent,,No base (none present),No base (none present),Catalytic_asymmetric_radical_aminoperfluoroalkylation_and_aminodifluoromethylation_of_alkenes_to_versatile_enantioenrich,6.8e-05
NAMED__tbuok,,t BuOK,t BuOK,Nickel-catalyzed_cyclization_of_alkyne-nitriles_with_organoboronic_acids_involving_anti-carbometalation_of_alkynes,6.7e-05
QROGIFZRVHSFLM-UHFFFAOYSA-N,CC=Cc1ccccc1,"2,4,5,6-tetra(carbazol-9-yl)isophth…","2,4,5,6-tetra(carbazol-9-yl)isophthalonitrile",Angew Chem Int Ed - 2019 - Meng - Controllable Isomerization of Alkenes by Dual Visible‐Light‐Cobalt Catalysis,6.7e-05
NAMED__csf,,CsF,CsF,"Nickel-catalyzed_cyclization_of_alkyne-nitriles_with_organoboronic_acids_involving_anti-carbometalation_of_alkynes, ja4c02474",6.7e-05
BZLVMXJERCGZMT-UHFFFAOYSA-N,CC(C)(C)OC,MTBE,MTBE,Borate_esters_as_convenient_reagents_for_direct_amidation_of_carboxylic_acids_and_transamidation_of_primary_amides,6.7e-05
RMVRSNDYEFQCLF-UHFFFAOYSA-N,C1=CC=C(C=C1)S,PhSH,PhSH,"Combining_photoredox_catalysis_and_hydrogen_atom_transfer_for_dearomative_functionalization_of_electron_rich_heteroarene, Fan et al. - 2023 - PhotoredoxHAT dual-catalyzed carboxylation of benzyl chlorides with CO2 using thiophenolate and for",6.7e-05
KFZMGEQAYNKOFK-UHFFFAOYSA-N,CC(C)O,Isopropanol (i-PrOH),"Isopropanol, Isopropanol (i-PrOH)","Abdiaj - Improving the throughput of batch photochemical reactions using flow Dual photoredox and nickel cat, Rutheniumscpiiscp-catalyzed_chemoselective_deacylative_annulation_of_1,3-diones_with_sulfoxonium_ylides_iviai_CC_bond_ac",6.7e-05
DIOHEXPTUTVCNX-UHFFFAOYSA-N,c1ccccc1N(S(=O)(=O)C(F)(F)F)S(=O)(=O)C(F)(F)F,"PhN(SO2CF3)2 (N,N-bis(trifluorometh…","PhN(SO2CF3)2 (N,N-bis(trifluoromethanesulfonyl)aniline)",jo3c00895,6.7e-05
PVNUIRUAPVSSOK-UHFFFAOYSA-N,CC(C)(C)N=P(N1CCCC1)(N2CCCC2)N3CCCC3,BTPP,BTPP,Abdiaj - Improving the throughput of batch photochemical reactions using flow Dual photoredox and nickel cat,6.7e-05
NAMED__csoac,,CsOAc,CsOAc,"Bhaskar Pal et al. - 2023 - Stereospecific Photoredox‐Catalyzed Vinylations to Functionalized Alkenes and C ‐Glycosides, NHC_and_visible_light-mediated_photoredox_co-catalyzed_1,4-sulfonylacylation_of_1,3-enynes_for_tetrasubstituted_allenyl_",6.7e-05
NAMED__et3n,,Et 3 N,Et 3 N,"Brambilla et al. - 2023 - Synthesis of Indole‐Fused 1,4‐Diazepinones via Photoredox‐Catalyzed Cascade Cyclization Reaction, Suzuki-type_cross-coupling_of_alkyl_trifluoroborates_with_acid_fluoride_enabled_by_NHCphotoredox_dual_catalysis",6.7e-05
LCSNDSFWVKMJCT-UHFFFAOYSA-N,C1CCC(CC1)P(C2CCCCC2)C3=CC=CC=C3C4=CC=CC=C4,CyJohnPhos,CyJohnPhos,Catalytic_direct_hydrocarboxylation_of_styrenes_with_CO2_and_H2,6.7e-05
QKBWDYLFYVXTGE-UHFFFAOYSA-N,C1=CC=C(C(=C1)C2=CC=CC=N2)[Ir](C3=CC=CC=C3C4=CC=CC=N4)C5=CC=CC=C5C6=CC=CC=N6,PC4 (Ir(ppy)3),PC4 (Ir(ppy)3),Calogero et al. - 2022 - A Photoredox Nozaki‐Hiyama Reaction Catalytic in Chromium,6.7e-05
CMKBCTPCXZNQKX-UHFFFAOYSA-N,C1CCC(CC1)S,cyclohexanethiol,cyclohexanethiol,jo3c00895,6.7e-05
HYZJCKYKOHLVJF-UHFFFAOYSA-N,C1=CC=C2C(=C1)NC=N2,C7H6N2,Az-3,Goto and Ohmiya - 2025 - Distal C–H functionalization of alkoxyarenes through organic photoredox-catalyzed radical–radical co,6.7e-05
NAMED__rhoacdavephos,,[Rh(OAc)(DavePhos)],[Rh(OAc)(DavePhos)],Catalytic_direct_hydrocarboxylation_of_styrenes_with_CO2_and_H2,6.7e-05
NAMED__rhclc2h422,,[RhCl(C 2 H 4 ) 2 ] 2,[RhCl(C 2 H 4 ) 2 ] 2,Catalytic_direct_hydrocarboxylation_of_styrenes_with_CO2_and_H2,6.7e-05
NAMED__irppy3,,[Ir(ppy)3],"[Ir(ppy)3], Ir(ppy) 3","Banjare et al. - 2025 - Radical C─H‐Aroylation of Allenes via Cooperative Photoredox and N ‐Heterocyclic Carbene Cata, Visible-light-mediated_Minisci_CH_alkylation_of_heteroarenes_with_unactivated_alkyl_halides_using_Osub2sub_as_an_oxidant",6.7e-05
NAMED__h2o2dmso,,H 2 O + 2%DMSO,H 2 O + 2%DMSO,sc5c11241,6.7e-05
DURPTKYDGMDSBL-UHFFFAOYSA-N,CCCCOCCCC,Di-n-butyl ether (Bu2O),Di-n-butyl ether (Bu2O),Synthesis_and_applications_of_highly_functionalized_1-halo-3-substituted_bicyclo1.1.1pentanes,6.7e-05
NAMED__cuidap2cl,,[Cu I (dap)2]Cl,[Cu I (dap)2]Cl,cs2c04736,6.7e-05
UHJWZORSTYATLW-UHFFFAOYSA-N,C1=CC=C(C2=CC=CC=C2OC3=CC=CC=C3)C=C1,C18H14O,PC-6,Goto and Ohmiya - 2025 - Distal C–H functionalization of alkoxyarenes through organic photoredox-catalyzed radical–radical co,6.6e-05
KWAFTZGCOMSPSG-UHFFFAOYSA-N,O=S(=O)(O)Oc1ccc(C)cc1.[Ag+],AgOTs,AgOTs,Catalytic_asymmetric_radical_aminoperfluoroalkylation_and_aminodifluoromethylation_of_alkenes_to_versatile_enantioenrich,6.6e-05
KVCGISUBCHHTDD-UHFFFAOYSA-M,Cc1ccc(S(=O)(=O)[O][Na])cc1,C7H7NaO3S,2a,ol4c02700,6.6e-05
FWUDSWQHWGPDHB-UHFFFAOYSA-N,CC(C)C1N=C(C2=NC(C(C)C)CO2)CO1,i -Pr-BiOx,i -Pr-BiOx,CH_functionalization_of_amines_with_aryl_halides_by_nickel-photoredox_catalysis,6.6e-05
IEJIGPNLZYLLBP-UHFFFAOYSA-N,COC(=O)OC,DMC,DMC,ol4c02700,6.6e-05
NAMED__na2co3,,Na 2 CO 3,Na 2 CO 3,"Catalytic_N-radical_cascade_reaction_of_hydrazones_by_oxidative_deprotonation_electron_transfer_and_TEMPO_mediation, ol3c02389",6.6e-05
NAMED__nai,,NaI,NaI,Visible-Light-Mediated_Deaminative_Three-Component_Dicarbofunctionalization_of_Styrenes_with_Benzylic_Radicals,6.6e-05
NAMED__ch3no2,,CH 3 NO 2,CH 3 NO 2,Access_to_a_new_class_of_synthetic_building_blocks_via_trifluoromethoxylation_of_pyridines_and_pyrimidines,6.6e-05
JMMWKPVZQRWMSS-UHFFFAOYSA-N,CC(C)OC(=O)C,Isopropyl acetate,Isopropyl acetate,ol5c01129,6.6e-05
FVAUCKIRQBBSSJ-UHFFFAOYSA-M,[Na+].[I-],sodium iodide,sodium iodide,Visible-Light-Mediated_Deaminative_Three-Component_Dicarbofunctionalization_of_Styrenes_with_Benzylic_Radicals,6.6e-05
VNWKTOKETHGBQD-UHFFFAOYSA-N,C,DIPEA,"L3, DIPEA","Angew Chem Int Ed - 2019 - Meng - Controllable Isomerization of Alkenes by Dual Visible‐Light‐Cobalt Catalysis, Brambilla et al. - 2023 - Synthesis of Indole‐Fused 1,4‐Diazepinones via Photoredox‐Catalyzed Cascade Cyclization Reaction",6.6e-05
DKVJZADZPWUQDW-UHFFFAOYSA-N,FC1=CC=NC=C1C2=NC=CC=C2[In](C3=NC=CC=C3C4=CC(F)=CC(F)=C4)(N5C=CC=C5C6=CC(F)=CC(F)=C6),C31H18F5InN4,Ir-1,Catalytic_intramolecular_aminoarylation_of_unactivated_alkenes_with_aryl_sulfonamides,6.6e-05
NAMED__etoacbuffer11,,EtOAc/Buffer (1:1),EtOAc/Buffer (1:1),Angiolini_ChemCatChem_10.1002_cctc.202500240,6.6e-05
FCZFPMKLLXTSNP-UHFFFAOYSA-N,CCOC(=O)C=N,C4H7NO2,1a,"Ye et al. - 2023 - Photoredox-enabled remote radical group migration Pathway to 1,7-dicarbonyl compounds from diazoalk",6.6e-05
XKLNOVWDVMWTOB-UHFFFAOYSA-N,C1CCC2=C(C1)C3=CC=CC=C3N2,Tetrahydrocarbazole,Tetrahydrocarbazole,d2ra07064b,6.5e-05
YRHRIQCWCFGUEQ-UHFFFAOYSA-N,C1=CC=C2C(=C1)C(=O)C3=CC=CC=C3S2,TXO,TXO,d1ra07314a,6.5e-05
GSVQWRYRPRJOIM-UHFFFAOYSA-N,CC(C)(C)O.[Na],NaOtBu,NaOtBu,shi-et-al-2020-photoinduced-transition-metal-free-alkynylation-of-alkyl-pinacol-boronates,6.5e-05
HNLCFMJZDHCOIT-UHFFFAOYSA-N,CCCC[N+](CCCC)OP(=O)(OCCC)O,NBu4OP(O)(OBu)2,NBu4OP(O)(OBu)2,PhosphinePhotoredox_Catalyzed_Anti-Markovnikov_Hydroamination_of_Olefins_with_Primary_Sulfonamides_via_-Scission_from_Ph,6.5e-05
BFJKRGCDJMGXRX-UHFFFAOYSA-N,C#C.C#C.C1CC2CCC12.CC.CC.CC.CC.CCC(C)CC.CCCC.CCCCC1CC2C1C1CC(C3CC(C4CC5C4C4C5C5C4C4C5C5C4C4C5C5C4C4C5C5C4C4C5C5C4C4C5C5C4C4C5C5C4C4C5C5C4C4C5C5C4C4C5C5C4C4C5C5C4C4C5C5C4C4C5C5C4C4C5C56C4C47C5C58C64C46C75C57C9%10C%11%12C%13CC%11%14C%13C%12%11C%149C45C%11%10C867)C3)C21.CCCCC1CCC1.CCCCCC,C136H182,1,Reductive_dearomative_arylcarboxylation_of_indoles_with_CO2_via_visible-light_photoredox_catalysis,6.5e-05
PQJJJMRNHATNKG-UHFFFAOYSA-N,CCOC(=O)CBr,C4H7BrO2,8a,Synthesis_and_applications_of_highly_functionalized_1-halo-3-substituted_bicyclo1.1.1pentanes,6.5e-05
NBPGPQJFYXNFKN-UHFFFAOYSA-N,CC1=CC(=NC=C1)C2=NC=CC(=C2)C,"dmbpy (4,4'-dimethyl-2,2'-bipyridin…","dmbpy (4,4'-dimethyl-2,2'-bipyridine), L4 (R = Me)","Bárbara et al. - 2025 - Protecting group-free photocatalyzed O-arylation of quinic acid, Calogero et al. - 2022 - A Photoredox Nozaki‐Hiyama Reaction Catalytic in Chromium",6.5e-05
SFJMFSWCBVEHBA-UHFFFAOYSA-M,C1=CSC(=C1)C(=O)[O-].[Cu+],CuTc,CuTc,Selective_single_CF_bond_arylation_of_trifluoromethylalkene_derivatives,6.5e-05
HSYLTRBDKXZSGS-UHFFFAOYSA-N,C(F)(F)(F)S(=O)(=O)[N-]S(=O)(=O)C(F)(F)F.[Ag+],AgNTf2,AgNTf2,Silverchiral_pyrrolidinopyridine_relay_catalytic_cycloisomerization2  3_cycloadditions_of_enynamides_to_asymmetrically_s,6.5e-05
UJNZOIKQAUQOCN-UHFFFAOYSA-N,CP(C1=CC=CC=C1)C2=CC=CC=C2,PPh 2 Me,PPh 2 Me,Nickel-catalyzed_cyclization_of_alkyne-nitriles_with_organoboronic_acids_involving_anti-carbometalation_of_alkynes,6.5e-05
YAXWOADCWUUUNX-UHFFFAOYSA-N,CC1CCCN(C1(C)C)C,rhodamine B,rhodamine B,Baussière and Haugland - 2023 - Radical Group Transfer of Vinyl and Alkynyl Silanes Driven by Photoredox Catalysis,6.5e-05
FYZBGHMANUMBGB-UHFFFAOYSA-L,[Ni+2].[Cl-].[Cl-].c1ccncc1,NiCl2(Py)4,NiCl2(Py)4,Nickel-catalyzed_allylic_defluorinative_alkylation_of_trifluoromethyl_alkenes_with_reductive_decarboxylation_of_redox-ac,6.5e-05
NAMED__standardsolvent,,standard solvent,standard solvent,Dubois et al. - 2023 - Visible Light Photoredox-Catalyzed Decarboxylative Alkylation of 3-Aryl-Oxetanes and Azetidines via,6.5e-05
DOAVAXAGEBTLHJ-UHFFFAOYSA-N,COc1ccc(cc1)C1(COC1)[V],cat. = Ru(bpy) 3 (PF 6 ) 2,cat. = Ru(bpy) 3 (PF 6 ) 2,Dubois et al. - 2023 - Visible Light Photoredox-Catalyzed Decarboxylative Alkylation of 3-Aryl-Oxetanes and Azetidines via,6.5e-05
KUIYIMZJOLPWTB-UHFFFAOYSA-N,c1ccc2[n+](c3ccccc23)c1,Mes-Acr+ (mesityl acridinium),Mes-Acr+ (mesityl acridinium),Dubois et al. - 2023 - Visible Light Photoredox-Catalyzed Decarboxylative Alkylation of 3-Aryl-Oxetanes and Azetidines via,6.5e-05
PASDCCFISLVPSO-UHFFFAOYSA-N,O=C(Cl)c1ccccc1,C7H5ClO,2b,Banjare et al. - 2025 - Radical C─H‐Aroylation of Allenes via Cooperative Photoredox and N ‐Heterocyclic Carbene Cata,6.5e-05
RNYJXPUAFDFIQJ-UHFFFAOYSA-N,CCCCCCCCCCCCCCCCCC[NH3+].[Cl-],n-C18H37NH2·HCl,n-C18H37NH2·HCl,Lead-Halide_Perovskites_for_Photocatalytic_-Alkylation_of_Aldehydes,6.5e-05
FFHZQJBDVJDFJD-UHFFFAOYSA-N,OS(=O)(=O)C(F)(F)F.OS(=O)(=O)C(F)(F)F.[CH-]1C=CC=C1.[CH-]1C=CC=C1.[Ti+2],C12H12F6O6S2Ti,5,Diastereoselective_and_enantioselective_photoredox_pinacol_coupling_promoted_by_titanium_complexes_with_a_red-absorbing_,6.5e-05
NAMED__dip,,dip,dip,Visible-light-induced_radical_hydrodifluoromethylation_of_alkenes,6.5e-05
NAMED__meoh,,MeOH,MeOH,Caffeine_as_a_naturally_green_and_biodegradable_catalyst_promoted_convenient_and_expedient_synthetic_route_for_the_synth,6.4e-05
NAMED__siome4,,Si(OMe) 4,Si(OMe) 4,Borate_esters_as_convenient_reagents_for_direct_amidation_of_carboxylic_acids_and_transamidation_of_primary_amides,6.4e-05
NAMED__boipr3,,B(O i Pr) 3,B(O i Pr) 3,Borate_esters_as_convenient_reagents_for_direct_amidation_of_carboxylic_acids_and_transamidation_of_primary_amides,6.4e-05
NAMED__bosime33,,B(OSiMe 3 ) 3,B(OSiMe 3 ) 3,Borate_esters_as_convenient_reagents_for_direct_amidation_of_carboxylic_acids_and_transamidation_of_primary_amides,6.4e-05
YUSCPKFSRAEEPB-UHFFFAOYSA-N,CO.OCC(F)(F)C.O=C(C)N.CS(=O)(=O),MeOH / HFIP / MeCN / DMSO (tested a…,MeOH / HFIP / MeCN / DMSO (tested as alternative solvents),NN_atropisomer_synthesis_iviai_electrolyte-_and_base-free_electrochemical_cobalt-catalysed_CH_annulation,6.4e-05
NAMED__bome3c,,B(OMe) 3 c,B(OMe) 3 c,Borate_esters_as_convenient_reagents_for_direct_amidation_of_carboxylic_acids_and_transamidation_of_primary_amides,6.4e-05
NAMED__8,,8,8,ol3c02389,6.4e-05
NAMED__7diethylamino3thiophen2yl2hchromen2one,,7-(diethylamino)-3-(thiophen-2-yl)-…,7-(diethylamino)-3-(thiophen-2-yl)-2 H -chromen-2-one,Baussière and Haugland - 2023 - Radical Group Transfer of Vinyl and Alkynyl Silanes Driven by Photoredox Catalysis,6.4e-05
GAURFLBIDLSLQU-UHFFFAOYSA-N,CCO[Si](C)OCC,DEMS,DEMS,Nickel-catalyzed_allylic_defluorinative_alkylation_of_trifluoromethyl_alkenes_with_reductive_decarboxylation_of_redox-ac,6.4e-05
QSJXEFYPDANLFS-UHFFFAOYSA-N,CC(=O)C(=O)C,Butanedione,Butanedione,d1ra07314a,6.4e-05
CCJVMNUERHKTSX-UHFFFAOYSA-M,O=C([O-])C[Cu],CuOAc,CuOAc,Catalytic_asymmetric_radical_aminoperfluoroalkylation_and_aminodifluoromethylation_of_alkenes_to_versatile_enantioenrich,6.4e-05
REYJJPSVUYRZGE-UHFFFAOYSA-N,CCCCCCCCCCCCCCCCCCN,n-C18H37NH2,n-C18H37NH2,Lead-Halide_Perovskites_for_Photocatalytic_-Alkylation_of_Aldehydes,6.4e-05
WCUXLLCKKVVCTQ-UHFFFAOYSA-M,[Cl-].[K+],KCl instead of LiCl,"KCl, KCl instead of LiCl","Cooperative_photoredox_and_N-heterocyclic_carbene-catalyzed_formal_CH_acylation_of_cyclopropanes_iviai_a_deconstructionr, Photoredox-catalyzed_dicarbofunctionalization_of_styrenes_with_amines_and_COsub2sub_a_convenient_access_to_-amino_acids",6.4e-05
NAMED__dmso,,DMSO,DMSO,Direct_CH_difluoromethylation_of_heterocycles_via_organic_photoredox_catalysis,6.4e-05
QEWYKACRFQMRMB-UHFFFAOYSA-N,C(C(=O)O)F,10 : 1 MeCN/TFA,10 : 1 MeCN/TFA,Direct_sulfonylation_of_anilines_mediated_by_visible_light,6.4e-05
NAMED__eg,,EG,EG,fchem-10-1087834,6.4e-05
HUCVOHYBFXVBRW-UHFFFAOYSA-M,[OH-].[Cs+],CsOH,CsOH,fchem-10-1087834,6.4e-05
WMFOQBRAJBCJND-UHFFFAOYSA-M,[Li+].[OH-],LiOH,LiOH,fchem-10-1087834,6.4e-05
NAMED__na2eosiny,,Na 2 -Eosin Y,Na 2 -Eosin Y,fchem-10-1087834,6.4e-05
RNTXMOYMHKPNCL-UHFFFAOYSA-N,C1(C=COC=2C3=C(C=CC12)C1=CC=CC=C1C=C3)=O,NTC1,NTC1,Duhail et al. - 2021 - Radical α-Trifluoromethoxylation of Ketones under Batch and Flow Conditions by Means of Organic Phot,6.4e-05
NAMED__6,,6,6,"Green_synthesis_of_3,4-disubstituted_isoxazol-54H-one_using_Gluconic_acid_aqueous_solution_as_an_efficient_recyclable_me",6.4e-05
NAMED__nmethylpyrrolidone,,N -methylpyrrolidone,N -methylpyrrolidone,ChromiumCatalyzed_PinacolType_CrossCoupling_Studies_on_Stereoselectivity,6.4e-05
NAMED__ru,,[Ru],[Ru],ja4c05272,6.4e-05
NAMED__dmac,,DMA C,DMA C,Electrochemical_selective_hydrocarboxylation_of_acrylamides_with_carbon_dioxide_for_precise_control_of_-_and_-carboxylat,6.4e-05
NAMED__na3irsppy3,,Na3Ir(sppy)3,Na3Ir(sppy)3,Enantioselective_synthesis_of_amines_by_combining_photoredox_and_enzymatic_catalysis_in_a_cyclic_reaction_network,6.4e-05
NAMED__ecoliemptywholecell120mg,,E. coli (empty) whole cell/120 mg,E. coli (empty) whole cell/120 mg,Enantioselective_synthesis_of_amines_by_combining_photoredox_and_enzymatic_catalysis_in_a_cyclic_reaction_network,6.4e-05
NAMED__ecolimaon9lysate180mg,,E. coli (MAO-N-9) lysate/180 mg,E. coli (MAO-N-9) lysate/180 mg,Enantioselective_synthesis_of_amines_by_combining_photoredox_and_enzymatic_catalysis_in_a_cyclic_reaction_network,6.4e-05
NAMED__k3po4,,K3PO4,K3PO4,ol3c04246,6.4e-05
NAMED__rupph34cl2,,Ru(PPh 3 ) 4 Cl 2,"Ru(PPh3)4Cl2, Ru(PPh 3 ) 4 Cl 2",iOrthoi_CH_arylation_of_arenes_at_room_temperature_using_visible_light_ruthenium_CH_activation,6.4e-05
NAMED__et3n20,,Et 3 N (2.0),Et 3 N (2.0),"Transition_metal-free_visible_light_photoredox-catalyzed_remote_Csp3H_borylation_enabled_by_1,5-hydrogen_atom_transfer",6.4e-05
QSWDMMVNRMROPK-UHFFFAOYSA-K,Cl[Cr](Cl)Cl,CrCl3,CrCl3,Thianthrenium-Enabled_Chromium-Catalyzed_Deuterated_Alkyl_Addition_to_Aldehydes_via_Photoactive_Electron_Donor-Acceptor_,6.4e-05
NAMED__uio67bpy025,,UiO-67-bpy 0.25,UiO-67-bpy 0.25,Photocatalytic_metalorganic_frameworks_for_the_aerobic_oxidation_of_arylboronic_acids,6.4e-05
NAMED__heterogeneouspolypyridyliridiumcomplex,,heterogeneous polypyridyl iridium c…,heterogeneous polypyridyl iridium complex,Synthesis_of_a_polyisobutylene-tagged_fac-Irppysub3sub_complex_and_its_application_as_recyclable_visible-light_photocata,6.4e-05
RXJKFRMDXUJTEX-UHFFFAOYSA-N,CCP(CC)CC,PEt3,PEt3,PhosphinePhotoredox_Catalyzed_Anti-Markovnikov_Hydroamination_of_Olefins_with_Primary_Sulfonamides_via_-Scission_from_Ph,6.4e-05
CC(C)(C)c1cc[n]2[Ir+]3([c]4ccccc4-c4cccc[n]34)([c]3ccccc3-c3cccc[n]3)[n]2c1.F[B-](F)(F)F,CC(C)(C)c1cc[n]2[Ir+]3([c]4ccccc4-c4cccc[n]34)([c]3ccccc3-c3cccc[n]3)[n]2c1.F[B-](F)(F)F,[4b][BF4],[4b][BF4],Visible_light-mediated_oxidative_decarboxylation_of_arylacetic_acids_into_benzyl_radicals_addition_to_electron-deficient,6.4e-05
NAMED__air,,air,air,ao3c10008,6.4e-05
DLMRBGAENSRVSV-UHFFFAOYSA-N,C[SiH](C)O[SiH](C)O[SiH](C)C,PMHS,PMHS,Palladium-catalyzed_thiocarbonylation_of_alkenes_toward_branched_thioesters_using_COsub2sub,6.4e-05
SCDRGKIWFXHDHE-UHFFFAOYSA-M,C(C)(C)(C)C1=CC=C(C=C1)[S-].[K+],"T2 (p‑tert‑butylthiophenolate, pota…","T2 (p‑tert‑butylthiophenolate, potassium salt)",Arylcarboxylation_of_unactivated_alkenes_with_CO2_via_visible-light_photoredox_catalysis,6.4e-05
[Ru](bpy)3Cl2,[Ru](bpy)3Cl2,[Ru(bpy)3]Cl2,[Ru(bpy)3]Cl2,"Transition_metal-free_visible_light_photoredox-catalyzed_remote_Csp3H_borylation_enabled_by_1,5-hydrogen_atom_transfer",6.4e-05
CC(C)(C)c1cc[n+](cc1)-c2cc(cc[n+]2-c3c(cc(cc3F)F)C(F)(F)F)[Ir-4]45(n6ccccc6-c7cccc(c74)F)n8ccccc8-c9cccc(c95)F.F[B-](F)(F)F,CC(C)(C)c1cc[n+](cc1)-c2cc(cc[n+]2-c3c(cc(cc3F)F)C(F)(F)F)[Ir-4]45(n6ccccc6-c7cccc(c74)F)n8ccccc8-c9cccc(c95)F.F[B-](F)(F)F,[4c][BF4],[4c][BF4],Visible_light-mediated_oxidative_decarboxylation_of_arylacetic_acids_into_benzyl_radicals_addition_to_electron-deficient,6.4e-05
C(F)(F)F[S+]1c2ccccc2-c3ccccc13.O=S(=O)([O-])C(F)(F)F,C(F)(F)F[S+]1c2ccccc2-c3ccccc13.O=S(=O)([O-])C(F)(F)F,C(F)(F)F[S+]1c2ccccc2-c3ccccc13.O=S…,C,Access_to_a_new_class_of_synthetic_building_blocks_via_trifluoromethoxylation_of_pyridines_and_pyrimidines,6.4e-05
PC_general_aromatic_core,PC_general_aromatic_core,"Photocatalyst PC (general, as in gl…","Photocatalyst PC (general, as in global conditions)",Suzuki-type_cross-coupling_of_alkyl_trifluoroborates_with_acid_fluoride_enabled_by_NHCphotoredox_dual_catalysis,6.3e-05
NAMED__csco,,Cs CO,Cs CO,Suzuki-type_cross-coupling_of_alkyl_trifluoroborates_with_acid_fluoride_enabled_by_NHCphotoredox_dual_catalysis,6.3e-05
NAMED__mesacrclo4,,MesAcr-ClO 4,MesAcr-ClO 4,ol5c01129,6.3e-05
NAMED__0004408103,,"0.004, 4.08 × 10 - 3","0.004, 4.08 × 10 - 3","NonoxidovanadiumIV_Complex-Catalyzed_Synthesis_of_2-Amino-3-cyano-4iHi-pyrans4iHi-chromenes,_Biscoumarins,_and_Xanthenes",6.3e-05
XEEYBQQBJWHFJM-UHFFFAOYSA-N,[Fe],Fe,Fe,Visible-light-induced_radical_hydrodifluoromethylation_of_alkenes,6.3e-05
NAMED__iprauntf2,,IPrAuNTf 2,IPrAuNTf 2,Atom-economic_generation_of_gold_carbenes_gold-catalyzed_formal_32_cycloaddition_between_ynamides_and_isoxazoles,6.3e-05
MNIILDOYJVUOFS-UHFFFAOYSA-N,O1COC2=NC=C(C=C21)C=2C=C1C(=NC2)OCO1,C12H8N2O4,L7,Calogero et al. - 2022 - A Photoredox Nozaki‐Hiyama Reaction Catalytic in Chromium,6.3e-05
OTJZCIYGRUNXTP-UHFFFAOYSA-N,C#CCCO,homopropargylic alcohol (by-product…,homopropargylic alcohol (by-product),"Asymmetric_1,4-functionalization_of_1,3-enynes_via_dual_photoredox_and_chromium_catalysis",6.3e-05
NAMED__nbu4obz,,NBu 4 OBz,NBu 4 OBz,Catalytic_intramolecular_aminoarylation_of_unactivated_alkenes_with_aryl_sulfonamides,6.3e-05
NAMED__11phcf3tbuoh,,1 : 1 PhCF 3 / t BuOH,1 : 1 PhCF 3 / t BuOH,Catalytic_intramolecular_aminoarylation_of_unactivated_alkenes_with_aryl_sulfonamides,6.3e-05
NAMED__kobz,,KOBz,KOBz,Catalytic_intramolecular_aminoarylation_of_unactivated_alkenes_with_aryl_sulfonamides,6.3e-05
KYVBNYUBXIEUFW-UHFFFAOYSA-N,CN(C)C(=N)N(C)C,TMG,TMG,jo2c02952,6.3e-05
NAMED__net3,,NEt 3,NEt 3,jo2c02952,6.3e-05
NAMED__pomec6h4co2na,,p -OMeC 6 H 4 CO 2 Na,p -OMeC 6 H 4 CO 2 Na,Catalytic_intramolecular_aminoarylation_of_unactivated_alkenes_with_aryl_sulfonamides,6.3e-05
NAMED__pomec6h4co,,p -OMeC 6 H 4 CO,p -OMeC 6 H 4 CO,Catalytic_intramolecular_aminoarylation_of_unactivated_alkenes_with_aryl_sulfonamides,6.3e-05
NAMED__ch3oh,,CH 3 OH,CH 3 OH,Switching_mesoionic_carbene-organocatalysis_from_radical_to_ionic_pathway_through_base-controlled_formation_of_Breslow_i,6.3e-05
NAMED__rubpy3,,Ru(bpy) 3,Ru(bpy) 3,Duhail et al. - 2021 - Radical α-Trifluoromethoxylation of Ketones under Batch and Flow Conditions by Means of Organic Phot,6.3e-05
NAMED__mesacr,,Mes-Acr +,Mes-Acr +,Duhail et al. - 2021 - Radical α-Trifluoromethoxylation of Ketones under Batch and Flow Conditions by Means of Organic Phot,6.3e-05
IUMUSFOJHFCAER-UHFFFAOYSA-N,c1ccc2c(c1)c3c4ccccc4c5c6ccccc6c2n3n5,ITN-1,ITN-1,Tunable_CH_functionalization_and_dearomatization_enabled_by_an_organic_photocatalyst,6.3e-05
NAMED__nopc,,No PC,No PC,d1ra07314a,6.3e-05
Cn1cc[nH]c1-Ar,Cn1cc[nH]c1-Ar,"NHC (general N, as in global condit…","NHC (general N, as in global conditions)",Suzuki-type_cross-coupling_of_alkyl_trifluoroborates_with_acid_fluoride_enabled_by_NHCphotoredox_dual_catalysis,6.3e-05
XPDWGBQVDMORPB-UHFFFAOYSA-N,C(F)(F)F,[Ir(dF(CF3)ppy)2(dtbbpy)]PF6,[Ir(dF(CF3)ppy)2(dtbbpy)]PF6,ol4c02700,6.3e-05
NAMED__auiiidichloro2picolinatogoldiii,,Au(III) (dichloro(2-picolinato)gold…,Au(III) (dichloro(2-picolinato)gold(III)),Atom-economic_generation_of_gold_carbenes_gold-catalyzed_formal_32_cycloaddition_between_ynamides_and_isoxazoles,6.3e-05
NAMED__0003306103,,"0.003, 3.06 × 10 - 3","0.003, 3.06 × 10 - 3","NonoxidovanadiumIV_Complex-Catalyzed_Synthesis_of_2-Amino-3-cyano-4iHi-pyrans4iHi-chromenes,_Biscoumarins,_and_Xanthenes",6.3e-05
NAMED__mesacrbf4,,Mes-Acr+ BF4-,Mes-Acr+ BF4-,au4c00902,6.3e-05
NAMED__246triphenylpyryliumbf4,,"2,4,6-Triphenylpyrylium BF4-","2,4,6-Triphenylpyrylium BF4-",au4c00902,6.3e-05
JNELGWHKGNBSMD-UHFFFAOYSA-N,C1=CC=C2C(=C1)C(=O)C3=CC=CC=C3O2,Xanthone,Xanthone,catalysts-13-01007-v2,6.3e-05
BPPSPXOWNGOEGL-UHFFFAOYSA-N,C1CN=C(N1)C2=CC=CC=N2,C8H9N3,L1,Nickel-catalyzed_allylic_defluorinative_alkylation_of_trifluoromethyl_alkenes_with_reductive_decarboxylation_of_redox-ac,6.3e-05
AQIHMSVIAGNIDM-UHFFFAOYSA-N,O=C(Br)c1ccccc1,C7H5BrO,2c,Banjare et al. - 2025 - Radical C─H‐Aroylation of Allenes via Cooperative Photoredox and N ‐Heterocyclic Carbene Cata,6.3e-05
YWWDBCBWQNCYNR-UHFFFAOYSA-N,CP(C)C,PMe3,PMe3,PhosphinePhotoredox_Catalyzed_Anti-Markovnikov_Hydroamination_of_Olefins_with_Primary_Sulfonamides_via_-Scission_from_Ph,6.3e-05
NAMED__copperiitriflatecuotf2,,Copper(II) triflate (Cu(OTf)2),Copper(II) triflate (Cu(OTf)2),Zheng et al. - 2018 - Catalytic C−H Trifluoromethoxylation of Arenes and Heteroarenes,6.3e-05
NAMED__tbucn,,t -BuCN,t -BuCN,Baussière and Haugland - 2023 - Radical Group Transfer of Vinyl and Alkynyl Silanes Driven by Photoredox Catalysis,6.3e-05
NAMED__thfh2o991,,THF/H 2 O 99:1,THF/H 2 O 99:1,Baussière and Haugland - 2023 - Radical Group Transfer of Vinyl and Alkynyl Silanes Driven by Photoredox Catalysis,6.3e-05
NAMED__auiiic,,Au(III) c,Au(III) c,Atom-economic_generation_of_gold_carbenes_gold-catalyzed_formal_32_cycloaddition_between_ynamides_and_isoxazoles,6.3e-05
NAMED__ensinb,,Ensin B,Ensin B,Direct_CH_difluoromethylation_of_heterocycles_via_organic_photoredox_catalysis,6.3e-05
NAMED__solventfree,,Solvent free,Solvent free,Caffeine_as_a_naturally_green_and_biodegradable_catalyst_promoted_convenient_and_expedient_synthetic_route_for_the_synth,6.3e-05
NAMED__brettphosauntf2,,BrettPhosAuNTf 2,BrettPhosAuNTf 2,Atom-economic_generation_of_gold_carbenes_gold-catalyzed_formal_32_cycloaddition_between_ynamides_and_isoxazoles,6.3e-05
NAMED__dmf,,DMF,DMF,Direct_CH_difluoromethylation_of_heterocycles_via_organic_photoredox_catalysis,6.3e-05
NAMED__14dioxane,,"1,4-dioxane","1,4-dioxane",Direct_CH_difluoromethylation_of_heterocycles_via_organic_photoredox_catalysis,6.3e-05
NAMED__dmsoacn,,DMSO/ACN,DMSO/ACN,Boselli et al. - 2023 - Enantioselective Catalytic Addition of N‐Acyl Radicals In Batch and In Flow Organophotoredox α‐Amin,6.3e-05
[Ru](n1cccn1n1cccn1)n1cccn1.Cl.Cl,[Ru](n1cccn1n1cccn1)n1cccn1.Cl.Cl,[Ru(bpy)3]Cl2,[Ru(bpy)3]Cl2,Boselli et al. - 2025 - Visible‐Light Photoredox Catalytic Direct N ‐(Het)Arylation of Lactams,6.3e-05
NAMED__4czipn,,4-CzIPN,4-CzIPN,Boselli et al. - 2025 - Visible‐Light Photoredox Catalytic Direct N ‐(Het)Arylation of Lactams,6.3e-05
NAMED__etoac,,EtOAc,EtOAc,Direct_CH_difluoromethylation_of_heterocycles_via_organic_photoredox_catalysis,6.3e-05
NAMED__cyjohnphosauntf2,,Cy-JohnPhosAuNTf 2,Cy-JohnPhosAuNTf 2,Atom-economic_generation_of_gold_carbenes_gold-catalyzed_formal_32_cycloaddition_between_ynamides_and_isoxazoles,6.3e-05
XJHCXCQVJFPJIK-UHFFFAOYSA-M,[F-].[Cs+],CsF,CsF,shi-et-al-2020-photoinduced-transition-metal-free-alkynylation-of-alkyl-pinacol-boronates,6.2e-05
NAMED__50molof2picolinicacid,,50 mol% of 2-picolinic acid,50 mol% of 2-picolinic acid,"Das et al. - 2018 - Copper catalyzed photoredox synthesis of α-keto esters, quinoxaline, and naphthoquinone controlled",6.2e-05
ICSNLGPSRYBMBD-UHFFFAOYSA-N,C1=CC=NC(=C1)N,2-Aminopyridine,2-Aminopyridine,"Das et al. - 2018 - Copper catalyzed photoredox synthesis of α-keto esters, quinoxaline, and naphthoquinone controlled",6.2e-05
NAMED__10molof2picolinicacid,,10 mol% of 2-picolinic acid,10 mol% of 2-picolinic acid,"Das et al. - 2018 - Copper catalyzed photoredox synthesis of α-keto esters, quinoxaline, and naphthoquinone controlled",6.2e-05
NAMED__20equivof2picolinicacid,,2.0 equiv. of 2-picolinic acid,2.0 equiv. of 2-picolinic acid,"Das et al. - 2018 - Copper catalyzed photoredox synthesis of α-keto esters, quinoxaline, and naphthoquinone controlled",6.2e-05
KJTLSVCANCCWHF-UHFFFAOYSA-N,[Ru],cat-III (Ru(bpy)3(PF6)2),cat-III (Ru(bpy)3(PF6)2),A_general_deoxygenation_approach_for_synthesis_of_ketones_from_aromatic_carboxylic_acids_and_alkenes,6.2e-05
NAMED__5molof2picolinicacid,,5 mol% of 2-picolinic acid,5 mol% of 2-picolinic acid,"Das et al. - 2018 - Copper catalyzed photoredox synthesis of α-keto esters, quinoxaline, and naphthoquinone controlled",6.2e-05
NAMED__nah2po4,,NaH2PO4,NaH2PO4,Angiolini_ChemCatChem_10.1002_cctc.202500240,6.2e-05
NAMED__othercoppersalts,,Other copper salts,Other copper salts,"Das et al. - 2018 - Copper catalyzed photoredox synthesis of α-keto esters, quinoxaline, and naphthoquinone controlled",6.2e-05
NAMED__tea,,TEA,TEA,ol3c04246,6.2e-05
OKIZCWYLBDKLSU-UHFFFAOYSA-M,C[N+](C)(C)C.[Cl-],Me4NCl,Me4NCl,Cooperative_photoredox_and_N-heterocyclic_carbene-catalyzed_formal_CH_acylation_of_cyclopropanes_iviai_a_deconstructionr,6.2e-05
IYRGXJIJGHOCFS-UHFFFAOYSA-N,CC1=NC2=C(C=C1)C=CC3=C2N=C(C=C3)C,"neocuproine (2,9-dimethyl-1,10-phen…","neocuproine (2,9-dimethyl-1,10-phenanthroline)",Bárbara et al. - 2025 - Protecting group-free photocatalyzed O-arylation of quinic acid,6.2e-05
NAMED__acrmesclo4,,[Acr-Mes]ClO4,[Acr-Mes]ClO4,Banjare et al. - 2025 - Radical C─H‐Aroylation of Allenes via Cooperative Photoredox and N ‐Heterocyclic Carbene Cata,6.2e-05
NAMED__nndimethylformamidedmfdimethylsulfoxidedmsotoluenehexane,,"N,N-dimethylformamide (DMF), dimeth…","N,N-dimethylformamide (DMF), dimethyl sulfoxide (DMSO), toluene, hexane",Banjare et al. - 2025 - Radical C─H‐Aroylation of Allenes via Cooperative Photoredox and N ‐Heterocyclic Carbene Cata,6.2e-05
NAMED__rubpy3bf42,,Ru(bpy)3(BF4)2,Ru(bpy)3(BF4)2,Banjare et al. - 2025 - Radical C─H‐Aroylation of Allenes via Cooperative Photoredox and N ‐Heterocyclic Carbene Cata,6.2e-05
PYLWMHQQBFSUBP-UHFFFAOYSA-N,C1=CC=C(C=C1)F,fluorobenzene,fluorobenzene,Diastereoselective_and_enantioselective_photoredox_pinacol_coupling_promoted_by_titanium_complexes_with_a_red-absorbing_,6.2e-05
Ir(c1ccccc1)(c1ccccc1)(c1ccccc1),Ir(c1ccccc1)(c1ccccc1)(c1ccccc1),fac-(ppy)3Ir,fac-(ppy)3Ir,Boselli et al. - 2023 - Enantioselective Catalytic Addition of N‐Acyl Radicals In Batch and In Flow Organophotoredox α‐Amin,6.2e-05
NAMED__pdcl2,,PdCl 2,PdCl 2,molecules-27-01980-v2,6.2e-05
NAMED__pdtfa2,,Pd(TFA) 2,Pd(TFA) 2,molecules-27-01980-v2,6.2e-05
NAMED__phnso2cf32,,PhN(SO 2 CF 3 ) 2,PhN(SO 2 CF 3 ) 2,jo3c00895,6.2e-05
NAMED__nocucatalystexplicitlyomittedforthisentry,,No Cu catalyst (explicitly omitted …,No Cu catalyst (explicitly omitted for this entry),Catalytic_asymmetric_radical_aminoperfluoroalkylation_and_aminodifluoromethylation_of_alkenes_to_versatile_enantioenrich,6.2e-05
NAMED__na2hpo4,,Na 2 HPO 4,Na 2 HPO 4,Catalytic_N-radical_cascade_reaction_of_hydrazones_by_oxidative_deprotonation_electron_transfer_and_TEMPO_mediation,6.2e-05
[Ir](dF(CF3)ppy)2(dtbpy)PF6,[Ir](dF(CF3)ppy)2(dtbpy)PF6,[Ir(dF(CF3)ppy)2(dtbpy)]PF6,[Ir(dF(CF3)ppy)2(dtbpy)]PF6,"Asymmetric_1,4-functionalization_of_1,3-enynes_via_dual_photoredox_and_chromium_catalysis",6.2e-05
C1NC(OC)C(=O)C2=CC=CC=C2,C1NC(OC)C(=O)C2=CC=CC=C2,C1NC(OC)C(=O)C2=CC=CC=C2,L7,"Asymmetric_1,4-functionalization_of_1,3-enynes_via_dual_photoredox_and_chromium_catalysis",6.2e-05
NAMED__k2s2o8,,K 2 S 2 O 8,K 2 S 2 O 8,Catalytic_N-radical_cascade_reaction_of_hydrazones_by_oxidative_deprotonation_electron_transfer_and_TEMPO_mediation,6.2e-05
NAMED__nhexane,,n -hexane,n -hexane,Catalytic_asymmetric_radical_aminoperfluoroalkylation_and_aminodifluoromethylation_of_alkenes_to_versatile_enantioenrich,6.2e-05
NAMED__iproac,,i- PrOAc,i- PrOAc,Catalytic_asymmetric_radical_aminoperfluoroalkylation_and_aminodifluoromethylation_of_alkenes_to_versatile_enantioenrich,6.2e-05
QNWOFLWXQGHSRH-UHFFFAOYSA-N,C[SiH](O[Si](C)(C)C)O[Si](C)(C)C,PMHS (poly(methylhydrosiloxane)),PMHS (poly(methylhydrosiloxane)),Arylcarboxylation_of_unactivated_alkenes_with_CO2_via_visible-light_photoredox_catalysis,6.2e-05
CC(C)c1cccc(C(C)C)c1-n1c[n+]2c(s1)CCCCCCC2.[ClO4-],CC(C)c1cccc(C(C)C)c1-n1c[n+]2c(s1)CCCCCCC2.[ClO4-],NHC-7,NHC-7,"Visible_light-mediated_organocatalyzed_1,3-aminoacylation_of_cyclopropane_employing_N-benzoyl_saccharin_as_bifunctional_",6.2e-05
NNPPMTNAJDCUHE-UHFFFAOYSA-N,CC(C)C,C4H10,2a,1-s2.0-S2666554920300478-main,6.2e-05
NAMED__0proh,,0 PrOH,0 PrOH,Switching_mesoionic_carbene-organocatalysis_from_radical_to_ionic_pathway_through_base-controlled_formation_of_Breslow_i,6.2e-05
CC1=CC(C)=C(C2=CC(=[N+](C3=CC=CC=C3)C4=C(C=C(C=C4)C(C)(C)C)C2)C2=C(C)C=C(C)C=C2C)C(C)=C1.[BF4-],CC1=CC(C)=C(C2=CC(=[N+](C3=CC=CC=C3)C4=C(C=C(C=C4)C(C)(C)C)C2)C2=C(C)C=C(C)C=C2C)C(C)=C1.[BF4-],CC1=CC(C)=C(C2=CC(=[N+](C3=CC=CC=C3…,PC-3,Goto and Ohmiya - 2025 - Distal C–H functionalization of alkoxyarenes through organic photoredox-catalyzed radical–radical co,6.2e-05
NAMED__ch3cnh2o11,,CH 3 CN/H 2 O (1 : 1),CH 3 CN/H 2 O (1 : 1),Dutta et al. - 2021 - Visible light-promoted synthesis of pyrrolidinone derivatives via Rose Bengal as a photoredox,6.2e-05
NAMED__ch3cnh2o21,,CH 3 CN/H 2 O (2 : 1),CH 3 CN/H 2 O (2 : 1),Dutta et al. - 2021 - Visible light-promoted synthesis of pyrrolidinone derivatives via Rose Bengal as a photoredox,6.2e-05
NAMED__ch3cnh2o31,,CH 3 CN/H 2 O (3 : 1),CH 3 CN/H 2 O (3 : 1),Dutta et al. - 2021 - Visible light-promoted synthesis of pyrrolidinone derivatives via Rose Bengal as a photoredox,6.2e-05
NAMED__ch3cnh2o91,,CH 3 CN/H 2 O (9 : 1),CH 3 CN/H 2 O (9 : 1),Dutta et al. - 2021 - Visible light-promoted synthesis of pyrrolidinone derivatives via Rose Bengal as a photoredox,6.2e-05
LKNKAEWGISYACD-UHFFFAOYSA-N,C=CC=CBr,C4H5Br,1i,1-s2.0-S2666554920300478-main,6.2e-05
NAMED__acetonitriledichloromethane11,,acetonitrile/dichloromethane (1:1),acetonitrile/dichloromethane (1:1),Electrochemical_deoxygenative_trifluoromethylallenylation_of_propargylic_alcohols_iviai_sodium-mediated_pre-association,6.2e-05
NAMED__acetonitriledichloromethane41,,acetonitrile/dichloromethane (4:1),acetonitrile/dichloromethane (4:1),Electrochemical_deoxygenative_trifluoromethylallenylation_of_propargylic_alcohols_iviai_sodium-mediated_pre-association,6.2e-05
NAMED__cs2co3c,,Cs 2 CO 3 c,Cs 2 CO 3 c,Nickel-catalyzed_cyclization_of_alkyne-nitriles_with_organoboronic_acids_involving_anti-carbometalation_of_alkynes,6.2e-05
LXBGSDVWAMZHDD-UHFFFAOYSA-N,CC1=NC=CN1,C4H6N2,Az-2,Goto and Ohmiya - 2025 - Distal C–H functionalization of alkoxyarenes through organic photoredox-catalyzed radical–radical co,6.2e-05
NAMED__cuiidmp2clcl,,[Cu II (dmp)2Cl]Cl,[Cu II (dmp)2Cl]Cl,cs2c04736,6.2e-05
c1ccc(-c2ccc(F)cc2)n2ccccc12,c1ccc(-c2ccc(F)cc2)n2ccccc12,Photocatalyst PC5 (as listed in sch…,Photocatalyst PC5 (as listed in scheme),Suzuki-type_cross-coupling_of_alkyl_trifluoroborates_with_acid_fluoride_enabled_by_NHCphotoredox_dual_catalysis,6.2e-05
NAMED__irdfcf3ppy2phenpf6,,Ir[dF(CF3)ppy]2(Phen)PF6,Ir[dF(CF3)ppy]2(Phen)PF6,Suzuki-type_cross-coupling_of_alkyl_trifluoroborates_with_acid_fluoride_enabled_by_NHCphotoredox_dual_catalysis,6.2e-05
NAMED__4clph2so,,(4-ClPh)2SO,(4-ClPh)2SO,Yin et al. - 2020 - Photoredox Catalytic Trifluoromethylation and Perfluoroalkylation of Arenes Using Trifluoroacetic an,6.2e-05
NAMED__niacac2,,Ni(acac) 2,Ni(acac) 2,Nickel-catalyzed_cyclization_of_alkyne-nitriles_with_organoboronic_acids_involving_anti-carbometalation_of_alkynes,6.2e-05
NAMED__et3sih,,Et 3 SiH,Et 3 SiH,Palladium-catalyzed_thiocarbonylation_of_alkenes_toward_branched_thioesters_using_COsub2sub,6.2e-05
NAMED__cuidmp2cl,,[Cu I (dmp)2]Cl,[Cu I (dmp)2]Cl,cs2c04736,6.2e-05
CuOAc,CuOAc,CuOAc,CuOAc,Selective_single_CF_bond_arylation_of_trifluoromethylalkene_derivatives,6.2e-05
NAMED__pc6f53,,P(C 6 F 5 ) 3,P(C 6 F 5 ) 3,Selective_single_CF_bond_arylation_of_trifluoromethylalkene_derivatives,6.2e-05
NAMED__neat,,Neat,Neat,Dutta et al. - 2021 - Visible light-promoted synthesis of pyrrolidinone derivatives via Rose Bengal as a photoredox,6.2e-05
ZQMSILJVEUJAEX-UHFFFAOYSA-N,C=[IH],Thioxanthone,Thioxanthone,Dutta et al. - 2021 - Visible light-promoted synthesis of pyrrolidinone derivatives via Rose Bengal as a photoredox,6.2e-05
XNWFRZJHXBZDAG-UHFFFAOYSA-N,COCCO,"DME (1,2-dimethoxyethane) — entry-s…","DME (1,2-dimethoxyethane) — entry-specific (footnote b)",d3sc04645a,6.2e-05
MPPPKRYCTPRNTB-UHFFFAOYSA-N,CCCCBr,2a (nBuBr substituted per footnote …,2a (nBuBr substituted per footnote d),Switching_mesoionic_carbene-organocatalysis_from_radical_to_ionic_pathway_through_base-controlled_formation_of_Breslow_i,6.2e-05
DBGVGMSCBYYSLD-UHFFFAOYSA-N,CCCC[SnH](CCCC)CCCC,tributyltin hydride (Bu3SnH),tributyltin hydride (Bu3SnH),Visible-light-induced_radical_hydrodifluoromethylation_of_alkenes,6.2e-05
Si(C(C)(C)C)(C(C)(C)C)H,Si(C(C)(C)C)(C(C)(C)C)H,tri(trimethylsilyl)silane ((TMS)3Si…,tri(trimethylsilyl)silane ((TMS)3SiH),Visible-light-induced_radical_hydrodifluoromethylation_of_alkenes,6.2e-05
CTQNGGLPUBDAKN-UHFFFAOYSA-N,CC1=CC=CC=C1C,o-Xylene,o-Xylene,catalysts-13-01007-v2,6.2e-05
NAMED__rrtbusalenticl2,,"(R,R)-(tBu)SalenTiCl2","(R,R)-(tBu)SalenTiCl2",Diastereoselective_and_enantioselective_photoredox_pinacol_coupling_promoted_by_titanium_complexes_with_a_red-absorbing_,6.2e-05
YZCKVEUIGOORGS-UHFFFAOYSA-N,[H],H,Na 2 C 2 O 4,Visible-light-induced_radical_hydrodifluoromethylation_of_alkenes,6.2e-05
NAMED__mes2acrtbu2pf6,,Mes2AcrtBu2PF6,Mes2AcrtBu2PF6,catalysts-13-01007-v2,6.2e-05
Cc1cc(C)cc(C)c1-n1cnc2[C@H]3c4cc(Br)ccc4C[C@H]3OC[n+]12.[BF4-],Cc1cc(C)cc(C)c1-n1cnc2[C@H]3c4cc(Br)ccc4C[C@H]3OC[n+]12.[BF4-],NHC-3,NHC-3,"Visible_light-mediated_organocatalyzed_1,3-aminoacylation_of_cyclopropane_employing_N-benzoyl_saccharin_as_bifunctional_",6.2e-05
NAMED__ch3cook,,CH 3 COOK,CH 3 COOK,Visible-light-induced_radical_hydrodifluoromethylation_of_alkenes,6.2e-05
NAMED__ninpcn,,NiNP/CN,NiNP/CN,Ni_single_atoms_on_carbon_nitride_for_visible-light-promoted_full_heterogeneous_dual_catalysis,6.2e-05
JMANVNJQNLATNU-UHFFFAOYSA-N,C(#N)C#N,carbon nitride,carbon nitride,Ni_single_atoms_on_carbon_nitride_for_visible-light-promoted_full_heterogeneous_dual_catalysis,6.2e-05
NAMED__onetenthofthecatalyst,,one tenth of the catalyst,one tenth of the catalyst,Synthesis_of_a_polyisobutylene-tagged_fac-Irppysub3sub_complex_and_its_application_as_recyclable_visible-light_photocata,6.2e-05
NAMED__kopiv,,KOPiv,KOPiv,Reductive_dearomative_arylcarboxylation_of_indoles_with_CO2_via_visible-light_photoredox_catalysis,6.2e-05
NMCUIPGRVMDVDB-UHFFFAOYSA-L,Cl[Fe]Cl,FeCl2,FeCl2,ol3c04246,6.1e-05
MHAJPDPJQMAIIY-UHFFFAOYSA-N,OO,H2O2,H2O2,ol3c04246,6.1e-05
CC(C)c1cccc(C(C)C)c1n1csc2c1CCCCCC2,CC(C)c1cccc(C(C)C)c1n1csc2c1CCCCCC2,NHC-4,NHC-4,Banjare et al. - 2025 - Radical C─H‐Aroylation of Allenes via Cooperative Photoredox and N ‐Heterocyclic Carbene Cata,6.1e-05
NAMED__demsna2co3,,DEMS/Na 2 CO 3,DEMS/Na 2 CO 3,Nickel-catalyzed_allylic_defluorinative_alkylation_of_trifluoromethyl_alkenes_with_reductive_decarboxylation_of_redox-ac,6.1e-05
NAMED__aldehyde2,,Aldehyde-2,Aldehyde-2,catalysts-13-01007-v2,6.1e-05
NAMED__bpin2k3po4,,(BPin) 2 /K 3 PO 4,(BPin) 2 /K 3 PO 4,Nickel-catalyzed_allylic_defluorinative_alkylation_of_trifluoromethyl_alkenes_with_reductive_decarboxylation_of_redox-ac,6.1e-05
ORTQZVOHEJQUHG-UHFFFAOYSA-L,Cl[Cu]Cl,CuCl2,CuCl2,ol3c04246,6.1e-05
NAMED__rucl3h2o,,RuCl 3 $ H 2 O,RuCl 3 $ H 2 O,iOrthoi_CH_arylation_of_arenes_at_room_temperature_using_visible_light_ruthenium_CH_activation,6.1e-05
NAMED__p4cf3c6h43,,P(4CF3C6H4)3,P(4CF3C6H4)3,Selective_single_CF_bond_arylation_of_trifluoromethylalkene_derivatives,6.1e-05
O2,O2,Air (added via syringe),Air (added via syringe),"Asymmetric_1,4-functionalization_of_1,3-enynes_via_dual_photoredox_and_chromium_catalysis",6.1e-05
NAMED__15equiv,,1.5 equiv,1.5 equiv,"Asymmetric_1,4-functionalization_of_1,3-enynes_via_dual_photoredox_and_chromium_catalysis",6.1e-05
C1N(CO)C(=O)C2=CC=CC=C2,C1N(CO)C(=O)C2=CC=CC=C2,C1N(CO)C(=O)C2=CC=CC=C2,L6,"Asymmetric_1,4-functionalization_of_1,3-enynes_via_dual_photoredox_and_chromium_catalysis",6.1e-05
NAMED__aldehyde4,,Aldehyde-4,Aldehyde-4,catalysts-13-01007-v2,6.1e-05
WMXCDAVJEZZYLT-UHFFFAOYSA-N,CC(C)(C)S,tBuSH (tert‑butylthiol),tBuSH (tert‑butylthiol),Arylcarboxylation_of_unactivated_alkenes_with_CO2_via_visible-light_photoredox_catalysis,6.1e-05
4CzIPN,4CzIPN,"4CzIPN (2,4,5,6-tetra(carbazol-9-yl…","4CzIPN (2,4,5,6-tetra(carbazol-9-yl)isophthalonitrile)",Arylcarboxylation_of_unactivated_alkenes_with_CO2_via_visible-light_photoredox_catalysis,6.1e-05
IJGRMHOSHXDMSA-UHFFFAOYSA-N,N#N,nitrogen,nitrogen,Arylcarboxylation_of_unactivated_alkenes_with_CO2_via_visible-light_photoredox_catalysis,6.1e-05
NAMED__etoacbuffer31,,EtOAc/Buffer (3:1),EtOAc/Buffer (3:1),Angiolini_ChemCatChem_10.1002_cctc.202500240,6.1e-05
NAMED__etoacbuffer21,,EtOAc/Buffer (2:1),EtOAc/Buffer (2:1),Angiolini_ChemCatChem_10.1002_cctc.202500240,6.1e-05
NAMED__etoacbuffer12,,EtOAc/Buffer (1:2),EtOAc/Buffer (1:2),Angiolini_ChemCatChem_10.1002_cctc.202500240,6.1e-05
NAMED__etoacbuffer23,,EtOAc/Buffer (2:3),EtOAc/Buffer (2:3),Angiolini_ChemCatChem_10.1002_cctc.202500240,6.1e-05
NAMED__nondegassedcondition,,non-degassed condition,non-degassed condition,Alandini_Angewandte Chemie International Edition_10.1002_anie.202000224,6.1e-05
NAMED__meo2co,,(MeO) 2 CO,(MeO) 2 CO,Abdiaj - Improving the throughput of batch photochemical reactions using flow Dual photoredox and nickel cat,6.1e-05
NAMED__acn,,ACN,ACN,Abdiaj - Improving the throughput of batch photochemical reactions using flow Dual photoredox and nickel cat,6.1e-05
NAMED__aldehyde3,,Aldehyde-3,Aldehyde-3,catalysts-13-01007-v2,6.1e-05
c1ccccc1I(c2ccccc2).[BF4-],c1ccccc1I(c2ccccc2).[BF4-],Ph2IBF4,Ph2IBF4,Dual_goldphotoredox-catalyzed_CspH_arylation_of_terminal_alkynes_with_diazonium_salts,6.1e-05
NAMED__aldehyde5,,Aldehyde-5,Aldehyde-5,catalysts-13-01007-v2,6.1e-05
NAMED__15mol,,(1.5 mol%),(1.5 mol%),"NHC_and_visible_light-mediated_photoredox_co-catalyzed_1,4-sulfonylacylation_of_1,3-enynes_for_tetrasubstituted_allenyl_",6.1e-05
[NH4+].OC(=O)H,[NH4+].OC(=O)H,HCO2NH4,HCO2NH4,Fan et al. - 2023 - PhotoredoxHAT dual-catalyzed carboxylation of benzyl chlorides with CO2 using thiophenolate and for,6.1e-05
NAMED__phs2,,(PhS)2,(PhS)2,Fan et al. - 2023 - PhotoredoxHAT dual-catalyzed carboxylation of benzyl chlorides with CO2 using thiophenolate and for,6.1e-05
NAMED__nhc2,,NHC-2,NHC-2,Cooperative_photoredox_and_N-heterocyclic_carbene-catalyzed_formal_CH_acylation_of_cyclopropanes_iviai_a_deconstructionr,6.1e-05
NAMED__nhc3,,NHC-3,NHC-3,Cooperative_photoredox_and_N-heterocyclic_carbene-catalyzed_formal_CH_acylation_of_cyclopropanes_iviai_a_deconstructionr,6.1e-05
NAMED__nhc4,,NHC-4,NHC-4,Cooperative_photoredox_and_N-heterocyclic_carbene-catalyzed_formal_CH_acylation_of_cyclopropanes_iviai_a_deconstructionr,6.1e-05
NAMED__pc3,,PC-3,PC-3,Cooperative_photoredox_and_N-heterocyclic_carbene-catalyzed_formal_CH_acylation_of_cyclopropanes_iviai_a_deconstructionr,6.1e-05
NAMED__kf,,KF,KF,ja4c02474,6.1e-05
NAMED__nobase,,no base,no base,Dubois et al. - 2023 - Visible Light Photoredox-Catalyzed Decarboxylative Alkylation of 3-Aryl-Oxetanes and Azetidines via,6.1e-05
NAMED__nophotocatalyst,,no photocatalyst,no photocatalyst,Dubois et al. - 2023 - Visible Light Photoredox-Catalyzed Decarboxylative Alkylation of 3-Aryl-Oxetanes and Azetidines via,6.1e-05
NAMED__cupowderreplacescucl,,Cu powder (replaces CuCl),Cu powder (replaces CuCl),Copper-catalysed_photoinduced_decarboxylative_alkynylation_a_combined_experimental_and_computational_study,6.1e-05
NAMED__coacac2replacescuacac2,,Co(acac)2 (replaces Cu(acac)2),Co(acac)2 (replaces Cu(acac)2),Copper-catalysed_photoinduced_decarboxylative_alkynylation_a_combined_experimental_and_computational_study,6.1e-05
NAMED__dbuasbase,,DBU as base,DBU as base,Dubois et al. - 2023 - Visible Light Photoredox-Catalyzed Decarboxylative Alkylation of 3-Aryl-Oxetanes and Azetidines via,6.1e-05
NAMED__101ch2cl2h2o,,10 : 1 CH 2 Cl 2 /H 2 O,10 : 1 CH 2 Cl 2 /H 2 O,Direct_sulfonylation_of_anilines_mediated_by_visible_light,6.1e-05
NAMED__dme,,DME,DME,iOrthoi_CH_arylation_of_arenes_at_room_temperature_using_visible_light_ruthenium_CH_activation,6.1e-05
NAMED__noneh2o,,None/H 2 O,None/H 2 O,iOrthoi_CH_arylation_of_arenes_at_room_temperature_using_visible_light_ruthenium_CH_activation,6.1e-05
NAMED__rucl2pcymene2dark,,[RuCl 2 ( p -cymene)] 2 dark,[RuCl 2 ( p -cymene)] 2 dark,iOrthoi_CH_arylation_of_arenes_at_room_temperature_using_visible_light_ruthenium_CH_activation,6.1e-05
NAMED__nocatalyst,,No catalyst,No catalyst,iOrthoi_CH_arylation_of_arenes_at_room_temperature_using_visible_light_ruthenium_CH_activation,6.1e-05
NAMED__hatcatalyst,,HAT catalyst,HAT catalyst,jo3c00895,6.1e-05
NAMED__irdfppy2dtbbpypf6,,[Ir(dFppy)2(dtbbpy)]PF6,[Ir(dFppy)2(dtbbpy)]PF6,Carbene_and_photocatalyst-catalyzed_decarboxylative_radical_coupling_of_carboxylic_acids_and_acyl_imidazoles_to_form_ket,6.1e-05
NAMED__cf3ph2,,CF 3 Ph (2),CF 3 Ph (2),"NHC_and_visible_light-mediated_photoredox_co-catalyzed_1,4-sulfonylacylation_of_1,3-enynes_for_tetrasubstituted_allenyl_",6.1e-05
NAMED__ch3cn2,,CH 3 CN (2),CH 3 CN (2),"NHC_and_visible_light-mediated_photoredox_co-catalyzed_1,4-sulfonylacylation_of_1,3-enynes_for_tetrasubstituted_allenyl_",6.1e-05
NAMED__meohmecndcmordmf,,"MeOH, MeCN, DCM, or DMF","MeOH, MeCN, DCM, or DMF",iOrthoi_CH_arylation_of_arenes_at_room_temperature_using_visible_light_ruthenium_CH_activation,6.1e-05
YJVXQQKAUCYQIP-UHFFFAOYSA-N,C1=CC=C2C(=C1)N=C(S2)C3=NC4=CC=CC=C4S3,C14H8N2S2,L1,catalysts-13-01126,6.1e-05
NAMED__additive,,additive,additive,ol3c02389,6e-05
NAMED__15,,15,15,ol3c02389,6e-05
NAMED__1,,1,1,ol3c02389,6e-05
NAMED__thfmecn11,,THF/MeCN (1:1),THF/MeCN (1:1),Bárbara et al. - 2025 - Protecting group-free photocatalyzed O-arylation of quinic acid,6e-05
NAMED__aryliodide,,aryl iodide,aryl iodide,Bárbara et al. - 2025 - Protecting group-free photocatalyzed O-arylation of quinic acid,6e-05
UFXJWFBILHTTET-UHFFFAOYSA-N,[Li+].[B-](F)(F)(F)F,LiBF4,LiBF4,Photoredox-catalyzed_dicarbofunctionalization_of_styrenes_with_amines_and_COsub2sub_a_convenient_access_to_-amino_acids,6e-05
PQXKHYXIUOZZFA-UHFFFAOYSA-M,[Li+].[F-],LiF,LiF,Photoredox-catalyzed_dicarbofunctionalization_of_styrenes_with_amines_and_COsub2sub_a_convenient_access_to_-amino_acids,6e-05
NAMED__rucl2pcymene2withair,,[RuCl 2 ( p -cymene)] 2 with air,[RuCl 2 ( p -cymene)] 2 with air,iOrthoi_CH_arylation_of_arenes_at_room_temperature_using_visible_light_ruthenium_CH_activation,6e-05
NAMED__salox8,,Salox-8,Salox-8,NN_atropisomer_synthesis_iviai_electrolyte-_and_base-free_electrochemical_cobalt-catalysed_CH_annulation,5.9e-05
NAMED__salox10,,Salox-10,Salox-10,NN_atropisomer_synthesis_iviai_electrolyte-_and_base-free_electrochemical_cobalt-catalysed_CH_annulation,5.9e-05
NAMED__salox5,,Salox-5,Salox-5,NN_atropisomer_synthesis_iviai_electrolyte-_and_base-free_electrochemical_cobalt-catalysed_CH_annulation,5.9e-05
NAMED__salox7,,Salox-7,Salox-7,NN_atropisomer_synthesis_iviai_electrolyte-_and_base-free_electrochemical_cobalt-catalysed_CH_annulation,5.9e-05
NAMED__salox6,,Salox-6,Salox-6,NN_atropisomer_synthesis_iviai_electrolyte-_and_base-free_electrochemical_cobalt-catalysed_CH_annulation,5.9e-05
NAMED__salox4,,Salox-4,Salox-4,NN_atropisomer_synthesis_iviai_electrolyte-_and_base-free_electrochemical_cobalt-catalysed_CH_annulation,5.9e-05
NAMED__salox3,,Salox-3,Salox-3,NN_atropisomer_synthesis_iviai_electrolyte-_and_base-free_electrochemical_cobalt-catalysed_CH_annulation,5.9e-05
NAMED__salox2,,Salox-2,Salox-2,NN_atropisomer_synthesis_iviai_electrolyte-_and_base-free_electrochemical_cobalt-catalysed_CH_annulation,5.9e-05
NAMED__salox1,,Salox-1,Salox-1,NN_atropisomer_synthesis_iviai_electrolyte-_and_base-free_electrochemical_cobalt-catalysed_CH_annulation,5.9e-05
NAMED__salox9,,Salox-9,Salox-9,NN_atropisomer_synthesis_iviai_electrolyte-_and_base-free_electrochemical_cobalt-catalysed_CH_annulation,5.9e-05
